account_id,name,account_type,bank,opened_days_ago,kyc_level,owner_entity
ACC00001,Zeenat Sidhu,PERSONAL,BANK_A,713,MEDIUM,ENT00002
ACC00002,Zeenat Sidhu,PERSONAL,BANK_A,524,HIGH,ENT00002
ACC00003,Anna Desai,PERSONAL,BANK_A,964,LOW,ENT00001
ACC00004,Anna Desai,PERSONAL,BANK_A,1744,MEDIUM,ENT00001
ACC00005,Bhavana Chatterjee,PERSONAL,BANK_B,118,MEDIUM,ENT00004
ACC00006,Shreya Kapoor,PERSONAL,BANK_B,120,HIGH,ENT00003
ACC00007,Bhavana Chatterjee,PERSONAL,BANK_B,24,LOW,ENT00004
ACC00008,Balaji Chauhan,PERSONAL,BANK_B,50,LOW,ENT00005
ACC00009,Shreya Kapoor,PERSONAL,BANK_B,25,MEDIUM,ENT00003
ACC00010,Agarwal Logistics,BUSINESS,BANK_A,66,MEDIUM,ENT00007
ACC00011,Padma Malik,PERSONAL,BANK_B,37,MEDIUM,ENT00006
ACC00012,Anna Agarwal,PERSONAL,BANK_A,57,LOW,ENT00007
ACC00013,Saxena Pharma,BUSINESS,BANK_B,73,MEDIUM,ENT00008
ACC00014,Padma Malik,PERSONAL,BANK_A,117,HIGH,ENT00006
ACC00015,Jyoti Saxena,PERSONAL,BANK_B,113,MEDIUM,ENT00008
ACC00016,Priya Dhillon,PERSONAL,BANK_B,334,MEDIUM,ENT00010
ACC00017,Lakshmi Chauhan,PERSONAL,BANK_B,1122,MEDIUM,ENT00009
ACC00018,Anil Kapoor,PERSONAL,BANK_B,126,LOW,ENT00011
ACC00019,Priya Dhillon,PERSONAL,BANK_B,933,MEDIUM,ENT00010
ACC00020,Lakshmi Chauhan,PERSONAL,BANK_B,1918,LOW,ENT00009
ACC00021,Lakshmi Kaur,PERSONAL,BANK_B,1584,MEDIUM,ENT00012
ACC00022,Anil Kapoor,PERSONAL,BANK_B,411,MEDIUM,ENT00011
ACC00023,Lakshmi Kaur,PERSONAL,BANK_B,148,MEDIUM,ENT00012
ACC00024,Neha Brar,PERSONAL,BANK_A,54,LOW,ENT00013
ACC00025,Anna Malik,PERSONAL,BANK_B,17,MEDIUM,ENT00014
ACC00026,Gaurav Ahmed,PERSONAL,BANK_A,39,MEDIUM,ENT00019
ACC00027,Srinivas Gupta,PERSONAL,BANK_A,46,MEDIUM,ENT00018
ACC00028,Naveen Thomas,PERSONAL,BANK_A,60,MEDIUM,ENT00017
ACC00029,Srinivas Gupta,PERSONAL,BANK_B,16,MEDIUM,ENT00018
ACC00030,Manoj Pillai & Sons,PERSONAL,BANK_A,39,HIGH,ENT00015
ACC00031,Manoj Pillai & Sons,PERSONAL,BANK_A,22,LOW,ENT00015
ACC00032,Zubair Ahmed,PERSONAL,BANK_A,59,MEDIUM,ENT00016
ACC00033,Naveen Thomas,PERSONAL,BANK_B,8,LOW,ENT00017
ACC00034,Anna Malik,PERSONAL,BANK_A,8,MEDIUM,ENT00014
ACC00035,Neha Brar,PERSONAL,BANK_B,17,MEDIUM,ENT00013
ACC00036,Zubair Ahmed,PERSONAL,BANK_A,22,MEDIUM,ENT00016
ACC00037,Ahmed Retail,BUSINESS,BANK_B,34,MEDIUM,ENT00019
ACC00038,Meena Bose,PERSONAL,BANK_A,73,MEDIUM,ENT00021
ACC00039,Harpreet Iyengar,PERSONAL,BANK_A,45,MEDIUM,ENT00027
ACC00040,Harpreet Naidu,PERSONAL,BANK_A,22,MEDIUM,ENT00023
ACC00041,Arun Gill,PERSONAL,BANK_B,41,HIGH,ENT00028
ACC00042,Balaji Malhotra,PERSONAL,BANK_A,20,MEDIUM,ENT00020
ACC00043,Lakshmi Reddy,PERSONAL,BANK_B,14,MEDIUM,ENT00022
ACC00044,Meena Bose,PERSONAL,BANK_A,27,MEDIUM,ENT00021
ACC00045,Anna Iyer,PERSONAL,BANK_A,21,MEDIUM,ENT00030
ACC00046,Naveen Agarwal,PERSONAL,BANK_B,34,MEDIUM,ENT00024
ACC00047,Anna Iyer,PERSONAL,BANK_A,58,MEDIUM,ENT00030
ACC00048,Karthik Mukherjee,PERSONAL,BANK_A,11,LOW,ENT00026
ACC00049,Naveen Agarwal,PERSONAL,BANK_A,14,MEDIUM,ENT00024
ACC00050,Sandeep Singh,PERSONAL,BANK_A,60,MEDIUM,ENT00029
ACC00051,Rohit Varghese,PERSONAL,BANK_A,59,MEDIUM,ENT00025
ACC00052,Divya Bose,PERSONAL,BANK_B,38,MEDIUM,ENT00031
ACC00053,Lakshmi Reddy,PERSONAL,BANK_B,29,MEDIUM,ENT00022
ACC00054,Rohit Varghese,PERSONAL,BANK_A,28,MEDIUM,ENT00025
ACC00055,Sandeep Singh,PERSONAL,BANK_B,54,HIGH,ENT00029
ACC00056,Harpreet Iyengar,PERSONAL,BANK_A,9,MEDIUM,ENT00027
ACC00057,Harpreet Naidu,PERSONAL,BANK_B,27,MEDIUM,ENT00023
ACC00058,Anil Bhatt,PERSONAL,BANK_B,24,HIGH,ENT00033
ACC00059,Divya Bose,PERSONAL,BANK_B,29,LOW,ENT00031
ACC00060,Arun Gill,PERSONAL,BANK_A,53,MEDIUM,ENT00028
ACC00061,Balaji Malhotra,PERSONAL,BANK_A,6,MEDIUM,ENT00020
ACC00062,Karthik Mukherjee,PERSONAL,BANK_A,44,HIGH,ENT00026
ACC00063,Naveen Nair,PERSONAL,BANK_B,28,MEDIUM,ENT00032
ACC00064,Nair Overseas,BUSINESS,BANK_B,50,MEDIUM,ENT00032
ACC00065,Kalpana Ghosh,PERSONAL,BANK_A,16,MEDIUM,ENT00037
ACC00066,Harpreet Agarwal,PERSONAL,BANK_B,15,MEDIUM,ENT00036
ACC00067,Prakash Patel,PERSONAL,BANK_B,51,MEDIUM,ENT00043
ACC00068,Sunil Mukherjee,PERSONAL,BANK_A,23,MEDIUM,ENT00035
ACC00069,Neha Desai,PERSONAL,BANK_B,55,MEDIUM,ENT00045
ACC00070,Nithya Shah,PERSONAL,BANK_B,58,MEDIUM,ENT00049
ACC00071,Sneha Ahmed,PERSONAL,BANK_B,56,MEDIUM,ENT00040
ACC00072,Zubair Naidu,PERSONAL,BANK_A,8,MEDIUM,ENT00052
ACC00073,Harpreet Agarwal,PERSONAL,BANK_A,51,MEDIUM,ENT00036
ACC00074,Mary Bose,PERSONAL,BANK_A,58,MEDIUM,ENT00034
ACC00075,Sowmya Sidhu,PERSONAL,BANK_A,46,MEDIUM,ENT00039
ACC00076,Manoj Patel,PERSONAL,BANK_A,48,LOW,ENT00038
ACC00077,Anita Tiwari,PERSONAL,BANK_B,50,HIGH,ENT00054
ACC00078,Sowmya Sidhu,PERSONAL,BANK_A,54,LOW,ENT00039
ACC00079,Sunil Mukherjee,PERSONAL,BANK_B,13,MEDIUM,ENT00035
ACC00080,Vasantha Reddy,PERSONAL,BANK_A,26,MEDIUM,ENT00053
ACC00081,Nithya Shah,PERSONAL,BANK_B,5,HIGH,ENT00049
ACC00082,Vasantha Reddy,PERSONAL,BANK_A,32,HIGH,ENT00053
ACC00083,Swati Agarwal,PERSONAL,BANK_B,55,MEDIUM,ENT00048
ACC00084,Padma Kumar,PERSONAL,BANK_B,58,LOW,ENT00051
ACC00085,Swati Agarwal,PERSONAL,BANK_A,47,MEDIUM,ENT00048
ACC00086,Nisha Das,PERSONAL,BANK_A,11,MEDIUM,ENT00042
ACC00087,Irfan Gill,PERSONAL,BANK_A,41,MEDIUM,ENT00047
ACC00088,Ashok Dubey,PERSONAL,BANK_B,54,HIGH,ENT00050
ACC00089,Dinesh Malhotra,PERSONAL,BANK_A,17,MEDIUM,ENT00041
ACC00090,Neha Desai,PERSONAL,BANK_B,33,MEDIUM,ENT00045
ACC00091,Irfan Gill,PERSONAL,BANK_A,30,MEDIUM,ENT00047
ACC00092,Mary Bose,PERSONAL,BANK_A,50,LOW,ENT00034
ACC00093,Arun Reddy,PERSONAL,BANK_A,58,HIGH,ENT00046
ACC00094,Padma Yadav,PERSONAL,BANK_B,18,HIGH,ENT00044
ACC00095,Anita Tiwari,PERSONAL,BANK_A,59,MEDIUM,ENT00054
ACC00096,Ashok Dubey,PERSONAL,BANK_B,18,MEDIUM,ENT00050
ACC00097,Padma Kumar,PERSONAL,BANK_A,18,HIGH,ENT00051
ACC00098,Arun Reddy,PERSONAL,BANK_A,52,MEDIUM,ENT00046
ACC00099,Nisha Das,PERSONAL,BANK_A,48,MEDIUM,ENT00042
ACC00100,Prakash Patel,PERSONAL,BANK_A,21,MEDIUM,ENT00043
ACC00101,Manoj Patel,PERSONAL,BANK_A,56,MEDIUM,ENT00038
ACC00102,Zubair Naidu,PERSONAL,BANK_B,50,MEDIUM,ENT00052
ACC00103,Padma Yadav,PERSONAL,BANK_A,47,MEDIUM,ENT00044
ACC00104,Sneha Ahmed,PERSONAL,BANK_A,32,LOW,ENT00040
ACC00105,Kalpana Ghosh,PERSONAL,BANK_A,43,MEDIUM,ENT00037
ACC00106,Malhotra Fashions,BUSINESS,BANK_B,22,MEDIUM,ENT00041
ACC00107,Ajay Mehta,PERSONAL,BANK_A,68,MEDIUM,ENT00056
ACC00108,Sunita Jain,PERSONAL,BANK_B,22,LOW,ENT00055
ACC00109,Padma Malhotra,PERSONAL,BANK_B,38,MEDIUM,ENT00057
ACC00110,Sunita Jain,PERSONAL,BANK_B,71,LOW,ENT00055
ACC00111,Ajay Mehta,PERSONAL,BANK_A,44,MEDIUM,ENT00056
ACC00112,Anita Sandhu,PERSONAL,BANK_B,42,LOW,ENT00060
ACC00113,Suresh Kaur,PERSONAL,BANK_A,21,MEDIUM,ENT00059
ACC00114,Suresh Kaur,PERSONAL,BANK_B,46,MEDIUM,ENT00059
ACC00115,Rekha Kapoor,PERSONAL,BANK_B,82,MEDIUM,ENT00058
ACC00116,Rekha Kapoor,PERSONAL,BANK_B,78,MEDIUM,ENT00058
ACC00117,Anita Sandhu,PERSONAL,BANK_B,59,MEDIUM,ENT00060
ACC00118,Gopal Kapoor,PERSONAL,BANK_A,54,MEDIUM,ENT00063
ACC00119,Sandeep Desai,PERSONAL,BANK_B,48,MEDIUM,ENT00061
ACC00120,Kiran Tiwari,PERSONAL,BANK_B,27,MEDIUM,ENT00062
ACC00121,Kiran Tiwari,PERSONAL,BANK_B,70,HIGH,ENT00062
ACC00122,Swati Sengupta,PERSONAL,BANK_A,44,LOW,ENT00064
ACC00123,Swati Sengupta,PERSONAL,BANK_A,71,LOW,ENT00064
ACC00124,Sandeep Desai,PERSONAL,BANK_B,64,HIGH,ENT00061
ACC00125,Gopal Kapoor,PERSONAL,BANK_A,63,HIGH,ENT00063
ACC00126,Zubair Kaur,PERSONAL,BANK_A,65,MEDIUM,ENT00066
ACC00127,Vinod Bose,PERSONAL,BANK_A,180,HIGH,ENT00069
ACC00128,Zubair Kaur,PERSONAL,BANK_A,132,MEDIUM,ENT00066
ACC00129,Aarti Kapoor,PERSONAL,BANK_A,82,MEDIUM,ENT00070
ACC00130,Radha Bhatt,PERSONAL,BANK_A,440,LOW,ENT00067
ACC00131,Vinod Bose,PERSONAL,BANK_A,146,MEDIUM,ENT00069
ACC00132,Irfan Gill,PERSONAL,BANK_A,82,MEDIUM,ENT00065
ACC00133,Radha Bhatt,PERSONAL,BANK_A,431,MEDIUM,ENT00067
ACC00134,Irfan Chatterjee,PERSONAL,BANK_A,371,MEDIUM,ENT00068
ACC00135,Irfan Chatterjee,PERSONAL,BANK_A,245,MEDIUM,ENT00068
ACC00136,Gill Distributors,BUSINESS,BANK_A,417,MEDIUM,ENT00065
ACC00137,Imran Sandhu,PERSONAL,BANK_B,431,MEDIUM,ENT00076
ACC00138,Sunita Yadav,PERSONAL,BANK_B,294,MEDIUM,ENT00072
ACC00139,Geeta Verma,PERSONAL,BANK_B,124,MEDIUM,ENT00071
ACC00140,Ajay Saxena,PERSONAL,BANK_B,325,MEDIUM,ENT00074
ACC00141,Manpreet Khan,PERSONAL,BANK_B,60,HIGH,ENT00073
ACC00142,Geeta Verma,PERSONAL,BANK_B,173,MEDIUM,ENT00071
ACC00143,Ajay Saxena,PERSONAL,BANK_B,448,MEDIUM,ENT00074
ACC00144,Sunita Yadav,PERSONAL,BANK_B,137,HIGH,ENT00072
ACC00145,Kavita Rao,PERSONAL,BANK_B,488,LOW,ENT00075
ACC00146,Manpreet Khan,PERSONAL,BANK_B,84,HIGH,ENT00073
ACC00147,Rao Retail,BUSINESS,BANK_B,149,MEDIUM,ENT00075
ACC00148,Dubey Pharma,BUSINESS,BANK_A,3135,HIGH,ENT00077
ACC00149,Kalpana Patel,PERSONAL,BANK_B,2148,MEDIUM,ENT00078
ACC00150,Patel Hardware,BUSINESS,BANK_B,2985,MEDIUM,ENT00078
ACC00151,Vinod Jain,PERSONAL,BANK_A,1559,MEDIUM,ENT00079
ACC00152,Jain Overseas,BUSINESS,BANK_A,1679,MEDIUM,ENT00079
ACC00153,Sabiha Malik,PERSONAL,BANK_B,3030,MEDIUM,ENT00080
ACC00154,Priya Pillai,PERSONAL,BANK_A,2114,MEDIUM,ENT00081
ACC00155,Pillai Foods,BUSINESS,BANK_B,2754,MEDIUM,ENT00081
ACC00156,Joseph Nair,PERSONAL,BANK_B,1002,MEDIUM,ENT00082
ACC00157,Divya Pandey,PERSONAL,BANK_A,1059,LOW,ENT00083
ACC00158,Ritu Malhotra,PERSONAL,BANK_A,2107,MEDIUM,ENT00084
ACC00159,Pillai & Sons Textiles,BUSINESS,BANK_A,1507,MEDIUM,ENT00085
ACC00160,Ravi Nair,PERSONAL,BANK_A,525,MEDIUM,ENT00086
ACC00161,Nair Enterprises,BUSINESS,BANK_A,2577,MEDIUM,ENT00086
ACC00162,Swati Iyer,PERSONAL,BANK_B,3451,LOW,ENT00087
ACC00163,Ramesh Saxena,PERSONAL,BANK_B,3630,MEDIUM,ENT00088
ACC00164,Saxena Motors,BUSINESS,BANK_B,3461,MEDIUM,ENT00088
ACC00165,Gill Exports,BUSINESS,BANK_B,2655,MEDIUM,ENT00089
ACC00166,Faisal Das,PERSONAL,BANK_B,1205,MEDIUM,ENT00090
ACC00167,Muthu Bose,PERSONAL,BANK_B,2063,HIGH,ENT00091
ACC00168,Imran Kaur,PERSONAL,BANK_A,710,MEDIUM,ENT00092
ACC00169,Mukherjee Fashions,BUSINESS,BANK_B,2475,LOW,ENT00093
ACC00170,Gopal Saxena,PERSONAL,BANK_A,2590,MEDIUM,ENT00094
ACC00171,Sengupta Retail,BUSINESS,BANK_A,2388,MEDIUM,ENT00095
ACC00172,Harish Kaur,PERSONAL,BANK_A,3645,MEDIUM,ENT00096
ACC00173,Kaur Agro Industries,BUSINESS,BANK_A,2038,LOW,ENT00096
ACC00174,Thomas Dhillon,PERSONAL,BANK_B,892,MEDIUM,ENT00097
ACC00175,Amandeep Tiwari,PERSONAL,BANK_B,2562,LOW,ENT00098
ACC00176,Tiwari Pharma,BUSINESS,BANK_A,2003,MEDIUM,ENT00098
ACC00177,Radha Pillai & Sons,PERSONAL,BANK_B,1259,MEDIUM,ENT00099
ACC00178,Rahul Ahmed,PERSONAL,BANK_B,415,MEDIUM,ENT00100
ACC00179,Aarti Bansal,PERSONAL,BANK_B,90,MEDIUM,ENT00101
ACC00180,Bansal Logistics,BUSINESS,BANK_A,2189,MEDIUM,ENT00101
ACC00181,Priya Varghese,PERSONAL,BANK_B,941,HIGH,ENT00102
ACC00182,Desai Enterprises,BUSINESS,BANK_A,2202,HIGH,ENT00103
ACC00183,Kavita Das,PERSONAL,BANK_A,1872,HIGH,ENT00104
ACC00184,Dhillon Distributors,BUSINESS,BANK_B,2791,MEDIUM,ENT00105
ACC00185,Pankaj Ahmed,PERSONAL,BANK_A,2472,LOW,ENT00106
ACC00186,Kiran Khan,PERSONAL,BANK_B,2651,MEDIUM,ENT00107
ACC00187,Gurpreet Banerjee,PERSONAL,BANK_B,2999,HIGH,ENT00108
ACC00188,Ravi Sandhu,PERSONAL,BANK_A,377,MEDIUM,ENT00109
ACC00189,Kavita Agarwal,PERSONAL,BANK_B,805,MEDIUM,ENT00110
ACC00190,Ritu Chatterjee,PERSONAL,BANK_A,3396,MEDIUM,ENT00111
ACC00191,Chatterjee Foods,BUSINESS,BANK_B,2547,LOW,ENT00111
ACC00192,Susan Ansari,PERSONAL,BANK_B,620,MEDIUM,ENT00112
ACC00193,Ansari Enterprises,BUSINESS,BANK_B,3095,MEDIUM,ENT00112
ACC00194,Shobha Pillai & Sons,PERSONAL,BANK_A,1218,HIGH,ENT00113
ACC00195,Susan Bose,PERSONAL,BANK_B,336,MEDIUM,ENT00114
ACC00196,Gaurav Menon,PERSONAL,BANK_A,2324,MEDIUM,ENT00115
ACC00197,Thomas Bansal,PERSONAL,BANK_A,1723,MEDIUM,ENT00116
ACC00198,Imran Das,PERSONAL,BANK_A,608,HIGH,ENT00117
ACC00199,Das Logistics,BUSINESS,BANK_B,3259,MEDIUM,ENT00117
ACC00200,Verma Exports,BUSINESS,BANK_B,1808,MEDIUM,ENT00118
ACC00201,Ramesh Chatterjee,PERSONAL,BANK_B,3342,LOW,ENT00119
ACC00202,Chatterjee Distributors,BUSINESS,BANK_A,3522,MEDIUM,ENT00119
ACC00203,Chatterjee Infotech,BUSINESS,BANK_B,1853,LOW,ENT00119
ACC00204,Nisha Chatterjee,PERSONAL,BANK_A,1133,HIGH,ENT00120
ACC00205,Faisal Chatterjee,PERSONAL,BANK_A,2323,MEDIUM,ENT00121
ACC00206,Ramesh Sengupta,PERSONAL,BANK_A,3377,MEDIUM,ENT00122
ACC00207,Sengupta Distributors,BUSINESS,BANK_A,2118,HIGH,ENT00122
ACC00208,Khan Enterprises,BUSINESS,BANK_A,1742,HIGH,ENT00123
ACC00209,Amit Saxena,PERSONAL,BANK_A,2140,HIGH,ENT00124
ACC00210,Gaurav Desai,PERSONAL,BANK_A,365,MEDIUM,ENT00125
ACC00211,Ghosh Infotech,BUSINESS,BANK_A,2617,MEDIUM,ENT00126
ACC00212,Gurpreet Yadav,PERSONAL,BANK_B,3034,MEDIUM,ENT00127
ACC00213,Kritika Chauhan,PERSONAL,BANK_A,590,HIGH,ENT00128
ACC00214,Priya Trivedi,PERSONAL,BANK_B,3028,MEDIUM,ENT00129
ACC00215,Rajesh Agarwal,PERSONAL,BANK_A,1893,HIGH,ENT00130
ACC00216,Aarti Shah,PERSONAL,BANK_B,1788,LOW,ENT00131
ACC00217,Anita Pillai,PERSONAL,BANK_A,1985,MEDIUM,ENT00132
ACC00218,Vikram Dubey,PERSONAL,BANK_B,1176,LOW,ENT00133
ACC00219,Padma Chauhan,PERSONAL,BANK_A,115,MEDIUM,ENT00134
ACC00220,Zubair Kaur,PERSONAL,BANK_A,3044,MEDIUM,ENT00135
ACC00221,Kaur Constructions,BUSINESS,BANK_B,3644,MEDIUM,ENT00135
ACC00222,Zubair Malhotra,PERSONAL,BANK_A,3006,MEDIUM,ENT00136
ACC00223,Malhotra Foods,BUSINESS,BANK_B,3637,MEDIUM,ENT00136
ACC00224,Malhotra Logistics,BUSINESS,BANK_A,2387,HIGH,ENT00136
ACC00225,Swati Iyer,PERSONAL,BANK_B,2644,MEDIUM,ENT00137
ACC00226,Neha Bose,PERSONAL,BANK_B,664,HIGH,ENT00138
ACC00227,Jaspreet Qureshi,PERSONAL,BANK_B,1778,MEDIUM,ENT00139
ACC00228,Harish Thomas,PERSONAL,BANK_A,3458,HIGH,ENT00140
ACC00229,Thomas Enterprises,BUSINESS,BANK_A,1988,LOW,ENT00140
ACC00230,Thomas Traders,BUSINESS,BANK_A,3165,MEDIUM,ENT00140
ACC00231,Sanjay Agarwal,PERSONAL,BANK_A,1895,MEDIUM,ENT00141
ACC00232,Agarwal Textiles,BUSINESS,BANK_B,471,MEDIUM,ENT00141
ACC00233,Srinivas Ghosh,PERSONAL,BANK_B,1067,MEDIUM,ENT00142
ACC00234,Ghosh Foods,BUSINESS,BANK_B,1760,MEDIUM,ENT00142
ACC00235,Sneha Agarwal,PERSONAL,BANK_A,1201,MEDIUM,ENT00143
ACC00236,Imran Iyer,PERSONAL,BANK_A,1962,MEDIUM,ENT00144
ACC00237,Iyer Fashions,BUSINESS,BANK_B,1136,MEDIUM,ENT00144
ACC00238,Iyer Electronics,BUSINESS,BANK_A,1546,LOW,ENT00144
ACC00239,Faisal Naidu,PERSONAL,BANK_A,200,MEDIUM,ENT00145
ACC00240,Naidu Electronics,BUSINESS,BANK_B,2331,HIGH,ENT00145
ACC00241,Neha Malik,PERSONAL,BANK_B,429,MEDIUM,ENT00146
ACC00242,Malik Foods,BUSINESS,BANK_A,2985,HIGH,ENT00146
ACC00243,Usha Tiwari,PERSONAL,BANK_A,1584,HIGH,ENT00147
ACC00244,Tiwari Logistics,BUSINESS,BANK_B,238,HIGH,ENT00147
ACC00245,Harleen Mukherjee,PERSONAL,BANK_A,2719,MEDIUM,ENT00148
ACC00246,Manoj Reddy,PERSONAL,BANK_A,2045,MEDIUM,ENT00149
ACC00247,Reddy Enterprises,BUSINESS,BANK_A,1835,MEDIUM,ENT00149
ACC00248,Radha Das,PERSONAL,BANK_B,824,MEDIUM,ENT00150
ACC00249,Das Motors,BUSINESS,BANK_B,2216,MEDIUM,ENT00150
ACC00250,Ravi Menon,PERSONAL,BANK_A,825,MEDIUM,ENT00151
ACC00251,Vijay Iyer,PERSONAL,BANK_A,2904,MEDIUM,ENT00152
ACC00252,Mukherjee Logistics,BUSINESS,BANK_B,1799,MEDIUM,ENT00153
ACC00253,Venkatesh Singh,PERSONAL,BANK_B,3003,LOW,ENT00154
ACC00254,Singh Hardware,BUSINESS,BANK_B,890,MEDIUM,ENT00154
ACC00255,Harish Sengupta,PERSONAL,BANK_A,2910,HIGH,ENT00155
ACC00256,Irfan Pandey,PERSONAL,BANK_B,3044,MEDIUM,ENT00156
ACC00257,Pandey Fashions,BUSINESS,BANK_B,169,MEDIUM,ENT00156
ACC00258,Naidu Agro Industries,BUSINESS,BANK_A,1378,MEDIUM,ENT00157
ACC00259,Srinivas Ahmed,PERSONAL,BANK_B,2179,MEDIUM,ENT00158
ACC00260,Joseph Saxena,PERSONAL,BANK_A,605,MEDIUM,ENT00159
ACC00261,Imran Khan,PERSONAL,BANK_A,2276,MEDIUM,ENT00160
ACC00262,Khan Pharma,BUSINESS,BANK_A,562,MEDIUM,ENT00160
ACC00263,Jaspreet Kapoor,PERSONAL,BANK_B,2958,MEDIUM,ENT00161
ACC00264,Kapoor Distributors,BUSINESS,BANK_A,3485,MEDIUM,ENT00161
ACC00265,Kapoor Distributors,BUSINESS,BANK_A,2460,MEDIUM,ENT00161
ACC00266,Zeenat Bhatt,PERSONAL,BANK_B,358,HIGH,ENT00162
ACC00267,Irfan Saxena,PERSONAL,BANK_B,1050,LOW,ENT00163
ACC00268,Saxena Foods,BUSINESS,BANK_A,1079,HIGH,ENT00163
ACC00269,Sarita Banerjee,PERSONAL,BANK_B,1953,MEDIUM,ENT00164
ACC00270,Banerjee Retail,BUSINESS,BANK_A,1844,MEDIUM,ENT00164
ACC00271,Kapoor Overseas,BUSINESS,BANK_B,3061,MEDIUM,ENT00165
ACC00272,Sneha Kaur,PERSONAL,BANK_B,1570,MEDIUM,ENT00166
ACC00273,Thomas Verma,PERSONAL,BANK_B,501,MEDIUM,ENT00167
ACC00274,Tiwari Overseas,BUSINESS,BANK_A,1914,MEDIUM,ENT00168
ACC00275,Mary Verma,PERSONAL,BANK_A,1798,HIGH,ENT00169
ACC00276,Mahesh Malhotra,PERSONAL,BANK_A,2782,MEDIUM,ENT00170
ACC00277,Manoj Ghosh,PERSONAL,BANK_A,2494,HIGH,ENT00171
ACC00278,Harpreet Kumar,PERSONAL,BANK_A,1872,MEDIUM,ENT00172
ACC00279,Anil Yadav,PERSONAL,BANK_B,3125,MEDIUM,ENT00173
ACC00280,Sneha Bose,PERSONAL,BANK_B,3626,HIGH,ENT00174
ACC00281,Bose Logistics,BUSINESS,BANK_B,2121,HIGH,ENT00174
ACC00282,Lakshmi Pillai & Sons,PERSONAL,BANK_B,1012,MEDIUM,ENT00175
ACC00283,Pillai & Sons Electronics,BUSINESS,BANK_B,2335,MEDIUM,ENT00175
ACC00284,Mary Dhillon,PERSONAL,BANK_A,1522,LOW,ENT00176
ACC00285,Suresh Pandey,PERSONAL,BANK_B,537,MEDIUM,ENT00177
ACC00286,Karthik Verma,PERSONAL,BANK_B,1230,LOW,ENT00178
ACC00287,Verma Hardware,BUSINESS,BANK_A,3205,MEDIUM,ENT00178
ACC00288,Nisha Naidu,PERSONAL,BANK_A,2591,MEDIUM,ENT00179
ACC00289,Naidu Foods,BUSINESS,BANK_B,1149,MEDIUM,ENT00179
ACC00290,Banerjee Infotech,BUSINESS,BANK_B,3143,MEDIUM,ENT00180
ACC00291,Sowmya Malhotra,PERSONAL,BANK_B,988,HIGH,ENT00181
ACC00292,Nitin Gill,PERSONAL,BANK_B,833,MEDIUM,ENT00182
ACC00293,Gill Infotech,BUSINESS,BANK_A,3073,MEDIUM,ENT00182
ACC00294,Gill Traders,BUSINESS,BANK_A,2391,LOW,ENT00182
ACC00295,Imran Agarwal,PERSONAL,BANK_B,2886,MEDIUM,ENT00183
ACC00296,Agarwal Logistics,BUSINESS,BANK_B,554,LOW,ENT00183
ACC00297,Anil Chauhan,PERSONAL,BANK_B,2515,MEDIUM,ENT00184
ACC00298,Naidu Exports,BUSINESS,BANK_B,3524,MEDIUM,ENT00185
ACC00299,Manpreet Das,PERSONAL,BANK_B,808,MEDIUM,ENT00186
ACC00300,Verma Exports,BUSINESS,BANK_B,2485,HIGH,ENT00187
ACC00301,Manoj Menon,PERSONAL,BANK_A,1465,HIGH,ENT00188
ACC00302,Menon Foods,BUSINESS,BANK_A,74,HIGH,ENT00188
ACC00303,Shobha Banerjee,PERSONAL,BANK_A,2620,MEDIUM,ENT00189
ACC00304,Banerjee Infotech,BUSINESS,BANK_A,3030,MEDIUM,ENT00189
ACC00305,Padma Varghese,PERSONAL,BANK_B,368,LOW,ENT00190
ACC00306,Amit Qureshi,PERSONAL,BANK_A,391,MEDIUM,ENT00191
ACC00307,Qureshi Pharma,BUSINESS,BANK_B,405,HIGH,ENT00191
ACC00308,Rekha Mishra,PERSONAL,BANK_B,3180,MEDIUM,ENT00192
ACC00309,Susan Shah,PERSONAL,BANK_A,739,HIGH,ENT00193
ACC00310,Sangeeta Mukherjee,PERSONAL,BANK_B,2197,MEDIUM,ENT00194
ACC00311,Mukherjee Hardware,BUSINESS,BANK_B,2502,HIGH,ENT00194
ACC00312,Balaji Das,PERSONAL,BANK_A,3123,MEDIUM,ENT00195
ACC00313,Geeta Rao,PERSONAL,BANK_B,2689,MEDIUM,ENT00196
ACC00314,Kritika Tiwari,PERSONAL,BANK_A,687,MEDIUM,ENT00197
ACC00315,Joseph Dhillon,PERSONAL,BANK_A,817,MEDIUM,ENT00198
ACC00316,Srinivas Kapoor,PERSONAL,BANK_A,2977,MEDIUM,ENT00199
ACC00317,Jaspreet Sengupta,PERSONAL,BANK_A,1275,HIGH,ENT00200
ACC00318,Sengupta Enterprises,BUSINESS,BANK_A,2046,MEDIUM,ENT00200
ACC00319,Preethi Brar,PERSONAL,BANK_B,1465,LOW,ENT00201
ACC00320,Gaurav Kumar,PERSONAL,BANK_B,299,MEDIUM,ENT00202
ACC00321,Manisha Yadav,PERSONAL,BANK_B,2357,MEDIUM,ENT00203
ACC00322,Shobha Patel,PERSONAL,BANK_B,2066,LOW,ENT00204
ACC00323,Gopal Dubey,PERSONAL,BANK_A,2209,MEDIUM,ENT00205
ACC00324,Gopal Pillai & Sons,PERSONAL,BANK_B,3310,MEDIUM,ENT00206
ACC00325,Pillai & Sons Enterprises,BUSINESS,BANK_A,1056,HIGH,ENT00206
ACC00326,Vinod Pillai & Sons,PERSONAL,BANK_A,2538,MEDIUM,ENT00207
ACC00327,Arjun Desai,PERSONAL,BANK_B,2385,LOW,ENT00208
ACC00328,Manisha Desai,PERSONAL,BANK_A,1764,LOW,ENT00209
ACC00329,Desai Overseas,BUSINESS,BANK_B,3552,MEDIUM,ENT00209
ACC00330,Desai Fashions,BUSINESS,BANK_B,2649,LOW,ENT00209
ACC00331,Vasantha Mukherjee,PERSONAL,BANK_A,1700,MEDIUM,ENT00210
ACC00332,Nitin Joshi,PERSONAL,BANK_A,1216,HIGH,ENT00211
ACC00333,Gopal Das,PERSONAL,BANK_A,1484,MEDIUM,ENT00212
ACC00334,Das Constructions,BUSINESS,BANK_B,1863,MEDIUM,ENT00212
ACC00335,Das Logistics,BUSINESS,BANK_B,3219,MEDIUM,ENT00212
ACC00336,Das Electronics,BUSINESS,BANK_A,728,MEDIUM,ENT00212
ACC00337,Das Overseas,BUSINESS,BANK_B,950,MEDIUM,ENT00212
ACC00338,Shreya Bose,PERSONAL,BANK_A,969,MEDIUM,ENT00213
ACC00339,Harpreet Trivedi,PERSONAL,BANK_B,677,MEDIUM,ENT00214
ACC00340,Geeta Pillai & Sons,PERSONAL,BANK_A,1002,LOW,ENT00215
ACC00341,Pillai & Sons Traders,BUSINESS,BANK_B,561,MEDIUM,ENT00215
ACC00342,Zeenat Verma,PERSONAL,BANK_B,1937,MEDIUM,ENT00216
ACC00343,Verma Exports,BUSINESS,BANK_A,3307,MEDIUM,ENT00216
ACC00344,Ritu Reddy,PERSONAL,BANK_A,3372,MEDIUM,ENT00217
ACC00345,Reddy Agro Industries,BUSINESS,BANK_A,3405,MEDIUM,ENT00217
ACC00346,Shobha Iyer,PERSONAL,BANK_A,1503,MEDIUM,ENT00218
ACC00347,Iyer Fashions,BUSINESS,BANK_B,638,MEDIUM,ENT00218
ACC00348,Kritika Thomas,PERSONAL,BANK_B,609,MEDIUM,ENT00219
ACC00349,Ajay Thomas,PERSONAL,BANK_B,120,LOW,ENT00220
ACC00350,Thomas Fashions,BUSINESS,BANK_B,537,LOW,ENT00220
ACC00351,Sneha Sengupta,PERSONAL,BANK_A,1435,HIGH,ENT00221
ACC00352,Faisal Trivedi,PERSONAL,BANK_A,548,LOW,ENT00222
ACC00353,Jyoti Nair,PERSONAL,BANK_A,795,MEDIUM,ENT00223
ACC00354,Nair Distributors,BUSINESS,BANK_A,3614,HIGH,ENT00223
ACC00355,Preethi Malhotra,PERSONAL,BANK_B,589,LOW,ENT00224
ACC00356,Thomas Brar,PERSONAL,BANK_A,422,MEDIUM,ENT00225
ACC00357,Brar Hardware,BUSINESS,BANK_B,3594,HIGH,ENT00225
ACC00358,Mary Ansari,PERSONAL,BANK_A,2665,MEDIUM,ENT00226
ACC00359,Sarita Singh,PERSONAL,BANK_A,891,MEDIUM,ENT00227
ACC00360,Srinivas Sandhu,PERSONAL,BANK_B,189,MEDIUM,ENT00228
ACC00361,Sandhu Overseas,BUSINESS,BANK_A,2608,MEDIUM,ENT00228
ACC00362,Ashok Singh,PERSONAL,BANK_B,1319,LOW,ENT00229
ACC00363,Singh Exports,BUSINESS,BANK_A,1873,MEDIUM,ENT00229
ACC00364,Ashok Kaur,PERSONAL,BANK_B,1399,LOW,ENT00230
ACC00365,Mehta Logistics,BUSINESS,BANK_B,1426,MEDIUM,ENT00231
ACC00366,Sandeep Khan,PERSONAL,BANK_B,3579,MEDIUM,ENT00232
ACC00367,Amandeep Naidu,PERSONAL,BANK_B,1877,MEDIUM,ENT00233
ACC00368,Rahul Rao,PERSONAL,BANK_B,3331,MEDIUM,ENT00234
ACC00369,Manpreet Khan,PERSONAL,BANK_A,2417,HIGH,ENT00235
ACC00370,Nitin Sengupta,PERSONAL,BANK_A,2097,MEDIUM,ENT00236
ACC00371,Sengupta Distributors,BUSINESS,BANK_A,3491,LOW,ENT00236
ACC00372,Zubair Verma,PERSONAL,BANK_A,2286,LOW,ENT00237
ACC00373,Verma Electronics,BUSINESS,BANK_B,2357,MEDIUM,ENT00237
ACC00374,Verma Foods,BUSINESS,BANK_B,1345,MEDIUM,ENT00237
ACC00375,Naveen Mukherjee,PERSONAL,BANK_B,1964,HIGH,ENT00238
ACC00376,Mukherjee Logistics,BUSINESS,BANK_B,292,MEDIUM,ENT00238
ACC00377,Anjali Sharma,PERSONAL,BANK_A,939,HIGH,ENT00239
ACC00378,Ashok Naidu,PERSONAL,BANK_A,3030,LOW,ENT00240
ACC00379,Naidu Fashions,BUSINESS,BANK_A,3225,MEDIUM,ENT00240
ACC00380,Manoj Banerjee,PERSONAL,BANK_B,2173,MEDIUM,ENT00241
ACC00381,Radha Kaur,PERSONAL,BANK_B,2036,MEDIUM,ENT00242
ACC00382,Sandeep Das,PERSONAL,BANK_A,3325,MEDIUM,ENT00243
ACC00383,Simran Bose,PERSONAL,BANK_A,2919,HIGH,ENT00244
ACC00384,Manoj Kumar,PERSONAL,BANK_B,392,MEDIUM,ENT00245
ACC00385,Pankaj Kapoor,PERSONAL,BANK_A,2819,MEDIUM,ENT00246
ACC00386,Kapoor Distributors,BUSINESS,BANK_B,933,MEDIUM,ENT00246
ACC00387,Ashok Varghese,PERSONAL,BANK_B,1358,HIGH,ENT00247
ACC00388,Banerjee Distributors,BUSINESS,BANK_B,2573,HIGH,ENT00248
ACC00389,Manisha Kapoor,PERSONAL,BANK_A,2095,MEDIUM,ENT00249
ACC00390,Kapoor Fashions,BUSINESS,BANK_A,1038,MEDIUM,ENT00249
ACC00391,Zubair Iyengar,PERSONAL,BANK_B,1986,MEDIUM,ENT00250
ACC00392,Ramesh Desai,PERSONAL,BANK_A,3023,MEDIUM,ENT00251
ACC00393,Sabiha Ansari,PERSONAL,BANK_B,2116,MEDIUM,ENT00252
ACC00394,Sandeep Iyer,PERSONAL,BANK_B,842,LOW,ENT00253
ACC00395,Rajwinder Kumar,PERSONAL,BANK_A,1679,MEDIUM,ENT00254
ACC00396,Kumar Fashions,BUSINESS,BANK_A,1211,MEDIUM,ENT00254
ACC00397,Sunil Banerjee,PERSONAL,BANK_A,1543,MEDIUM,ENT00255
ACC00398,Banerjee Enterprises,BUSINESS,BANK_A,2526,HIGH,ENT00255
ACC00399,Banerjee Motors,BUSINESS,BANK_A,1937,MEDIUM,ENT00255
ACC00400,Pankaj Mehta,PERSONAL,BANK_B,387,MEDIUM,ENT00256
ACC00401,Rohit Bose,PERSONAL,BANK_A,451,HIGH,ENT00257
ACC00402,Bose Logistics,BUSINESS,BANK_B,1228,LOW,ENT00257
ACC00403,Qureshi Foods,BUSINESS,BANK_A,1066,LOW,ENT00258
ACC00404,Pankaj Sheikh,PERSONAL,BANK_A,887,MEDIUM,ENT00259
ACC00405,Trivedi Overseas,BUSINESS,BANK_B,239,HIGH,ENT00260
ACC00406,Irfan Ghosh,PERSONAL,BANK_A,2656,HIGH,ENT00261
ACC00407,Ghosh Electronics,BUSINESS,BANK_A,2652,HIGH,ENT00261
ACC00408,Vasantha Mehta,PERSONAL,BANK_A,3241,MEDIUM,ENT00262
ACC00409,Naveen Pillai & Sons,PERSONAL,BANK_A,1112,MEDIUM,ENT00263
ACC00410,Arjun Tiwari,PERSONAL,BANK_A,146,LOW,ENT00264
ACC00411,Ajay Sidhu,PERSONAL,BANK_B,984,MEDIUM,ENT00265
ACC00412,Prakash Gill,PERSONAL,BANK_B,153,MEDIUM,ENT00266
ACC00413,Gill Constructions,BUSINESS,BANK_A,1836,MEDIUM,ENT00266
ACC00414,Shreya Ahmed,PERSONAL,BANK_B,988,HIGH,ENT00267
ACC00415,Lakshmi Qureshi,PERSONAL,BANK_B,2460,MEDIUM,ENT00268
ACC00416,Kritika Khan,PERSONAL,BANK_A,180,MEDIUM,ENT00269
ACC00417,Khan Fashions,BUSINESS,BANK_B,3048,LOW,ENT00269
ACC00418,Shobha Agarwal,PERSONAL,BANK_A,3132,MEDIUM,ENT00270
ACC00419,Yadav Motors,BUSINESS,BANK_B,3281,MEDIUM,ENT00271
ACC00420,Harish Bose,PERSONAL,BANK_B,2008,HIGH,ENT00272
ACC00421,Deepa Kaur,PERSONAL,BANK_B,2403,HIGH,ENT00273
ACC00422,Malik Exports,BUSINESS,BANK_A,1583,MEDIUM,ENT00274
ACC00423,Simran Pandey,PERSONAL,BANK_B,3423,MEDIUM,ENT00275
ACC00424,Pandey Retail,BUSINESS,BANK_A,1026,MEDIUM,ENT00275
ACC00425,Radha Dubey,PERSONAL,BANK_A,482,MEDIUM,ENT00276
ACC00426,Muthu Agarwal,PERSONAL,BANK_A,1618,MEDIUM,ENT00277
ACC00427,Geeta Bhatt,PERSONAL,BANK_A,170,MEDIUM,ENT00278
ACC00428,Kalpana Ansari,PERSONAL,BANK_A,306,MEDIUM,ENT00279
ACC00429,Deepak Ghosh,PERSONAL,BANK_B,3266,MEDIUM,ENT00280
ACC00430,Kiran Mukherjee,PERSONAL,BANK_B,322,MEDIUM,ENT00281
ACC00431,Saxena Pharma,BUSINESS,BANK_B,1143,LOW,ENT00282
ACC00432,Anita Pillai & Sons,PERSONAL,BANK_A,3271,MEDIUM,ENT00283
ACC00433,Anjali Sheikh,PERSONAL,BANK_B,150,MEDIUM,ENT00284
ACC00434,Yadav Electronics,BUSINESS,BANK_A,560,HIGH,ENT00285
ACC00435,Harleen Desai,PERSONAL,BANK_B,2496,MEDIUM,ENT00286
ACC00436,Desai Logistics,BUSINESS,BANK_B,1344,LOW,ENT00286
ACC00437,Sabiha Iyengar,PERSONAL,BANK_B,881,LOW,ENT00287
ACC00438,Iyengar Hardware,BUSINESS,BANK_B,3311,MEDIUM,ENT00287
ACC00439,Iyengar Enterprises,BUSINESS,BANK_A,1803,LOW,ENT00287
ACC00440,Padma Kumar,PERSONAL,BANK_A,3472,MEDIUM,ENT00288
ACC00441,Kumar Overseas,BUSINESS,BANK_B,3093,MEDIUM,ENT00288
ACC00442,Srinivas Verma,PERSONAL,BANK_B,668,MEDIUM,ENT00289
ACC00443,Verma Agro Industries,BUSINESS,BANK_B,1132,MEDIUM,ENT00289
ACC00444,Mahesh Iyengar,PERSONAL,BANK_B,76,MEDIUM,ENT00290
ACC00445,Sunil Gupta,PERSONAL,BANK_B,513,MEDIUM,ENT00291
ACC00446,Gupta Traders,BUSINESS,BANK_B,860,MEDIUM,ENT00291
ACC00447,Sabiha Agarwal,PERSONAL,BANK_B,1805,MEDIUM,ENT00292
ACC00448,Agarwal Electronics,BUSINESS,BANK_A,2467,MEDIUM,ENT00292
ACC00449,Harleen Sidhu,PERSONAL,BANK_A,3031,MEDIUM,ENT00293
ACC00450,Sidhu Foods,BUSINESS,BANK_B,3514,MEDIUM,ENT00293
ACC00451,Mishra Pharma,BUSINESS,BANK_B,3405,MEDIUM,ENT00294
ACC00452,Ahmed Foods,BUSINESS,BANK_A,678,MEDIUM,ENT00295
ACC00453,Ayesha Pillai & Sons,PERSONAL,BANK_A,828,HIGH,ENT00296
ACC00454,Manpreet Nair,PERSONAL,BANK_B,378,MEDIUM,ENT00297
ACC00455,Nair Infotech,BUSINESS,BANK_B,3432,MEDIUM,ENT00297
ACC00456,Vijay Malik,PERSONAL,BANK_B,2221,HIGH,ENT00298
ACC00457,Vinod Trivedi,PERSONAL,BANK_A,1527,MEDIUM,ENT00299
ACC00458,Dinesh Thomas,PERSONAL,BANK_B,2287,MEDIUM,ENT00300
ACC00459,Anita Dhillon,PERSONAL,BANK_B,1866,MEDIUM,ENT00301
ACC00460,Rajesh Chauhan,PERSONAL,BANK_B,2553,MEDIUM,ENT00302
ACC00461,Sandeep Iyer,PERSONAL,BANK_A,3271,MEDIUM,ENT00303
ACC00462,Arjun Sidhu,PERSONAL,BANK_B,2003,MEDIUM,ENT00304
ACC00463,Ghosh Distributors,BUSINESS,BANK_B,3494,HIGH,ENT00305
ACC00464,Nithya Qureshi,PERSONAL,BANK_A,3015,LOW,ENT00306
ACC00465,Karthik Mehta,PERSONAL,BANK_A,1542,MEDIUM,ENT00307
ACC00466,Imran Gill,PERSONAL,BANK_A,2356,HIGH,ENT00308
ACC00467,Ritu Joshi,PERSONAL,BANK_B,3339,HIGH,ENT00309
ACC00468,Susan Brar,PERSONAL,BANK_B,1130,HIGH,ENT00310
ACC00469,Brar Exports,BUSINESS,BANK_B,3371,MEDIUM,ENT00310
ACC00470,Naveen Sharma,PERSONAL,BANK_B,375,MEDIUM,ENT00311
ACC00471,Sharma Logistics,BUSINESS,BANK_B,3590,MEDIUM,ENT00311
ACC00472,Sharma Logistics,BUSINESS,BANK_B,496,MEDIUM,ENT00311
ACC00473,Vinod Ahmed,PERSONAL,BANK_B,952,MEDIUM,ENT00312
ACC00474,Anna Thomas,PERSONAL,BANK_B,3384,HIGH,ENT00313
ACC00475,Thomas Distributors,BUSINESS,BANK_B,3245,MEDIUM,ENT00313
ACC00476,Vijay Bose,PERSONAL,BANK_A,2400,LOW,ENT00314
ACC00477,Vasantha Sengupta,PERSONAL,BANK_A,444,HIGH,ENT00315
ACC00478,Shobha Sidhu,PERSONAL,BANK_A,1183,MEDIUM,ENT00316
ACC00479,Sidhu Enterprises,BUSINESS,BANK_B,3362,MEDIUM,ENT00316
ACC00480,Nitin Qureshi,PERSONAL,BANK_B,1298,MEDIUM,ENT00317
ACC00481,Sarita Chauhan,PERSONAL,BANK_B,3243,HIGH,ENT00318
ACC00482,Irfan Iyengar,PERSONAL,BANK_A,2302,HIGH,ENT00319
ACC00483,Iyengar Pharma,BUSINESS,BANK_A,2988,MEDIUM,ENT00319
ACC00484,Faisal Brar,PERSONAL,BANK_B,746,MEDIUM,ENT00320
ACC00485,Sangeeta Brar,PERSONAL,BANK_A,1039,MEDIUM,ENT00321
ACC00486,Rekha Khan,PERSONAL,BANK_B,1060,MEDIUM,ENT00322
ACC00487,Rao Distributors,BUSINESS,BANK_B,3489,MEDIUM,ENT00323
ACC00488,Sabiha Naidu,PERSONAL,BANK_A,3258,MEDIUM,ENT00324
ACC00489,Tiwari Fashions,BUSINESS,BANK_A,2128,MEDIUM,ENT00325
ACC00490,Brar Agro Industries,BUSINESS,BANK_A,119,MEDIUM,ENT00326
ACC00491,Sharma Traders,BUSINESS,BANK_A,1912,HIGH,ENT00327
ACC00492,Sandeep Agarwal,PERSONAL,BANK_B,401,LOW,ENT00328
ACC00493,Dinesh Qureshi,PERSONAL,BANK_A,1986,MEDIUM,ENT00329
ACC00494,Balaji Sengupta,PERSONAL,BANK_B,1042,MEDIUM,ENT00330
ACC00495,Sengupta Foods,BUSINESS,BANK_B,2629,HIGH,ENT00330
ACC00496,Vasantha Verma,PERSONAL,BANK_A,1200,HIGH,ENT00331
ACC00497,Verma Constructions,BUSINESS,BANK_A,1726,MEDIUM,ENT00331
ACC00498,Verma Electronics,BUSINESS,BANK_B,348,MEDIUM,ENT00331
ACC00499,Dinesh Mukherjee,PERSONAL,BANK_B,2486,MEDIUM,ENT00332
ACC00500,Mukherjee Traders,BUSINESS,BANK_A,426,MEDIUM,ENT00332
ACC00501,Mukherjee Traders,BUSINESS,BANK_A,2091,HIGH,ENT00332
ACC00502,Ritu Sheikh,PERSONAL,BANK_B,382,MEDIUM,ENT00333
ACC00503,Sheikh Logistics,BUSINESS,BANK_B,475,HIGH,ENT00333
ACC00504,Usha Dhillon,PERSONAL,BANK_A,127,MEDIUM,ENT00334
ACC00505,Preethi Malik,PERSONAL,BANK_B,795,LOW,ENT00335
ACC00506,Malik Enterprises,BUSINESS,BANK_B,2554,MEDIUM,ENT00335
ACC00507,Vijay Kapoor,PERSONAL,BANK_A,93,MEDIUM,ENT00336
ACC00508,Zubair Sandhu,PERSONAL,BANK_A,771,HIGH,ENT00337
ACC00509,Harpreet Pillai & Sons,PERSONAL,BANK_B,250,LOW,ENT00338
ACC00510,Pillai & Sons Overseas,BUSINESS,BANK_B,1987,MEDIUM,ENT00338
ACC00511,Kalpana Thomas,PERSONAL,BANK_B,2170,LOW,ENT00339
ACC00512,Harpreet Varghese,PERSONAL,BANK_A,1524,MEDIUM,ENT00340
ACC00513,Joseph Verma,PERSONAL,BANK_B,172,HIGH,ENT00341
ACC00514,Meena Shah,PERSONAL,BANK_A,1530,MEDIUM,ENT00342
ACC00515,Kumar Motors,BUSINESS,BANK_A,1785,MEDIUM,ENT00343
ACC00516,Shreya Das,PERSONAL,BANK_A,3110,MEDIUM,ENT00344
ACC00517,Sarita Das,PERSONAL,BANK_A,3518,MEDIUM,ENT00345
ACC00518,Sarita Dhillon,PERSONAL,BANK_A,946,MEDIUM,ENT00346
ACC00519,Deepak Thomas,PERSONAL,BANK_A,3315,HIGH,ENT00347
ACC00520,Harish Ahmed,PERSONAL,BANK_B,2773,LOW,ENT00348
ACC00521,Kavita Khan,PERSONAL,BANK_A,2947,HIGH,ENT00349
ACC00522,Khan Retail,BUSINESS,BANK_B,1244,MEDIUM,ENT00349
ACC00523,Vasantha Iyer,PERSONAL,BANK_B,190,LOW,ENT00350
ACC00524,Iyer Pharma,BUSINESS,BANK_A,3294,MEDIUM,ENT00350
ACC00525,Ramesh Malhotra,PERSONAL,BANK_A,1662,MEDIUM,ENT00351
ACC00526,Malhotra Hardware,BUSINESS,BANK_A,154,MEDIUM,ENT00351
ACC00527,Tiwari Fashions,BUSINESS,BANK_A,3569,MEDIUM,ENT00352
ACC00528,Joseph Agarwal,PERSONAL,BANK_B,1186,MEDIUM,ENT00353
ACC00529,Agarwal Agro Industries,BUSINESS,BANK_B,1568,MEDIUM,ENT00353
ACC00530,Agarwal Agro Industries,BUSINESS,BANK_B,1354,MEDIUM,ENT00353
ACC00531,Srinivas Pillai,PERSONAL,BANK_B,3308,MEDIUM,ENT00354
ACC00532,Pillai Foods,BUSINESS,BANK_B,739,MEDIUM,ENT00354
ACC00533,Sarita Mehta,PERSONAL,BANK_A,2798,HIGH,ENT00355
ACC00534,Chatterjee Agro Industries,BUSINESS,BANK_A,1466,MEDIUM,ENT00356
ACC00535,Anil Khan,PERSONAL,BANK_B,1288,MEDIUM,ENT00357
ACC00536,Deepa Sharma,PERSONAL,BANK_A,2942,HIGH,ENT00358
ACC00537,Das Retail,BUSINESS,BANK_B,2818,MEDIUM,ENT00359
ACC00538,Nisha Brar,PERSONAL,BANK_B,801,MEDIUM,ENT00360
ACC00539,Sandhu Distributors,BUSINESS,BANK_A,328,MEDIUM,ENT00361
ACC00540,Divya Saxena,PERSONAL,BANK_A,2203,MEDIUM,ENT00362
ACC00541,Amandeep Khan,PERSONAL,BANK_A,2330,MEDIUM,ENT00363
ACC00542,Gopal Ansari,PERSONAL,BANK_A,2439,MEDIUM,ENT00364
ACC00543,Ansari Retail,BUSINESS,BANK_A,2089,MEDIUM,ENT00364
ACC00544,Shobha Kumar,PERSONAL,BANK_B,2257,HIGH,ENT00365
ACC00545,Anjali Iyer,PERSONAL,BANK_A,1757,MEDIUM,ENT00366
ACC00546,Prakash Shah,PERSONAL,BANK_A,1139,MEDIUM,ENT00367
ACC00547,Sabiha Varghese,PERSONAL,BANK_B,206,MEDIUM,ENT00368
ACC00548,Varghese Foods,BUSINESS,BANK_B,2539,HIGH,ENT00368
ACC00549,Nitin Malik,PERSONAL,BANK_A,435,HIGH,ENT00369
ACC00550,Manisha Saxena,PERSONAL,BANK_B,242,HIGH,ENT00370
ACC00551,Sabiha Dhillon,PERSONAL,BANK_A,3045,LOW,ENT00371
ACC00552,Prakash Kapoor,PERSONAL,BANK_A,3142,MEDIUM,ENT00372
ACC00553,Kapoor Electronics,BUSINESS,BANK_A,270,MEDIUM,ENT00372
ACC00554,Kapoor Pharma,BUSINESS,BANK_B,1816,MEDIUM,ENT00372
ACC00555,Nithya Chatterjee,PERSONAL,BANK_B,2820,MEDIUM,ENT00373
ACC00556,Tiwari Agro Industries,BUSINESS,BANK_A,2627,MEDIUM,ENT00374
ACC00557,Ghosh Traders,BUSINESS,BANK_A,1593,MEDIUM,ENT00375
ACC00558,Anjali Sheikh,PERSONAL,BANK_B,1306,HIGH,ENT00376
ACC00559,Rohit Dhillon,PERSONAL,BANK_A,3297,MEDIUM,ENT00377
ACC00560,Vasantha Mishra,PERSONAL,BANK_A,159,MEDIUM,ENT00378
ACC00561,Vinod Malhotra,PERSONAL,BANK_A,71,MEDIUM,ENT00379
ACC00562,Suresh Bhatt,PERSONAL,BANK_B,1750,MEDIUM,ENT00380
ACC00563,Bhatt Constructions,BUSINESS,BANK_B,1643,MEDIUM,ENT00380
ACC00564,Deepa Nair,PERSONAL,BANK_B,612,LOW,ENT00381
ACC00565,Sheikh Motors,BUSINESS,BANK_B,1646,MEDIUM,ENT00382
ACC00566,Shreya Brar,PERSONAL,BANK_A,319,MEDIUM,ENT00383
ACC00567,Brar Distributors,BUSINESS,BANK_B,3294,HIGH,ENT00383
ACC00568,Karthik Pillai & Sons,PERSONAL,BANK_A,2625,HIGH,ENT00384
ACC00569,Pillai & Sons Logistics,BUSINESS,BANK_A,1110,HIGH,ENT00384
ACC00570,Rekha Gill,PERSONAL,BANK_A,359,MEDIUM,ENT00385
ACC00571,Zeenat Desai,PERSONAL,BANK_A,1762,MEDIUM,ENT00386
ACC00572,Desai Traders,BUSINESS,BANK_B,1318,HIGH,ENT00386
ACC00573,Desai Exports,BUSINESS,BANK_A,2396,MEDIUM,ENT00386
ACC00574,Sabiha Iyer,PERSONAL,BANK_A,3084,MEDIUM,ENT00387
ACC00575,Iyer Foods,BUSINESS,BANK_B,3417,HIGH,ENT00387
ACC00576,Ramesh Brar,PERSONAL,BANK_A,553,HIGH,ENT00388
ACC00577,Brar Retail,BUSINESS,BANK_A,2390,MEDIUM,ENT00388
ACC00578,Bansal Exports,BUSINESS,BANK_A,2894,MEDIUM,ENT00389
ACC00579,Ashok Varghese,PERSONAL,BANK_A,338,MEDIUM,ENT00390
ACC00580,Anna Pandey,PERSONAL,BANK_A,1920,HIGH,ENT00391
ACC00581,Iyer Pharma,BUSINESS,BANK_A,618,MEDIUM,ENT00392
ACC00582,Arun Ahmed,PERSONAL,BANK_B,2549,MEDIUM,ENT00393
ACC00583,Gopal Ghosh,PERSONAL,BANK_B,1023,MEDIUM,ENT00394
ACC00584,Ghosh Hardware,BUSINESS,BANK_B,2436,MEDIUM,ENT00394
ACC00585,Sangeeta Bhatt,PERSONAL,BANK_B,537,MEDIUM,ENT00395
ACC00586,Bhatt Hardware,BUSINESS,BANK_B,2313,HIGH,ENT00395
ACC00587,Nithya Nair,PERSONAL,BANK_A,2698,MEDIUM,ENT00396
ACC00588,Nair Fashions,BUSINESS,BANK_A,2408,MEDIUM,ENT00396
ACC00589,Iyengar Agro Industries,BUSINESS,BANK_B,2877,HIGH,ENT00397
ACC00590,Qureshi Exports,BUSINESS,BANK_B,1873,MEDIUM,ENT00398
ACC00591,Anita Brar,PERSONAL,BANK_A,795,MEDIUM,ENT00399
ACC00592,Geeta Bansal,PERSONAL,BANK_A,2986,HIGH,ENT00400
ACC00593,Mahesh Iyer,PERSONAL,BANK_A,167,HIGH,ENT00401
ACC00594,Rajwinder Bansal,PERSONAL,BANK_B,82,HIGH,ENT00402
ACC00595,Ghosh Hardware,BUSINESS,BANK_A,821,MEDIUM,ENT00403
ACC00596,Singh Constructions,BUSINESS,BANK_B,3178,LOW,ENT00404
ACC00597,Venkatesh Rao,PERSONAL,BANK_A,606,HIGH,ENT00405
ACC00598,Anil Iyer,PERSONAL,BANK_B,3432,MEDIUM,ENT00406
ACC00599,Iyer Textiles,BUSINESS,BANK_B,2091,MEDIUM,ENT00406
ACC00600,Iyer Retail,BUSINESS,BANK_B,1703,MEDIUM,ENT00406
ACC00601,Prakash Sheikh,PERSONAL,BANK_A,3502,MEDIUM,ENT00407
ACC00602,Ramesh Gupta,PERSONAL,BANK_A,98,LOW,ENT00408
ACC00603,Gupta Foods,BUSINESS,BANK_B,235,MEDIUM,ENT00408
ACC00604,Mary Tiwari,PERSONAL,BANK_A,696,MEDIUM,ENT00409
ACC00605,Sanjay Menon,PERSONAL,BANK_B,2571,LOW,ENT00410
ACC00606,Vijay Mukherjee,PERSONAL,BANK_B,3462,MEDIUM,ENT00411
ACC00607,Malik Agro Industries,BUSINESS,BANK_B,3059,MEDIUM,ENT00412
ACC00608,Balaji Varghese,PERSONAL,BANK_A,266,MEDIUM,ENT00413
ACC00609,Lakshmi Thomas,PERSONAL,BANK_A,3392,MEDIUM,ENT00414
ACC00610,Gopal Sharma,PERSONAL,BANK_A,710,MEDIUM,ENT00415
ACC00611,Nisha Kumar,PERSONAL,BANK_A,805,MEDIUM,ENT00416
ACC00612,Kumar Fashions,BUSINESS,BANK_B,3081,MEDIUM,ENT00416
ACC00613,Sandeep Gupta,PERSONAL,BANK_B,3372,MEDIUM,ENT00417
ACC00614,Malik Retail,BUSINESS,BANK_A,3550,LOW,ENT00418
ACC00615,Bhavana Shah,PERSONAL,BANK_B,1237,HIGH,ENT00419
ACC00616,Sanjay Singh,PERSONAL,BANK_A,313,MEDIUM,ENT00420
ACC00617,Singh Motors,BUSINESS,BANK_A,3405,MEDIUM,ENT00420
ACC00618,Amit Kaur,PERSONAL,BANK_A,945,MEDIUM,ENT00421
ACC00619,Simran Mukherjee,PERSONAL,BANK_B,1305,MEDIUM,ENT00422
ACC00620,Sangeeta Pillai & Sons,PERSONAL,BANK_B,97,HIGH,ENT00423
ACC00621,Pillai & Sons Infotech,BUSINESS,BANK_A,2826,HIGH,ENT00423
ACC00622,Pillai & Sons Logistics,BUSINESS,BANK_A,3641,MEDIUM,ENT00423
ACC00623,Anjali Brar,PERSONAL,BANK_A,3632,HIGH,ENT00424
ACC00624,Brar Overseas,BUSINESS,BANK_A,2468,MEDIUM,ENT00424
ACC00625,Fatima Ghosh,PERSONAL,BANK_A,3567,MEDIUM,ENT00425
ACC00626,Ghosh Pharma,BUSINESS,BANK_B,1815,MEDIUM,ENT00425
ACC00627,Irfan Joshi,PERSONAL,BANK_B,3265,MEDIUM,ENT00426
ACC00628,Kiran Dhillon,PERSONAL,BANK_B,1595,LOW,ENT00427
ACC00629,Sneha Malhotra,PERSONAL,BANK_A,392,HIGH,ENT00428
ACC00630,Dinesh Nair,PERSONAL,BANK_B,3155,MEDIUM,ENT00429
ACC00631,Nair Retail,BUSINESS,BANK_B,1214,MEDIUM,ENT00429
ACC00632,Irfan Ahmed,PERSONAL,BANK_A,2572,MEDIUM,ENT00430
ACC00633,Yadav Logistics,BUSINESS,BANK_A,1980,MEDIUM,ENT00431
ACC00634,Irfan Trivedi,PERSONAL,BANK_A,3039,HIGH,ENT00432
ACC00635,Jaspreet Sharma,PERSONAL,BANK_A,1009,MEDIUM,ENT00433
ACC00636,Balaji Agarwal,PERSONAL,BANK_B,2125,MEDIUM,ENT00434
ACC00637,Vandana Kaur,PERSONAL,BANK_B,2806,LOW,ENT00435
ACC00638,Manpreet Joshi,PERSONAL,BANK_B,1772,MEDIUM,ENT00436
ACC00639,Joshi Motors,BUSINESS,BANK_B,811,MEDIUM,ENT00436
ACC00640,Joshi Motors,BUSINESS,BANK_A,544,LOW,ENT00436
ACC00641,Sabiha Varghese,PERSONAL,BANK_A,3104,MEDIUM,ENT00437
ACC00642,Neha Bose,PERSONAL,BANK_B,2773,HIGH,ENT00438
ACC00643,Rahul Pillai & Sons,PERSONAL,BANK_A,1545,HIGH,ENT00439
ACC00644,Pillai & Sons Foods,BUSINESS,BANK_A,232,MEDIUM,ENT00439
ACC00645,Rahul Saxena,PERSONAL,BANK_A,3601,MEDIUM,ENT00440
ACC00646,Anjali Pillai & Sons,PERSONAL,BANK_A,1798,MEDIUM,ENT00441
ACC00647,Anjali Patel,PERSONAL,BANK_A,1923,MEDIUM,ENT00442
ACC00648,Vikram Bhatt,PERSONAL,BANK_A,527,MEDIUM,ENT00443
ACC00649,Iyengar Pharma,BUSINESS,BANK_B,934,MEDIUM,ENT00444
ACC00650,Manpreet Iyer,PERSONAL,BANK_B,432,MEDIUM,ENT00445
ACC00651,Deepa Gill,PERSONAL,BANK_B,1113,MEDIUM,ENT00446
ACC00652,Anil Kaur,PERSONAL,BANK_A,2134,MEDIUM,ENT00447
ACC00653,Kaur Agro Industries,BUSINESS,BANK_B,2890,MEDIUM,ENT00447
ACC00654,Sunil Malhotra,PERSONAL,BANK_A,459,LOW,ENT00448
ACC00655,Harish Kapoor,PERSONAL,BANK_B,2521,MEDIUM,ENT00449
ACC00656,Vandana Banerjee,PERSONAL,BANK_A,696,MEDIUM,ENT00450
ACC00657,Vijay Kaur,PERSONAL,BANK_A,2384,MEDIUM,ENT00451
ACC00658,Bhatt Agro Industries,BUSINESS,BANK_B,1477,MEDIUM,ENT00452
ACC00659,Susan Pillai & Sons,PERSONAL,BANK_B,761,MEDIUM,ENT00453
ACC00660,Pillai & Sons Agro Industries,BUSINESS,BANK_B,2042,MEDIUM,ENT00453
ACC00661,Pillai & Sons Hardware,BUSINESS,BANK_B,2688,MEDIUM,ENT00453
ACC00662,Vinod Singh,PERSONAL,BANK_A,1047,MEDIUM,ENT00454
ACC00663,Srinivas Gill,PERSONAL,BANK_A,2291,HIGH,ENT00455
ACC00664,Irfan Saxena,PERSONAL,BANK_B,575,MEDIUM,ENT00456
ACC00665,Shobha Chatterjee,PERSONAL,BANK_B,525,MEDIUM,ENT00457
ACC00666,Faisal Trivedi,PERSONAL,BANK_B,2093,HIGH,ENT00458
ACC00667,Trivedi Traders,BUSINESS,BANK_B,2860,HIGH,ENT00458
ACC00668,Vandana Ansari,PERSONAL,BANK_A,726,MEDIUM,ENT00459
ACC00669,Balaji Chatterjee,PERSONAL,BANK_B,2060,MEDIUM,ENT00460
ACC00670,Chatterjee Foods,BUSINESS,BANK_A,2038,MEDIUM,ENT00460
ACC00671,Ajay Qureshi,PERSONAL,BANK_A,2620,MEDIUM,ENT00461
ACC00672,Harleen Khan,PERSONAL,BANK_B,1382,LOW,ENT00462
ACC00673,Amit Kapoor,PERSONAL,BANK_B,1278,MEDIUM,ENT00463
ACC00674,Kapoor Fashions,BUSINESS,BANK_B,2067,MEDIUM,ENT00463
ACC00675,Padma Dhillon,PERSONAL,BANK_B,791,MEDIUM,ENT00464
ACC00676,Thomas Mukherjee,PERSONAL,BANK_B,3261,MEDIUM,ENT00465
ACC00677,Mukherjee Exports,BUSINESS,BANK_A,2961,LOW,ENT00465
ACC00678,Manoj Sharma,PERSONAL,BANK_B,2737,MEDIUM,ENT00466
ACC00679,Gaurav Pandey,PERSONAL,BANK_A,2256,MEDIUM,ENT00467
ACC00680,Pandey Infotech,BUSINESS,BANK_B,2255,MEDIUM,ENT00467
ACC00681,Gaurav Pillai,PERSONAL,BANK_B,2127,HIGH,ENT00468
ACC00682,Preethi Chatterjee,PERSONAL,BANK_B,2830,MEDIUM,ENT00469
ACC00683,Usha Kapoor,PERSONAL,BANK_A,3021,MEDIUM,ENT00470
ACC00684,Kapoor Infotech,BUSINESS,BANK_A,1406,HIGH,ENT00470
ACC00685,Das Hardware,BUSINESS,BANK_A,3095,MEDIUM,ENT00471
ACC00686,Anjali Dubey,PERSONAL,BANK_B,1506,MEDIUM,ENT00472
ACC00687,Dubey Overseas,BUSINESS,BANK_B,652,MEDIUM,ENT00472
ACC00688,Ayesha Sengupta,PERSONAL,BANK_A,221,MEDIUM,ENT00473
ACC00689,Venkatesh Iyer,PERSONAL,BANK_A,1822,HIGH,ENT00474
ACC00690,Joseph Kaur,PERSONAL,BANK_A,932,MEDIUM,ENT00475
ACC00691,Sunil Kapoor,PERSONAL,BANK_B,1894,MEDIUM,ENT00476
ACC00692,Arun Sengupta,PERSONAL,BANK_A,988,HIGH,ENT00477
ACC00693,Bhavana Ansari,PERSONAL,BANK_B,1598,LOW,ENT00478
ACC00694,Srinivas Chauhan,PERSONAL,BANK_A,1844,HIGH,ENT00479
ACC00695,Divya Ahmed,PERSONAL,BANK_A,1831,MEDIUM,ENT00480
ACC00696,Manpreet Brar,PERSONAL,BANK_A,2614,MEDIUM,ENT00481
ACC00697,Brar Pharma,BUSINESS,BANK_A,1732,MEDIUM,ENT00481
ACC00698,Lakshmi Khan,PERSONAL,BANK_B,421,HIGH,ENT00482
ACC00699,Harpreet Malhotra,PERSONAL,BANK_B,1588,HIGH,ENT00483
ACC00700,Malhotra Textiles,BUSINESS,BANK_A,411,LOW,ENT00483
ACC00701,Sabiha Saxena,PERSONAL,BANK_A,1097,MEDIUM,ENT00484
ACC00702,Sanjay Ahmed,PERSONAL,BANK_B,431,MEDIUM,ENT00485
ACC00703,Jaspreet Sengupta,PERSONAL,BANK_A,1717,MEDIUM,ENT00486
ACC00704,Sengupta Distributors,BUSINESS,BANK_B,2753,HIGH,ENT00486
ACC00705,Sengupta Motors,BUSINESS,BANK_A,2532,HIGH,ENT00486
ACC00706,Gurpreet Nair,PERSONAL,BANK_B,714,MEDIUM,ENT00487
ACC00707,Venkatesh Agarwal,PERSONAL,BANK_B,1875,MEDIUM,ENT00488
ACC00708,Priya Malik,PERSONAL,BANK_A,1456,MEDIUM,ENT00489
ACC00709,Balaji Agarwal,PERSONAL,BANK_B,1977,LOW,ENT00490
ACC00710,Muthu Mishra,PERSONAL,BANK_B,655,LOW,ENT00491
ACC00711,Vijay Sharma,PERSONAL,BANK_B,1951,LOW,ENT00492
ACC00712,Ajay Malik,PERSONAL,BANK_B,1987,MEDIUM,ENT00493
ACC00713,Nitin Gupta,PERSONAL,BANK_A,900,MEDIUM,ENT00494
ACC00714,Kritika Khan,PERSONAL,BANK_B,647,MEDIUM,ENT00495
ACC00715,Suresh Jain,PERSONAL,BANK_A,3187,LOW,ENT00496
ACC00716,Jain Logistics,BUSINESS,BANK_B,1180,MEDIUM,ENT00496
ACC00717,Jain Traders,BUSINESS,BANK_A,1526,MEDIUM,ENT00496
ACC00718,Pooja Ghosh,PERSONAL,BANK_B,523,MEDIUM,ENT00497
ACC00719,Ghosh Pharma,BUSINESS,BANK_B,2587,MEDIUM,ENT00497
ACC00720,Ghosh Infotech,BUSINESS,BANK_B,2813,MEDIUM,ENT00497
ACC00721,Manisha Agarwal,PERSONAL,BANK_A,1737,LOW,ENT00498
ACC00722,Agarwal Traders,BUSINESS,BANK_A,3433,MEDIUM,ENT00498
ACC00723,Bhavana Malhotra,PERSONAL,BANK_B,1043,MEDIUM,ENT00499
ACC00724,Malhotra Pharma,BUSINESS,BANK_B,1886,HIGH,ENT00499
ACC00725,Karthik Chauhan,PERSONAL,BANK_A,1341,MEDIUM,ENT00500
ACC00726,Padma Iyer,PERSONAL,BANK_B,2208,MEDIUM,ENT00501
ACC00727,Iyer Pharma,BUSINESS,BANK_A,3500,MEDIUM,ENT00501
ACC00728,George Brar,PERSONAL,BANK_B,441,LOW,ENT00502
ACC00729,Nitin Iyer,PERSONAL,BANK_A,404,MEDIUM,ENT00503
ACC00730,Iyer Retail,BUSINESS,BANK_A,351,HIGH,ENT00503
ACC00731,Gurpreet Naidu,PERSONAL,BANK_A,453,HIGH,ENT00504
ACC00732,Kiran Tiwari,PERSONAL,BANK_A,2196,MEDIUM,ENT00505
ACC00733,Anjali Varghese,PERSONAL,BANK_A,1605,MEDIUM,ENT00506
ACC00734,Varghese Traders,BUSINESS,BANK_A,495,MEDIUM,ENT00506
ACC00735,Anil Nair,PERSONAL,BANK_B,827,MEDIUM,ENT00507
ACC00736,Nair Logistics,BUSINESS,BANK_A,747,MEDIUM,ENT00507
ACC00737,Balaji Reddy,PERSONAL,BANK_A,79,LOW,ENT00508
ACC00738,Reddy Traders,BUSINESS,BANK_A,1857,HIGH,ENT00508
ACC00739,Kavita Kumar,PERSONAL,BANK_B,3085,HIGH,ENT00509
ACC00740,Priya Pillai,PERSONAL,BANK_B,3634,MEDIUM,ENT00510
ACC00741,Thomas Sidhu,PERSONAL,BANK_A,2554,LOW,ENT00511
ACC00742,Ravi Pillai,PERSONAL,BANK_B,233,LOW,ENT00512
ACC00743,Pillai Logistics,BUSINESS,BANK_A,2621,MEDIUM,ENT00512
ACC00744,Pillai Retail,BUSINESS,BANK_B,1562,MEDIUM,ENT00512
ACC00745,Meena Nair,PERSONAL,BANK_B,3170,MEDIUM,ENT00513
ACC00746,Nair Foods,BUSINESS,BANK_A,3221,MEDIUM,ENT00513
ACC00747,Nair Infotech,BUSINESS,BANK_A,1257,MEDIUM,ENT00513
ACC00748,Muthu Das,PERSONAL,BANK_A,853,MEDIUM,ENT00514
ACC00749,Kalpana Gupta,PERSONAL,BANK_B,617,HIGH,ENT00515
ACC00750,Susan Tiwari,PERSONAL,BANK_B,2249,LOW,ENT00516
ACC00751,Karthik Nair,PERSONAL,BANK_B,475,MEDIUM,ENT00517
ACC00752,Sheikh Traders,BUSINESS,BANK_B,1336,HIGH,ENT00518
ACC00753,Deepak Tiwari,PERSONAL,BANK_A,3210,MEDIUM,ENT00519
ACC00754,Sandeep Iyengar,PERSONAL,BANK_A,1846,MEDIUM,ENT00520
ACC00755,Sandeep Ghosh,PERSONAL,BANK_B,1008,MEDIUM,ENT00521
ACC00756,Ravi Pandey,PERSONAL,BANK_A,1501,MEDIUM,ENT00522
ACC00757,Gurpreet Iyer,PERSONAL,BANK_B,3635,MEDIUM,ENT00523
ACC00758,Iyer Textiles,BUSINESS,BANK_B,1122,MEDIUM,ENT00523
ACC00759,Vasantha Jain,PERSONAL,BANK_A,3625,MEDIUM,ENT00524
ACC00760,Deepa Dubey,PERSONAL,BANK_B,3460,MEDIUM,ENT00525
ACC00761,Dubey Textiles,BUSINESS,BANK_B,3048,MEDIUM,ENT00525
ACC00762,Das Electronics,BUSINESS,BANK_A,2627,MEDIUM,ENT00526
ACC00763,Harpreet Verma,PERSONAL,BANK_A,1148,MEDIUM,ENT00527
ACC00764,Thomas Pillai,PERSONAL,BANK_B,867,MEDIUM,ENT00528
ACC00765,Pillai Distributors,BUSINESS,BANK_B,2446,MEDIUM,ENT00528
ACC00766,Simran Dubey,PERSONAL,BANK_A,621,HIGH,ENT00529
ACC00767,Balaji Das,PERSONAL,BANK_B,2095,MEDIUM,ENT00530
ACC00768,Shobha Ansari,PERSONAL,BANK_B,1592,MEDIUM,ENT00531
ACC00769,Simran Desai,PERSONAL,BANK_B,614,MEDIUM,ENT00532
ACC00770,Gurpreet Joshi,PERSONAL,BANK_A,1537,HIGH,ENT00533
ACC00771,Joshi Fashions,BUSINESS,BANK_A,2105,MEDIUM,ENT00533
ACC00772,Zeenat Varghese,PERSONAL,BANK_A,78,MEDIUM,ENT00534
ACC00773,Usha Yadav,PERSONAL,BANK_A,282,MEDIUM,ENT00535
ACC00774,Yadav Motors,BUSINESS,BANK_A,867,HIGH,ENT00535
ACC00775,Rajwinder Bhatt,PERSONAL,BANK_A,3286,MEDIUM,ENT00536
ACC00776,Manpreet Shah,PERSONAL,BANK_A,1630,MEDIUM,ENT00537
ACC00777,Shah Exports,BUSINESS,BANK_A,1211,MEDIUM,ENT00537
ACC00778,Qureshi Enterprises,BUSINESS,BANK_A,2092,MEDIUM,ENT00538
ACC00779,Anjali Varghese,PERSONAL,BANK_A,673,MEDIUM,ENT00539
ACC00780,Varghese Pharma,BUSINESS,BANK_B,1469,MEDIUM,ENT00539
ACC00781,Varghese Electronics,BUSINESS,BANK_B,1563,MEDIUM,ENT00539
ACC00782,Naveen Pillai,PERSONAL,BANK_B,2839,HIGH,ENT00540
ACC00783,Meena Kumar,PERSONAL,BANK_B,1539,MEDIUM,ENT00541
ACC00784,Rajwinder Nair,PERSONAL,BANK_B,2655,MEDIUM,ENT00542
ACC00785,George Menon,PERSONAL,BANK_A,1033,MEDIUM,ENT00543
ACC00786,Menon Motors,BUSINESS,BANK_B,1895,HIGH,ENT00543
ACC00787,Padma Varghese,PERSONAL,BANK_A,1449,LOW,ENT00544
ACC00788,Shobha Brar,PERSONAL,BANK_A,320,MEDIUM,ENT00545
ACC00789,Bose Fashions,BUSINESS,BANK_A,845,MEDIUM,ENT00546
ACC00790,Susan Qureshi,PERSONAL,BANK_A,2076,MEDIUM,ENT00547
ACC00791,Usha Malik,PERSONAL,BANK_B,3321,LOW,ENT00548
ACC00792,Usha Mishra,PERSONAL,BANK_A,78,HIGH,ENT00549
ACC00793,Sabiha Kumar,PERSONAL,BANK_A,2800,MEDIUM,ENT00550
ACC00794,Kumar Textiles,BUSINESS,BANK_B,1082,MEDIUM,ENT00550
ACC00795,Shah Constructions,BUSINESS,BANK_A,1250,MEDIUM,ENT00551
ACC00796,Anita Joshi,PERSONAL,BANK_A,155,MEDIUM,ENT00552
ACC00797,Joshi Pharma,BUSINESS,BANK_B,2896,MEDIUM,ENT00552
ACC00798,Kritika Agarwal,PERSONAL,BANK_B,1185,HIGH,ENT00553
ACC00799,Sunil Patel,PERSONAL,BANK_B,2382,HIGH,ENT00554
ACC00800,Patel Enterprises,BUSINESS,BANK_A,3469,MEDIUM,ENT00554
ACC00801,Patel Retail,BUSINESS,BANK_A,1200,MEDIUM,ENT00554
ACC00802,Qureshi Pharma,BUSINESS,BANK_A,2720,MEDIUM,ENT00555
ACC00803,Banerjee Foods,BUSINESS,BANK_B,2827,MEDIUM,ENT00556
ACC00804,Ayesha Ahmed,PERSONAL,BANK_B,981,LOW,ENT00557
ACC00805,Ahmed Distributors,BUSINESS,BANK_B,3308,MEDIUM,ENT00557
ACC00806,Dinesh Gill,PERSONAL,BANK_B,3356,MEDIUM,ENT00558
ACC00807,Gill Textiles,BUSINESS,BANK_A,1943,MEDIUM,ENT00558
ACC00808,Qureshi Agro Industries,BUSINESS,BANK_B,1010,LOW,ENT00559
ACC00809,Sunil Mishra,PERSONAL,BANK_B,320,HIGH,ENT00560
ACC00810,Manpreet Banerjee,PERSONAL,BANK_A,2509,MEDIUM,ENT00561
ACC00811,Mary Iyengar,PERSONAL,BANK_B,3404,MEDIUM,ENT00562
ACC00812,Iyengar Constructions,BUSINESS,BANK_B,1099,MEDIUM,ENT00562
ACC00813,Dhillon Textiles,BUSINESS,BANK_A,3611,LOW,ENT00563
ACC00814,Khan Traders,BUSINESS,BANK_A,2960,LOW,ENT00564
ACC00815,Priya Pandey,PERSONAL,BANK_A,464,MEDIUM,ENT00565
ACC00816,Lakshmi Patel,PERSONAL,BANK_B,587,HIGH,ENT00566
ACC00817,Ravi Iyer,PERSONAL,BANK_B,1528,HIGH,ENT00567
ACC00818,Iyer Constructions,BUSINESS,BANK_B,365,HIGH,ENT00567
ACC00819,Rohit Bhatt,PERSONAL,BANK_B,2519,MEDIUM,ENT00568
ACC00820,Bhatt Hardware,BUSINESS,BANK_B,3508,MEDIUM,ENT00568
ACC00821,Simran Gupta,PERSONAL,BANK_A,3142,MEDIUM,ENT00569
ACC00822,Gupta Exports,BUSINESS,BANK_A,2740,MEDIUM,ENT00569
ACC00823,Ghosh Electronics,BUSINESS,BANK_A,1996,MEDIUM,ENT00570
ACC00824,Vikram Jain,PERSONAL,BANK_B,2137,HIGH,ENT00571
ACC00825,Jain Fashions,BUSINESS,BANK_A,2574,HIGH,ENT00571
ACC00826,Rajwinder Shah,PERSONAL,BANK_B,511,HIGH,ENT00572
ACC00827,Shah Foods,BUSINESS,BANK_B,2586,MEDIUM,ENT00572
ACC00828,Shah Hardware,BUSINESS,BANK_B,242,MEDIUM,ENT00572
ACC00829,Gopal Shah,PERSONAL,BANK_B,1725,HIGH,ENT00573
ACC00830,Nithya Das,PERSONAL,BANK_B,469,MEDIUM,ENT00574
ACC00831,Das Agro Industries,BUSINESS,BANK_B,253,MEDIUM,ENT00574
ACC00832,Shobha Brar,PERSONAL,BANK_B,862,MEDIUM,ENT00575
ACC00833,Arun Khan,PERSONAL,BANK_A,2497,LOW,ENT00576
ACC00834,Khan Hardware,BUSINESS,BANK_B,1382,HIGH,ENT00576
ACC00835,Khan Motors,BUSINESS,BANK_A,559,MEDIUM,ENT00576
ACC00836,Anita Das,PERSONAL,BANK_A,1335,MEDIUM,ENT00577
ACC00837,Das Exports,BUSINESS,BANK_B,556,MEDIUM,ENT00577
ACC00838,Anjali Agarwal,PERSONAL,BANK_B,720,MEDIUM,ENT00578
ACC00839,Kalpana Bansal,PERSONAL,BANK_B,756,MEDIUM,ENT00579
ACC00840,Manisha Patel,PERSONAL,BANK_B,2686,LOW,ENT00580
ACC00841,Patel Agro Industries,BUSINESS,BANK_B,3253,MEDIUM,ENT00580
ACC00842,Gopal Iyer,PERSONAL,BANK_B,3616,LOW,ENT00581
ACC00843,Iyer Logistics,BUSINESS,BANK_A,2872,MEDIUM,ENT00581
ACC00844,Vijay Agarwal,PERSONAL,BANK_A,3635,MEDIUM,ENT00582
ACC00845,Agarwal Enterprises,BUSINESS,BANK_A,760,MEDIUM,ENT00582
ACC00846,Kiran Dhillon,PERSONAL,BANK_B,868,MEDIUM,ENT00583
ACC00847,Agarwal Hardware,BUSINESS,BANK_A,2236,MEDIUM,ENT00584
ACC00848,Rao Pharma,BUSINESS,BANK_B,552,MEDIUM,ENT00585
ACC00849,Gupta Agro Industries,BUSINESS,BANK_B,482,MEDIUM,ENT00586
ACC00850,Iyengar Traders,BUSINESS,BANK_B,1244,MEDIUM,ENT00587
ACC00851,Rajesh Pandey,PERSONAL,BANK_A,2194,HIGH,ENT00588
ACC00852,Menon Overseas,BUSINESS,BANK_B,3501,MEDIUM,ENT00589
ACC00853,Mary Kaur,PERSONAL,BANK_B,2798,MEDIUM,ENT00590
ACC00854,Pooja Chauhan,PERSONAL,BANK_A,667,LOW,ENT00591
ACC00855,Rahul Gupta,PERSONAL,BANK_B,1008,HIGH,ENT00592
ACC00856,Manpreet Khan,PERSONAL,BANK_A,2927,MEDIUM,ENT00593
ACC00857,Khan Hardware,BUSINESS,BANK_B,3628,HIGH,ENT00593
ACC00858,Sangeeta Sandhu,PERSONAL,BANK_A,3482,MEDIUM,ENT00594
ACC00859,Manoj Bansal,PERSONAL,BANK_A,1677,HIGH,ENT00595
ACC00860,Zubair Thomas,PERSONAL,BANK_B,2175,LOW,ENT00596
ACC00861,Thomas Logistics,BUSINESS,BANK_B,2551,HIGH,ENT00596
ACC00862,Thomas Logistics,BUSINESS,BANK_A,2389,HIGH,ENT00596
ACC00863,Thomas Retail,BUSINESS,BANK_A,923,LOW,ENT00596
ACC00864,Mary Menon,PERSONAL,BANK_A,2998,MEDIUM,ENT00597
ACC00865,Harleen Singh,PERSONAL,BANK_A,2805,MEDIUM,ENT00598
ACC00866,Singh Foods,BUSINESS,BANK_B,3010,MEDIUM,ENT00598
ACC00867,Joseph Khan,PERSONAL,BANK_B,2149,LOW,ENT00599
ACC00868,Verma Hardware,BUSINESS,BANK_A,2266,HIGH,ENT00600
ACC00869,Sanjay Bansal,PERSONAL,BANK_B,491,MEDIUM,ENT00601
ACC00870,Bansal Fashions,BUSINESS,BANK_A,3120,LOW,ENT00601
ACC00871,Ravi Malik,PERSONAL,BANK_A,2341,HIGH,ENT00602
ACC00872,Divya Rao,PERSONAL,BANK_B,2326,LOW,ENT00603
ACC00873,Geeta Chatterjee,PERSONAL,BANK_B,401,MEDIUM,ENT00604
ACC00874,Chatterjee Infotech,BUSINESS,BANK_A,1621,MEDIUM,ENT00604
ACC00875,Karthik Khan,PERSONAL,BANK_A,2538,LOW,ENT00605
ACC00876,Aarti Das,PERSONAL,BANK_B,895,HIGH,ENT00606
ACC00877,Das Electronics,BUSINESS,BANK_A,841,MEDIUM,ENT00606
ACC00878,Sandeep Gill,PERSONAL,BANK_B,2307,MEDIUM,ENT00607
ACC00879,Tiwari Distributors,BUSINESS,BANK_A,3573,MEDIUM,ENT00608
ACC00880,Fatima Desai,PERSONAL,BANK_A,308,HIGH,ENT00609
ACC00881,Dinesh Sandhu,PERSONAL,BANK_A,2508,MEDIUM,ENT00610
ACC00882,Sandhu Hardware,BUSINESS,BANK_A,2281,HIGH,ENT00610
ACC00883,Ravi Naidu,PERSONAL,BANK_A,1055,MEDIUM,ENT00611
ACC00884,Swati Gill,PERSONAL,BANK_A,1909,MEDIUM,ENT00612
ACC00885,Gill Fashions,BUSINESS,BANK_A,1731,MEDIUM,ENT00612
ACC00886,Rao Motors,BUSINESS,BANK_B,3363,HIGH,ENT00613
ACC00887,Faisal Brar,PERSONAL,BANK_A,2065,LOW,ENT00614
ACC00888,Sarita Verma,PERSONAL,BANK_B,2857,MEDIUM,ENT00615
ACC00889,Thomas Sandhu,PERSONAL,BANK_A,238,MEDIUM,ENT00616
ACC00890,Muthu Dubey,PERSONAL,BANK_B,2711,LOW,ENT00617
ACC00891,Deepa Nair,PERSONAL,BANK_B,1592,LOW,ENT00618
ACC00892,Nair Retail,BUSINESS,BANK_B,454,HIGH,ENT00618
ACC00893,Nair Retail,BUSINESS,BANK_B,3256,MEDIUM,ENT00618
ACC00894,Amit Das,PERSONAL,BANK_A,3494,LOW,ENT00619
ACC00895,Simran Khan,PERSONAL,BANK_A,2011,MEDIUM,ENT00620
ACC00896,Prakash Pillai & Sons,PERSONAL,BANK_B,3017,MEDIUM,ENT00621
ACC00897,Balaji Dhillon,PERSONAL,BANK_B,528,MEDIUM,ENT00622
ACC00898,Pooja Sharma,PERSONAL,BANK_B,3371,MEDIUM,ENT00623
ACC00899,Sharma Motors,BUSINESS,BANK_A,1207,MEDIUM,ENT00623
ACC00900,Ashok Ghosh,PERSONAL,BANK_A,2093,MEDIUM,ENT00624
ACC00901,Amit Agarwal,PERSONAL,BANK_A,1612,MEDIUM,ENT00625
ACC00902,Agarwal Retail,BUSINESS,BANK_B,719,MEDIUM,ENT00625
ACC00903,Agarwal Hardware,BUSINESS,BANK_A,3472,MEDIUM,ENT00625
ACC00904,Nithya Nair,PERSONAL,BANK_B,364,LOW,ENT00626
ACC00905,Kalpana Naidu,PERSONAL,BANK_B,630,MEDIUM,ENT00627
ACC00906,Arjun Nair,PERSONAL,BANK_A,844,HIGH,ENT00628
ACC00907,Sanjay Ahmed,PERSONAL,BANK_B,2238,MEDIUM,ENT00629
ACC00908,Ahmed Overseas,BUSINESS,BANK_B,574,MEDIUM,ENT00629
ACC00909,Ahmed Constructions,BUSINESS,BANK_B,1652,HIGH,ENT00629
ACC00910,Thomas Bose,PERSONAL,BANK_A,2032,LOW,ENT00630
ACC00911,Anjali Agarwal,PERSONAL,BANK_A,444,MEDIUM,ENT00631
ACC00912,Sneha Bhatt,PERSONAL,BANK_A,597,MEDIUM,ENT00632
ACC00913,Ashok Kapoor,PERSONAL,BANK_A,1926,MEDIUM,ENT00633
ACC00914,Kapoor Overseas,BUSINESS,BANK_B,1197,MEDIUM,ENT00633
ACC00915,Anita Mukherjee,PERSONAL,BANK_A,2326,MEDIUM,ENT00634
ACC00916,Chatterjee Textiles,BUSINESS,BANK_A,3241,MEDIUM,ENT00635
ACC00917,Anita Desai,PERSONAL,BANK_B,1287,MEDIUM,ENT00636
ACC00918,Kritika Mukherjee,PERSONAL,BANK_B,3097,LOW,ENT00637
ACC00919,Mukherjee Logistics,BUSINESS,BANK_B,2595,MEDIUM,ENT00637
ACC00920,Nithya Bose,PERSONAL,BANK_B,723,MEDIUM,ENT00638
ACC00921,Simran Tiwari,PERSONAL,BANK_B,2526,HIGH,ENT00639
ACC00922,Tiwari Retail,BUSINESS,BANK_B,2578,MEDIUM,ENT00639
ACC00923,Tiwari Textiles,BUSINESS,BANK_B,3091,MEDIUM,ENT00639
ACC00924,Sidhu Pharma,BUSINESS,BANK_B,3395,MEDIUM,ENT00640
ACC00925,Sunil Nair,PERSONAL,BANK_A,2433,MEDIUM,ENT00641
ACC00926,Harish Desai,PERSONAL,BANK_B,2635,MEDIUM,ENT00642
ACC00927,Thomas Rao,PERSONAL,BANK_A,1016,MEDIUM,ENT00643
ACC00928,Pooja Brar,PERSONAL,BANK_A,1141,MEDIUM,ENT00644
ACC00929,Harish Agarwal,PERSONAL,BANK_B,2710,HIGH,ENT00645
ACC00930,Ravi Mukherjee,PERSONAL,BANK_B,2781,MEDIUM,ENT00646
ACC00931,Kumar Logistics,BUSINESS,BANK_A,1439,MEDIUM,ENT00647
ACC00932,Nisha Khan,PERSONAL,BANK_A,765,HIGH,ENT00648
ACC00933,Rohit Chauhan,PERSONAL,BANK_A,1470,MEDIUM,ENT00649
ACC00934,Nitin Patel,PERSONAL,BANK_A,1692,MEDIUM,ENT00650
ACC00935,Patel Exports,BUSINESS,BANK_A,2421,LOW,ENT00650
ACC00936,Sunita Ansari,PERSONAL,BANK_B,1367,MEDIUM,ENT00651
ACC00937,Ansari Distributors,BUSINESS,BANK_B,3380,MEDIUM,ENT00651
ACC00938,Sandeep Pillai & Sons,PERSONAL,BANK_A,1847,HIGH,ENT00652
ACC00939,Arjun Sengupta,PERSONAL,BANK_A,2733,MEDIUM,ENT00653
ACC00940,Vijay Malhotra,PERSONAL,BANK_B,2323,LOW,ENT00654
ACC00941,Malhotra Logistics,BUSINESS,BANK_B,1762,LOW,ENT00654
ACC00942,Balaji Dubey,PERSONAL,BANK_A,779,LOW,ENT00655
ACC00943,Dubey Distributors,BUSINESS,BANK_A,129,MEDIUM,ENT00655
ACC00944,Bhavana Desai,PERSONAL,BANK_A,1126,HIGH,ENT00656
ACC00945,Kalpana Yadav,PERSONAL,BANK_B,721,MEDIUM,ENT00657
ACC00946,Sandeep Rao,PERSONAL,BANK_B,2752,MEDIUM,ENT00658
ACC00947,Rao Traders,BUSINESS,BANK_B,3288,HIGH,ENT00658
ACC00948,Jyoti Pillai,PERSONAL,BANK_B,2272,HIGH,ENT00659
ACC00949,Pillai Electronics,BUSINESS,BANK_A,2862,MEDIUM,ENT00659
ACC00950,Harish Gill,PERSONAL,BANK_A,1211,MEDIUM,ENT00660
ACC00951,Gill Hardware,BUSINESS,BANK_B,553,MEDIUM,ENT00660
ACC00952,Manpreet Yadav,PERSONAL,BANK_A,1693,MEDIUM,ENT00661
ACC00953,Anita Verma,PERSONAL,BANK_B,160,HIGH,ENT00662
ACC00954,Kavita Varghese,PERSONAL,BANK_B,2155,MEDIUM,ENT00663
ACC00955,Suresh Khan,PERSONAL,BANK_B,2767,MEDIUM,ENT00664
ACC00956,Khan Textiles,BUSINESS,BANK_A,2330,MEDIUM,ENT00664
ACC00957,Balaji Bhatt,PERSONAL,BANK_A,448,MEDIUM,ENT00665
ACC00958,Deepa Ghosh,PERSONAL,BANK_A,2585,MEDIUM,ENT00666
ACC00959,Sanjay Kaur,PERSONAL,BANK_B,401,MEDIUM,ENT00667
ACC00960,Ayesha Malik,PERSONAL,BANK_B,2848,LOW,ENT00668
ACC00961,Sabiha Gill,PERSONAL,BANK_A,394,MEDIUM,ENT00669
ACC00962,Simran Ahmed,PERSONAL,BANK_A,1203,HIGH,ENT00670
ACC00963,Anjali Bhatt,PERSONAL,BANK_A,2675,MEDIUM,ENT00671
ACC00964,Bhatt Hardware,BUSINESS,BANK_A,2957,MEDIUM,ENT00671
ACC00965,Bhatt Overseas,BUSINESS,BANK_A,3208,MEDIUM,ENT00671
ACC00966,Kalpana Tiwari,PERSONAL,BANK_A,2905,MEDIUM,ENT00672
ACC00967,Fatima Chauhan,PERSONAL,BANK_A,2704,MEDIUM,ENT00673
ACC00968,Irfan Trivedi,PERSONAL,BANK_A,3306,LOW,ENT00674
ACC00969,Arun Sharma,PERSONAL,BANK_A,1122,HIGH,ENT00675
ACC00970,Kiran Tiwari,PERSONAL,BANK_B,1182,MEDIUM,ENT00676
ACC00971,Ayesha Sandhu,PERSONAL,BANK_A,124,MEDIUM,ENT00677
ACC00972,Sandhu Foods,BUSINESS,BANK_A,3181,MEDIUM,ENT00677
ACC00973,Anita Malhotra,PERSONAL,BANK_B,958,LOW,ENT00678
ACC00974,Malhotra Overseas,BUSINESS,BANK_B,1161,HIGH,ENT00678
ACC00975,Priya Yadav,PERSONAL,BANK_A,185,HIGH,ENT00679
ACC00976,Joseph Qureshi,PERSONAL,BANK_B,3126,MEDIUM,ENT00680
ACC00977,Prakash Mishra,PERSONAL,BANK_A,3128,MEDIUM,ENT00681
ACC00978,Nithya Tiwari,PERSONAL,BANK_B,994,MEDIUM,ENT00682
ACC00979,Aarti Pillai & Sons,PERSONAL,BANK_B,3220,HIGH,ENT00683
ACC00980,Pillai & Sons Motors,BUSINESS,BANK_B,2106,MEDIUM,ENT00683
ACC00981,Pooja Pandey,PERSONAL,BANK_B,322,MEDIUM,ENT00684
ACC00982,Pandey Infotech,BUSINESS,BANK_A,89,HIGH,ENT00684
ACC00983,Imran Yadav,PERSONAL,BANK_A,1527,MEDIUM,ENT00685
ACC00984,Yadav Agro Industries,BUSINESS,BANK_A,1030,HIGH,ENT00685
ACC00985,Suresh Qureshi,PERSONAL,BANK_A,124,LOW,ENT00686
ACC00986,Qureshi Infotech,BUSINESS,BANK_A,1387,HIGH,ENT00686
ACC00987,Qureshi Constructions,BUSINESS,BANK_B,1210,MEDIUM,ENT00686
ACC00988,Nitin Pillai & Sons,PERSONAL,BANK_B,1265,LOW,ENT00687
ACC00989,Pillai & Sons Foods,BUSINESS,BANK_B,2784,MEDIUM,ENT00687
ACC00990,Sengupta Electronics,BUSINESS,BANK_A,1892,MEDIUM,ENT00688
ACC00991,Jyoti Malhotra,PERSONAL,BANK_A,3397,MEDIUM,ENT00689
ACC00992,Malhotra Agro Industries,BUSINESS,BANK_A,2439,LOW,ENT00689
ACC00993,Gopal Joshi,PERSONAL,BANK_B,2221,MEDIUM,ENT00690
ACC00994,Iyer Distributors,BUSINESS,BANK_B,2758,MEDIUM,ENT00691
ACC00995,Muthu Sandhu,PERSONAL,BANK_B,2913,MEDIUM,ENT00692
ACC00996,Sandhu Hardware,BUSINESS,BANK_B,3440,MEDIUM,ENT00692
ACC00997,Dinesh Dhillon,PERSONAL,BANK_A,2792,MEDIUM,ENT00693
ACC00998,Dhillon Hardware,BUSINESS,BANK_A,3451,MEDIUM,ENT00693
ACC00999,Anjali Das,PERSONAL,BANK_B,1777,MEDIUM,ENT00694
ACC01000,Arjun Iyengar,PERSONAL,BANK_A,1820,HIGH,ENT00695
ACC01001,Priya Gupta,PERSONAL,BANK_A,2693,MEDIUM,ENT00696
ACC01002,Gupta Foods,BUSINESS,BANK_B,87,MEDIUM,ENT00696
ACC01003,Radha Kapoor,PERSONAL,BANK_A,1879,MEDIUM,ENT00697
ACC01004,Amit Banerjee,PERSONAL,BANK_B,2696,LOW,ENT00698
ACC01005,Banerjee Textiles,BUSINESS,BANK_B,1743,MEDIUM,ENT00698
ACC01006,Reddy Traders,BUSINESS,BANK_A,119,HIGH,ENT00699
ACC01007,Nisha Bhatt,PERSONAL,BANK_B,65,MEDIUM,ENT00700
ACC01008,Sneha Sheikh,PERSONAL,BANK_A,973,LOW,ENT00701
ACC01009,Simran Dhillon,PERSONAL,BANK_B,3557,MEDIUM,ENT00702
ACC01010,Irfan Chauhan,PERSONAL,BANK_A,1944,LOW,ENT00703
ACC01011,Mehta Motors,BUSINESS,BANK_A,1661,HIGH,ENT00704
ACC01012,Karthik Tiwari,PERSONAL,BANK_A,803,HIGH,ENT00705
ACC01013,Pankaj Banerjee,PERSONAL,BANK_A,1643,MEDIUM,ENT00706
ACC01014,Banerjee Infotech,BUSINESS,BANK_A,1210,LOW,ENT00706
ACC01015,Ravi Iyengar,PERSONAL,BANK_A,2315,MEDIUM,ENT00707
ACC01016,Zubair Tiwari,PERSONAL,BANK_A,2783,LOW,ENT00708
ACC01017,Nithya Gupta,PERSONAL,BANK_A,3410,HIGH,ENT00709
ACC01018,Deepa Iyengar,PERSONAL,BANK_B,3109,HIGH,ENT00710
ACC01019,Iyengar Hardware,BUSINESS,BANK_B,2980,MEDIUM,ENT00710
ACC01020,Deepa Mehta,PERSONAL,BANK_A,2721,HIGH,ENT00711
ACC01021,Sandeep Thomas,PERSONAL,BANK_A,399,LOW,ENT00712
ACC01022,Usha Bhatt,PERSONAL,BANK_A,3590,MEDIUM,ENT00713
ACC01023,Ashok Dhillon,PERSONAL,BANK_A,3567,MEDIUM,ENT00714
ACC01024,Dubey Constructions,BUSINESS,BANK_A,236,MEDIUM,ENT00715
ACC01025,Nitin Shah,PERSONAL,BANK_B,1046,MEDIUM,ENT00716
ACC01026,Rohit Desai,PERSONAL,BANK_B,2111,MEDIUM,ENT00717
ACC01027,Shreya Iyer,PERSONAL,BANK_A,3429,HIGH,ENT00718
ACC01028,Iyer Fashions,BUSINESS,BANK_A,2566,MEDIUM,ENT00718
ACC01029,Iyer Agro Industries,BUSINESS,BANK_A,1018,MEDIUM,ENT00718
ACC01030,Pankaj Chatterjee,PERSONAL,BANK_B,2848,MEDIUM,ENT00719
ACC01031,Pillai & Sons Hardware,BUSINESS,BANK_A,2004,HIGH,ENT00720
ACC01032,Manisha Yadav,PERSONAL,BANK_B,2556,LOW,ENT00721
ACC01033,Kavita Mishra,PERSONAL,BANK_A,686,MEDIUM,ENT00722
ACC01034,Ashok Ghosh,PERSONAL,BANK_A,3450,HIGH,ENT00723
ACC01035,Zubair Das,PERSONAL,BANK_A,1109,MEDIUM,ENT00724
ACC01036,Jaspreet Sharma,PERSONAL,BANK_B,1327,MEDIUM,ENT00725
ACC01037,Zubair Ghosh,PERSONAL,BANK_A,1096,HIGH,ENT00726
ACC01038,Manpreet Khan,PERSONAL,BANK_B,3117,MEDIUM,ENT00727
ACC01039,Pillai & Sons Constructions,BUSINESS,BANK_B,923,MEDIUM,ENT00728
ACC01040,Rajwinder Chauhan,PERSONAL,BANK_A,2961,MEDIUM,ENT00729
ACC01041,Rao Pharma,BUSINESS,BANK_B,844,MEDIUM,ENT00730
ACC01042,Jain Electronics,BUSINESS,BANK_B,515,HIGH,ENT00731
ACC01043,Patel Foods,BUSINESS,BANK_A,1429,LOW,ENT00732
ACC01044,Fatima Naidu,PERSONAL,BANK_B,3539,MEDIUM,ENT00733
ACC01045,Radha Menon,PERSONAL,BANK_A,1795,LOW,ENT00734
ACC01046,Menon Constructions,BUSINESS,BANK_B,1802,LOW,ENT00734
ACC01047,Menon Distributors,BUSINESS,BANK_B,3570,MEDIUM,ENT00734
ACC01048,Aarti Ghosh,PERSONAL,BANK_B,331,LOW,ENT00735
ACC01049,Arun Trivedi,PERSONAL,BANK_B,1207,MEDIUM,ENT00736
ACC01050,Gaurav Bose,PERSONAL,BANK_A,3152,MEDIUM,ENT00737
ACC01051,Bose Textiles,BUSINESS,BANK_B,1555,HIGH,ENT00737
ACC01052,Sanjay Bose,PERSONAL,BANK_A,3450,MEDIUM,ENT00738
ACC01053,Bose Electronics,BUSINESS,BANK_B,760,MEDIUM,ENT00738
ACC01054,Sanjay Ansari,PERSONAL,BANK_A,3423,LOW,ENT00739
ACC01055,Meena Thomas,PERSONAL,BANK_A,2673,HIGH,ENT00740
ACC01056,Karthik Sandhu,PERSONAL,BANK_B,1981,HIGH,ENT00741
ACC01057,Sandhu Infotech,BUSINESS,BANK_A,2045,HIGH,ENT00741
ACC01058,Sandhu Overseas,BUSINESS,BANK_A,2031,MEDIUM,ENT00741
ACC01059,Kavita Mishra,PERSONAL,BANK_B,929,HIGH,ENT00742
ACC01060,Venkatesh Verma,PERSONAL,BANK_B,1809,LOW,ENT00743
ACC01061,Harpreet Sheikh,PERSONAL,BANK_B,1911,LOW,ENT00744
ACC01062,Thomas Mehta,PERSONAL,BANK_A,2215,LOW,ENT00745
ACC01063,Sabiha Pillai,PERSONAL,BANK_B,305,MEDIUM,ENT00746
ACC01064,Pillai Fashions,BUSINESS,BANK_A,3494,MEDIUM,ENT00746
ACC01065,Rajesh Kaur,PERSONAL,BANK_B,2064,HIGH,ENT00747
ACC01066,Kaur Textiles,BUSINESS,BANK_A,2070,HIGH,ENT00747
ACC01067,Naveen Patel,PERSONAL,BANK_A,2906,LOW,ENT00748
ACC01068,Bhavana Gupta,PERSONAL,BANK_A,3598,MEDIUM,ENT00749
ACC01069,Karthik Rao,PERSONAL,BANK_B,2668,HIGH,ENT00750
ACC01070,Kiran Mishra,PERSONAL,BANK_A,1002,MEDIUM,ENT00751
ACC01071,Mishra Agro Industries,BUSINESS,BANK_A,3550,MEDIUM,ENT00751
ACC01072,Malhotra Foods,BUSINESS,BANK_B,1541,MEDIUM,ENT00752
ACC01073,Radha Sandhu,PERSONAL,BANK_A,3634,MEDIUM,ENT00753
ACC01074,Sheikh Retail,BUSINESS,BANK_B,2965,MEDIUM,ENT00754
ACC01075,Jyoti Sandhu,PERSONAL,BANK_A,519,LOW,ENT00755
ACC01076,Rajwinder Pillai,PERSONAL,BANK_A,3378,MEDIUM,ENT00756
ACC01077,Shobha Sheikh,PERSONAL,BANK_B,873,MEDIUM,ENT00757
ACC01078,Sheikh Enterprises,BUSINESS,BANK_B,3226,HIGH,ENT00757
ACC01079,Sheikh Enterprises,BUSINESS,BANK_A,205,HIGH,ENT00757
ACC01080,Sheikh Traders,BUSINESS,BANK_B,1591,HIGH,ENT00757
ACC01081,Jyoti Menon,PERSONAL,BANK_B,3051,MEDIUM,ENT00758
ACC01082,Anil Saxena,PERSONAL,BANK_B,2239,MEDIUM,ENT00759
ACC01083,Suresh Brar,PERSONAL,BANK_B,1292,MEDIUM,ENT00760
ACC01084,Brar Traders,BUSINESS,BANK_A,1413,MEDIUM,ENT00760
ACC01085,Brar Textiles,BUSINESS,BANK_A,3487,HIGH,ENT00760
ACC01086,Brar Agro Industries,BUSINESS,BANK_A,577,MEDIUM,ENT00760
ACC01087,Irfan Khan,PERSONAL,BANK_B,1674,MEDIUM,ENT00761
ACC01088,Rajesh Mishra,PERSONAL,BANK_B,719,HIGH,ENT00762
ACC01089,Sanjay Gill,PERSONAL,BANK_B,2505,LOW,ENT00763
ACC01090,Sangeeta Pillai & Sons,PERSONAL,BANK_A,1922,MEDIUM,ENT00764
ACC01091,Pillai & Sons Logistics,BUSINESS,BANK_B,270,MEDIUM,ENT00764
ACC01092,Pillai & Sons Distributors,BUSINESS,BANK_A,1361,MEDIUM,ENT00764
ACC01093,Pillai & Sons Agro Industries,BUSINESS,BANK_B,1328,MEDIUM,ENT00764
ACC01094,Susan Ansari,PERSONAL,BANK_A,2567,MEDIUM,ENT00765
ACC01095,Ajay Sharma,PERSONAL,BANK_B,2101,MEDIUM,ENT00766
ACC01096,Gopal Naidu,PERSONAL,BANK_B,87,MEDIUM,ENT00767
ACC01097,Naidu Enterprises,BUSINESS,BANK_A,1741,MEDIUM,ENT00767
ACC01098,Manisha Varghese,PERSONAL,BANK_A,3281,MEDIUM,ENT00768
ACC01099,Sunil Ahmed,PERSONAL,BANK_A,2205,MEDIUM,ENT00769
ACC01100,Nair Hardware,BUSINESS,BANK_B,3290,MEDIUM,ENT00770
ACC01101,Chatterjee Distributors,BUSINESS,BANK_A,3074,MEDIUM,ENT00771
ACC01102,Rajesh Naidu,PERSONAL,BANK_A,2023,HIGH,ENT00772
ACC01103,Neha Gupta,PERSONAL,BANK_A,467,MEDIUM,ENT00773
ACC01104,Irfan Sheikh,PERSONAL,BANK_B,2296,MEDIUM,ENT00774
ACC01105,Sheikh Foods,BUSINESS,BANK_B,2120,MEDIUM,ENT00774
ACC01106,Gurpreet Sengupta,PERSONAL,BANK_A,2523,MEDIUM,ENT00775
ACC01107,Reddy Overseas,BUSINESS,BANK_B,1064,MEDIUM,ENT00776
ACC01108,Priya Mehta,PERSONAL,BANK_A,174,MEDIUM,ENT00777
ACC01109,Sowmya Iyengar,PERSONAL,BANK_A,384,LOW,ENT00778
ACC01110,Iyengar Distributors,BUSINESS,BANK_A,2109,MEDIUM,ENT00778
ACC01111,Iyengar Logistics,BUSINESS,BANK_B,1593,MEDIUM,ENT00778
ACC01112,Sanjay Pillai,PERSONAL,BANK_B,1128,MEDIUM,ENT00779
ACC01113,Kritika Jain,PERSONAL,BANK_B,813,MEDIUM,ENT00780
ACC01114,Zeenat Nair,PERSONAL,BANK_B,790,MEDIUM,ENT00781
ACC01115,Nair Retail,BUSINESS,BANK_B,3362,MEDIUM,ENT00781
ACC01116,Swati Thomas,PERSONAL,BANK_A,3293,MEDIUM,ENT00782
ACC01117,Rahul Gupta,PERSONAL,BANK_B,3598,MEDIUM,ENT00783
ACC01118,Shobha Tiwari,PERSONAL,BANK_A,3356,MEDIUM,ENT00784
ACC01119,Tiwari Exports,BUSINESS,BANK_A,220,MEDIUM,ENT00784
ACC01120,Ashok Khan,PERSONAL,BANK_A,2341,HIGH,ENT00785
ACC01121,Khan Traders,BUSINESS,BANK_A,3521,MEDIUM,ENT00785
ACC01122,Amandeep Pillai,PERSONAL,BANK_B,1866,MEDIUM,ENT00786
ACC01123,Rekha Sharma,PERSONAL,BANK_B,1198,MEDIUM,ENT00787
ACC01124,Radha Gupta,PERSONAL,BANK_B,1331,MEDIUM,ENT00788
ACC01125,Sanjay Khan,PERSONAL,BANK_A,3020,MEDIUM,ENT00789
ACC01126,Patel Logistics,BUSINESS,BANK_B,1751,MEDIUM,ENT00790
ACC01127,Anita Chatterjee,PERSONAL,BANK_A,1301,MEDIUM,ENT00791
ACC01128,Simran Yadav,PERSONAL,BANK_B,2234,MEDIUM,ENT00792
ACC01129,Sangeeta Thomas,PERSONAL,BANK_A,976,MEDIUM,ENT00793
ACC01130,Nithya Pillai & Sons,PERSONAL,BANK_A,2355,MEDIUM,ENT00794
ACC01131,Pillai & Sons Logistics,BUSINESS,BANK_A,1752,MEDIUM,ENT00794
ACC01132,Gurpreet Pillai & Sons,PERSONAL,BANK_B,2658,LOW,ENT00795
ACC01133,Pillai & Sons Fashions,BUSINESS,BANK_B,1536,MEDIUM,ENT00795
ACC01134,Deepak Verma,PERSONAL,BANK_B,1654,MEDIUM,ENT00796
ACC01135,Ramesh Kumar,PERSONAL,BANK_A,2839,MEDIUM,ENT00797
ACC01136,Vandana Bansal,PERSONAL,BANK_A,1813,MEDIUM,ENT00798
ACC01137,Bansal Enterprises,BUSINESS,BANK_A,1505,MEDIUM,ENT00798
ACC01138,Bansal Traders,BUSINESS,BANK_A,1115,MEDIUM,ENT00798
ACC01139,Harish Pillai,PERSONAL,BANK_B,1302,HIGH,ENT00799
ACC01140,Jyoti Rao,PERSONAL,BANK_B,792,MEDIUM,ENT00800
ACC01141,Sandeep Verma,PERSONAL,BANK_A,3601,MEDIUM,ENT00801
ACC01142,Menon Motors,BUSINESS,BANK_A,1506,HIGH,ENT00802
ACC01143,Mishra Motors,BUSINESS,BANK_A,1207,MEDIUM,ENT00803
ACC01144,Kritika Sandhu,PERSONAL,BANK_B,782,MEDIUM,ENT00804
ACC01145,Ayesha Trivedi,PERSONAL,BANK_A,3053,MEDIUM,ENT00805
ACC01146,Trivedi Fashions,BUSINESS,BANK_B,538,HIGH,ENT00805
ACC01147,Trivedi Overseas,BUSINESS,BANK_B,553,MEDIUM,ENT00805
ACC01148,Kalpana Sheikh,PERSONAL,BANK_B,2097,MEDIUM,ENT00806
ACC01149,Sheikh Pharma,BUSINESS,BANK_A,3631,MEDIUM,ENT00806
ACC01150,Sheikh Textiles,BUSINESS,BANK_A,3212,MEDIUM,ENT00806
ACC01151,Ritu Joshi,PERSONAL,BANK_B,815,MEDIUM,ENT00807
ACC01152,Joshi Foods,BUSINESS,BANK_B,1345,MEDIUM,ENT00807
ACC01153,Kritika Ansari,PERSONAL,BANK_B,988,MEDIUM,ENT00808
ACC01154,Ravi Sandhu,PERSONAL,BANK_B,2154,HIGH,ENT00809
ACC01155,Ramesh Gill,PERSONAL,BANK_A,2705,LOW,ENT00810
ACC01156,Pillai & Sons Distributors,BUSINESS,BANK_A,2112,HIGH,ENT00811
ACC01157,Joseph Bansal,PERSONAL,BANK_B,3289,MEDIUM,ENT00812
ACC01158,Anna Jain,PERSONAL,BANK_A,3176,MEDIUM,ENT00813
ACC01159,Jain Logistics,BUSINESS,BANK_A,2691,MEDIUM,ENT00813
ACC01160,Arjun Mukherjee,PERSONAL,BANK_A,2884,MEDIUM,ENT00814
ACC01161,Joseph Pandey,PERSONAL,BANK_A,2343,MEDIUM,ENT00815
ACC01162,Rahul Gill,PERSONAL,BANK_A,3477,HIGH,ENT00816
ACC01163,Deepa Jain,PERSONAL,BANK_A,1531,HIGH,ENT00817
ACC01164,Rajesh Agarwal,PERSONAL,BANK_A,853,MEDIUM,ENT00818
ACC01165,Kalpana Kumar,PERSONAL,BANK_B,3540,MEDIUM,ENT00819
ACC01166,Kumar Motors,BUSINESS,BANK_B,1193,HIGH,ENT00819
ACC01167,Kritika Iyer,PERSONAL,BANK_A,96,HIGH,ENT00820
ACC01168,Bhatt Foods,BUSINESS,BANK_B,811,LOW,ENT00821
ACC01169,Rohit Sheikh,PERSONAL,BANK_A,3337,MEDIUM,ENT00822
ACC01170,Pankaj Yadav,PERSONAL,BANK_A,2286,MEDIUM,ENT00823
ACC01171,Harpreet Mehta,PERSONAL,BANK_A,1591,MEDIUM,ENT00824
ACC01172,Thomas Mishra,PERSONAL,BANK_A,2568,MEDIUM,ENT00825
ACC01173,Mishra Foods,BUSINESS,BANK_B,310,HIGH,ENT00825
ACC01174,Nithya Thomas,PERSONAL,BANK_B,281,HIGH,ENT00826
ACC01175,Thomas Pharma,BUSINESS,BANK_A,2502,MEDIUM,ENT00826
ACC01176,Anjali Mukherjee,PERSONAL,BANK_B,2703,MEDIUM,ENT00827
ACC01177,Harpreet Bhatt,PERSONAL,BANK_A,3380,HIGH,ENT00828
ACC01178,Jyoti Chatterjee,PERSONAL,BANK_A,3408,MEDIUM,ENT00829
ACC01179,Harish Bansal,PERSONAL,BANK_A,2878,MEDIUM,ENT00830
ACC01180,Bansal Agro Industries,BUSINESS,BANK_B,443,HIGH,ENT00830
ACC01181,Joseph Menon,PERSONAL,BANK_A,250,MEDIUM,ENT00831
ACC01182,Sunil Desai,PERSONAL,BANK_B,2559,MEDIUM,ENT00832
ACC01183,Rajwinder Sidhu,PERSONAL,BANK_A,98,MEDIUM,ENT00833
ACC01184,Sunil Varghese,PERSONAL,BANK_A,3097,MEDIUM,ENT00834
ACC01185,Harish Kaur,PERSONAL,BANK_A,2759,HIGH,ENT00835
ACC01186,Kaur Exports,BUSINESS,BANK_A,707,HIGH,ENT00835
ACC01187,Kaur Electronics,BUSINESS,BANK_A,1287,HIGH,ENT00835
ACC01188,Nithya Das,PERSONAL,BANK_A,2187,MEDIUM,ENT00836
ACC01189,Ravi Menon,PERSONAL,BANK_B,1004,LOW,ENT00837
ACC01190,Menon Fashions,BUSINESS,BANK_A,2125,MEDIUM,ENT00837
ACC01191,Kiran Singh,PERSONAL,BANK_A,3116,MEDIUM,ENT00838
ACC01192,Amit Saxena,PERSONAL,BANK_B,1802,LOW,ENT00839
ACC01193,Saxena Logistics,BUSINESS,BANK_B,1977,MEDIUM,ENT00839
ACC01194,Radha Rao,PERSONAL,BANK_B,2456,HIGH,ENT00840
ACC01195,Sabiha Mehta,PERSONAL,BANK_B,1895,MEDIUM,ENT00841
ACC01196,Vasantha Rao,PERSONAL,BANK_A,1170,MEDIUM,ENT00842
ACC01197,Rao Hardware,BUSINESS,BANK_B,3200,HIGH,ENT00842
ACC01198,Karthik Reddy,PERSONAL,BANK_B,91,MEDIUM,ENT00843
ACC01199,Mary Tiwari,PERSONAL,BANK_B,3159,MEDIUM,ENT00844
ACC01200,Amandeep Kapoor,PERSONAL,BANK_B,3639,MEDIUM,ENT00845
ACC01201,Manpreet Brar,PERSONAL,BANK_B,404,MEDIUM,ENT00846
ACC01202,Brar Hardware,BUSINESS,BANK_A,3392,MEDIUM,ENT00846
ACC01203,Lakshmi Ansari,PERSONAL,BANK_B,3457,MEDIUM,ENT00847
ACC01204,Srinivas Tiwari,PERSONAL,BANK_A,2430,MEDIUM,ENT00848
ACC01205,Ashok Banerjee,PERSONAL,BANK_A,2799,MEDIUM,ENT00849
ACC01206,Banerjee Fashions,BUSINESS,BANK_A,173,MEDIUM,ENT00849
ACC01207,Neha Khan,PERSONAL,BANK_B,2873,MEDIUM,ENT00850
ACC01208,Khan Logistics,BUSINESS,BANK_B,2146,LOW,ENT00850
ACC01209,Bansal Electronics,BUSINESS,BANK_B,3166,MEDIUM,ENT00851
ACC01210,Rahul Naidu,PERSONAL,BANK_A,1098,MEDIUM,ENT00852
ACC01211,Naidu Overseas,BUSINESS,BANK_A,1471,MEDIUM,ENT00852
ACC01212,Vijay Mukherjee,PERSONAL,BANK_A,1375,MEDIUM,ENT00853
ACC01213,Gopal Bhatt,PERSONAL,BANK_B,1791,MEDIUM,ENT00854
ACC01214,Pooja Sandhu,PERSONAL,BANK_B,2087,MEDIUM,ENT00855
ACC01215,George Sidhu,PERSONAL,BANK_A,2034,MEDIUM,ENT00856
ACC01216,Sabiha Gill,PERSONAL,BANK_A,442,MEDIUM,ENT00857
ACC01217,Gill Agro Industries,BUSINESS,BANK_A,2053,MEDIUM,ENT00857
ACC01218,Susan Saxena,PERSONAL,BANK_A,3535,MEDIUM,ENT00858
ACC01219,Saxena Pharma,BUSINESS,BANK_A,1800,MEDIUM,ENT00858
ACC01220,Pooja Brar,PERSONAL,BANK_A,2253,MEDIUM,ENT00859
ACC01221,Brar Overseas,BUSINESS,BANK_B,2167,MEDIUM,ENT00859
ACC01222,Karthik Iyer,PERSONAL,BANK_A,187,HIGH,ENT00860
ACC01223,Imran Rao,PERSONAL,BANK_A,1629,MEDIUM,ENT00861
ACC01224,Ajay Thomas,PERSONAL,BANK_A,483,MEDIUM,ENT00862
ACC01225,Rajesh Singh,PERSONAL,BANK_B,2591,MEDIUM,ENT00863
ACC01226,Singh Retail,BUSINESS,BANK_A,2795,MEDIUM,ENT00863
ACC01227,Usha Nair,PERSONAL,BANK_A,478,HIGH,ENT00864
ACC01228,Vijay Pillai,PERSONAL,BANK_B,1903,MEDIUM,ENT00865
ACC01229,Brar Overseas,BUSINESS,BANK_B,1211,HIGH,ENT00866
ACC01230,Rajesh Bansal,PERSONAL,BANK_B,146,LOW,ENT00867
ACC01231,Manisha Sengupta,PERSONAL,BANK_A,1142,HIGH,ENT00868
ACC01232,Ahmed Logistics,BUSINESS,BANK_B,3290,MEDIUM,ENT00869
ACC01233,Naveen Sidhu,PERSONAL,BANK_A,3203,MEDIUM,ENT00870
ACC01234,Rekha Saxena,PERSONAL,BANK_B,1231,LOW,ENT00871
ACC01235,Banerjee Foods,BUSINESS,BANK_A,388,HIGH,ENT00872
ACC01236,Qureshi Textiles,BUSINESS,BANK_B,390,MEDIUM,ENT00873
ACC01237,Simran Ansari,PERSONAL,BANK_B,193,MEDIUM,ENT00874
ACC01238,Ansari Motors,BUSINESS,BANK_A,450,LOW,ENT00874
ACC01239,Dhillon Traders,BUSINESS,BANK_A,1008,LOW,ENT00875
ACC01240,Rajwinder Verma,PERSONAL,BANK_B,1724,HIGH,ENT00876
ACC01241,Bhavana Thomas,PERSONAL,BANK_A,2194,MEDIUM,ENT00877
ACC01242,Prakash Ghosh,PERSONAL,BANK_B,2240,HIGH,ENT00878
ACC01243,Ghosh Textiles,BUSINESS,BANK_A,2697,MEDIUM,ENT00878
ACC01244,Shreya Dhillon,PERSONAL,BANK_B,3542,MEDIUM,ENT00879
ACC01245,Vikram Ghosh,PERSONAL,BANK_B,755,HIGH,ENT00880
ACC01246,George Kapoor,PERSONAL,BANK_B,2813,MEDIUM,ENT00881
ACC01247,Kapoor Hardware,BUSINESS,BANK_A,999,MEDIUM,ENT00881
ACC01248,Kapoor Fashions,BUSINESS,BANK_B,534,MEDIUM,ENT00881
ACC01249,Anna Agarwal,PERSONAL,BANK_A,498,MEDIUM,ENT00882
ACC01250,Agarwal Overseas,BUSINESS,BANK_B,1835,MEDIUM,ENT00882
ACC01251,Agarwal Agro Industries,BUSINESS,BANK_B,1944,MEDIUM,ENT00882
ACC01252,Ayesha Mehta,PERSONAL,BANK_A,1523,MEDIUM,ENT00883
ACC01253,Mehta Fashions,BUSINESS,BANK_B,2685,HIGH,ENT00883
ACC01254,Mehta Foods,BUSINESS,BANK_A,3254,MEDIUM,ENT00883
ACC01255,Patel Electronics,BUSINESS,BANK_B,1410,MEDIUM,ENT00884
ACC01256,Prakash Menon,PERSONAL,BANK_A,511,MEDIUM,ENT00885
ACC01257,Fatima Ahmed,PERSONAL,BANK_A,521,HIGH,ENT00886
ACC01258,Aarti Agarwal,PERSONAL,BANK_A,1527,MEDIUM,ENT00887
ACC01259,Ritu Shah,PERSONAL,BANK_A,3343,MEDIUM,ENT00888
ACC01260,Shah Motors,BUSINESS,BANK_A,1686,LOW,ENT00888
ACC01261,Banerjee Textiles,BUSINESS,BANK_A,854,MEDIUM,ENT00889
ACC01262,Vinod Jain,PERSONAL,BANK_A,2917,MEDIUM,ENT00890
ACC01263,Jain Agro Industries,BUSINESS,BANK_B,172,LOW,ENT00890
ACC01264,Mary Trivedi,PERSONAL,BANK_A,766,MEDIUM,ENT00891
ACC01265,Trivedi Infotech,BUSINESS,BANK_B,178,HIGH,ENT00891
ACC01266,Vandana Sengupta,PERSONAL,BANK_B,2164,MEDIUM,ENT00892
ACC01267,Sengupta Overseas,BUSINESS,BANK_A,2840,HIGH,ENT00892
ACC01268,Geeta Reddy,PERSONAL,BANK_B,1206,MEDIUM,ENT00893
ACC01269,Vikram Varghese,PERSONAL,BANK_B,3036,LOW,ENT00894
ACC01270,Anjali Gill,PERSONAL,BANK_B,2147,MEDIUM,ENT00895
ACC01271,Nitin Dubey,PERSONAL,BANK_A,361,MEDIUM,ENT00896
ACC01272,Sabiha Malhotra,PERSONAL,BANK_B,3640,HIGH,ENT00897
ACC01273,Geeta Menon,PERSONAL,BANK_A,365,HIGH,ENT00898
ACC01274,Bhavana Malik,PERSONAL,BANK_B,1872,LOW,ENT00899
ACC01275,Malik Fashions,BUSINESS,BANK_A,1771,MEDIUM,ENT00899
ACC01276,Gupta Foods,BUSINESS,BANK_A,1028,LOW,ENT00900
ACC01277,Ayesha Menon,PERSONAL,BANK_B,375,HIGH,ENT00901
ACC01278,Menon Foods,BUSINESS,BANK_B,2565,MEDIUM,ENT00901
ACC01279,Prakash Chauhan,PERSONAL,BANK_B,247,MEDIUM,ENT00902
ACC01280,Chauhan Electronics,BUSINESS,BANK_B,915,MEDIUM,ENT00902
ACC01281,Srinivas Ghosh,PERSONAL,BANK_A,1870,MEDIUM,ENT00903
ACC01282,Sarita Chatterjee,PERSONAL,BANK_B,1384,MEDIUM,ENT00904
ACC01283,Srinivas Gupta,PERSONAL,BANK_A,2114,MEDIUM,ENT00905
ACC01284,Zubair Shah,PERSONAL,BANK_B,486,MEDIUM,ENT00906
ACC01285,Shobha Brar,PERSONAL,BANK_A,1866,MEDIUM,ENT00907
ACC01286,Brar Enterprises,BUSINESS,BANK_A,104,MEDIUM,ENT00907
ACC01287,Brar Textiles,BUSINESS,BANK_B,1846,MEDIUM,ENT00907
ACC01288,Rajwinder Dubey,PERSONAL,BANK_B,1138,LOW,ENT00908
ACC01289,Anjali Sengupta,PERSONAL,BANK_B,1708,MEDIUM,ENT00909
ACC01290,Sengupta Agro Industries,BUSINESS,BANK_A,3522,MEDIUM,ENT00909
ACC01291,Sengupta Infotech,BUSINESS,BANK_A,2701,MEDIUM,ENT00909
ACC01292,Shobha Dubey,PERSONAL,BANK_A,2583,MEDIUM,ENT00910
ACC01293,Dubey Electronics,BUSINESS,BANK_B,331,HIGH,ENT00910
ACC01294,Dubey Agro Industries,BUSINESS,BANK_A,545,LOW,ENT00910
ACC01295,Jyoti Sheikh,PERSONAL,BANK_A,2523,MEDIUM,ENT00911
ACC01296,Sheikh Textiles,BUSINESS,BANK_B,775,MEDIUM,ENT00911
ACC01297,Sheikh Constructions,BUSINESS,BANK_B,111,MEDIUM,ENT00911
ACC01298,Kavita Naidu,PERSONAL,BANK_A,214,HIGH,ENT00912
ACC01299,Jaspreet Pillai & Sons,PERSONAL,BANK_A,487,MEDIUM,ENT00913
ACC01300,Pillai & Sons Traders,BUSINESS,BANK_A,3135,MEDIUM,ENT00913
ACC01301,Amit Gupta,PERSONAL,BANK_A,2269,MEDIUM,ENT00914
ACC01302,Arjun Ghosh,PERSONAL,BANK_A,3200,MEDIUM,ENT00915
ACC01303,Naveen Sengupta,PERSONAL,BANK_B,1239,LOW,ENT00916
ACC01304,Nisha Bansal,PERSONAL,BANK_B,3416,HIGH,ENT00917
ACC01305,Harleen Banerjee,PERSONAL,BANK_B,660,MEDIUM,ENT00918
ACC01306,Priya Sidhu,PERSONAL,BANK_A,1465,HIGH,ENT00919
ACC01307,Sidhu Distributors,BUSINESS,BANK_A,174,MEDIUM,ENT00919
ACC01308,Sidhu Constructions,BUSINESS,BANK_B,3102,HIGH,ENT00919
ACC01309,Venkatesh Dhillon,PERSONAL,BANK_B,1006,MEDIUM,ENT00920
ACC01310,Aarti Kumar,PERSONAL,BANK_B,2292,HIGH,ENT00921
ACC01311,Rajwinder Saxena,PERSONAL,BANK_B,1362,HIGH,ENT00922
ACC01312,Susan Dhillon,PERSONAL,BANK_B,2084,MEDIUM,ENT00923
ACC01313,Dhillon Foods,BUSINESS,BANK_A,1888,MEDIUM,ENT00923
ACC01314,Radha Malhotra,PERSONAL,BANK_A,2557,LOW,ENT00924
ACC01315,Sangeeta Ghosh,PERSONAL,BANK_A,693,MEDIUM,ENT00925
ACC01316,Ghosh Pharma,BUSINESS,BANK_B,825,MEDIUM,ENT00925
ACC01317,Pooja Verma,PERSONAL,BANK_B,947,LOW,ENT00926
ACC01318,Bhavana Kumar,PERSONAL,BANK_A,2966,MEDIUM,ENT00927
ACC01319,Kumar Foods,BUSINESS,BANK_B,3632,MEDIUM,ENT00927
ACC01320,Amit Bansal,PERSONAL,BANK_B,2216,MEDIUM,ENT00928
ACC01321,Pooja Saxena,PERSONAL,BANK_A,1847,MEDIUM,ENT00929
ACC01322,Harpreet Menon,PERSONAL,BANK_A,1369,MEDIUM,ENT00930
ACC01323,Pooja Bhatt,PERSONAL,BANK_B,2058,HIGH,ENT00931
ACC01324,Balaji Ahmed,PERSONAL,BANK_B,117,MEDIUM,ENT00932
ACC01325,Sarita Patel,PERSONAL,BANK_B,1170,HIGH,ENT00933
ACC01326,Imran Saxena,PERSONAL,BANK_A,1915,MEDIUM,ENT00934
ACC01327,Ravi Sheikh,PERSONAL,BANK_A,585,MEDIUM,ENT00935
ACC01328,Deepa Gupta,PERSONAL,BANK_A,547,MEDIUM,ENT00936
ACC01329,Gupta Constructions,BUSINESS,BANK_A,2762,LOW,ENT00936
ACC01330,Zubair Khan,PERSONAL,BANK_A,2216,HIGH,ENT00937
ACC01331,Usha Patel,PERSONAL,BANK_B,300,MEDIUM,ENT00938
ACC01332,Jyoti Tiwari,PERSONAL,BANK_B,3299,MEDIUM,ENT00939
ACC01333,Tiwari Infotech,BUSINESS,BANK_A,527,MEDIUM,ENT00939
ACC01334,Usha Chatterjee,PERSONAL,BANK_A,3570,LOW,ENT00940
ACC01335,Chatterjee Electronics,BUSINESS,BANK_B,2277,LOW,ENT00940
ACC01336,Kalpana Dhillon,PERSONAL,BANK_A,78,MEDIUM,ENT00941
ACC01337,Dhillon Exports,BUSINESS,BANK_B,1802,MEDIUM,ENT00941
ACC01338,Anjali Gill,PERSONAL,BANK_A,2777,MEDIUM,ENT00942
ACC01339,Gill Fashions,BUSINESS,BANK_B,1765,MEDIUM,ENT00942
ACC01340,Divya Naidu,PERSONAL,BANK_A,222,MEDIUM,ENT00943
ACC01341,Iyer Infotech,BUSINESS,BANK_A,1876,LOW,ENT00944
ACC01342,Anna Iyer,PERSONAL,BANK_B,1849,MEDIUM,ENT00945
ACC01343,Iyer Motors,BUSINESS,BANK_A,2769,HIGH,ENT00945
ACC01344,Preethi Brar,PERSONAL,BANK_A,3597,MEDIUM,ENT00946
ACC01345,Sunil Malik,PERSONAL,BANK_A,1468,MEDIUM,ENT00947
ACC01346,Nithya Mehta,PERSONAL,BANK_A,2870,MEDIUM,ENT00948
ACC01347,Mehta Hardware,BUSINESS,BANK_A,1109,HIGH,ENT00948
ACC01348,Mehta Agro Industries,BUSINESS,BANK_A,3020,MEDIUM,ENT00949
ACC01349,Srinivas Gupta,PERSONAL,BANK_A,1866,LOW,ENT00950
ACC01350,Gupta Agro Industries,BUSINESS,BANK_B,3222,MEDIUM,ENT00950
ACC01351,Pooja Pandey,PERSONAL,BANK_B,610,MEDIUM,ENT00951
ACC01352,Pandey Electronics,BUSINESS,BANK_B,369,MEDIUM,ENT00951
ACC01353,Dinesh Sandhu,PERSONAL,BANK_A,1448,MEDIUM,ENT00952
ACC01354,Sandhu Electronics,BUSINESS,BANK_B,3033,MEDIUM,ENT00952
ACC01355,Sanjay Trivedi,PERSONAL,BANK_A,2561,MEDIUM,ENT00953
ACC01356,Bhavana Malhotra,PERSONAL,BANK_A,515,MEDIUM,ENT00954
ACC01357,Usha Kapoor,PERSONAL,BANK_A,2593,MEDIUM,ENT00955
ACC01358,Padma Bhatt,PERSONAL,BANK_B,3408,MEDIUM,ENT00956
ACC01359,Bhavana Naidu,PERSONAL,BANK_B,1154,MEDIUM,ENT00957
ACC01360,Rajwinder Malhotra,PERSONAL,BANK_B,752,MEDIUM,ENT00958
ACC01361,Ramesh Sandhu,PERSONAL,BANK_A,1655,LOW,ENT00959
ACC01362,Karthik Mehta,PERSONAL,BANK_B,1239,MEDIUM,ENT00960
ACC01363,Sunita Desai,PERSONAL,BANK_A,89,MEDIUM,ENT00961
ACC01364,Desai Textiles,BUSINESS,BANK_A,2290,MEDIUM,ENT00961
ACC01365,Ayesha Kumar,PERSONAL,BANK_B,1197,MEDIUM,ENT00962
ACC01366,Neha Dubey,PERSONAL,BANK_A,1353,MEDIUM,ENT00963
ACC01367,Thomas Chatterjee,PERSONAL,BANK_A,268,HIGH,ENT00964
ACC01368,Karthik Iyengar,PERSONAL,BANK_A,3352,HIGH,ENT00965
ACC01369,Sanjay Iyengar,PERSONAL,BANK_A,1274,MEDIUM,ENT00966
ACC01370,Sanjay Bansal,PERSONAL,BANK_B,342,MEDIUM,ENT00967
ACC01371,Vinod Shah,PERSONAL,BANK_A,2994,MEDIUM,ENT00968
ACC01372,Sabiha Bhatt,PERSONAL,BANK_A,2709,MEDIUM,ENT00969
ACC01373,Anna Sidhu,PERSONAL,BANK_B,1217,MEDIUM,ENT00970
ACC01374,Irfan Thomas,PERSONAL,BANK_A,3254,LOW,ENT00971
ACC01375,Amandeep Chatterjee,PERSONAL,BANK_A,725,MEDIUM,ENT00972
ACC01376,Swati Gill,PERSONAL,BANK_B,88,MEDIUM,ENT00973
ACC01377,Gurpreet Agarwal,PERSONAL,BANK_A,1075,LOW,ENT00974
ACC01378,Ramesh Sandhu,PERSONAL,BANK_B,1343,MEDIUM,ENT00975
ACC01379,Sandhu Motors,BUSINESS,BANK_A,277,HIGH,ENT00975
ACC01380,Pooja Bansal,PERSONAL,BANK_A,1033,HIGH,ENT00976
ACC01381,Sunita Desai,PERSONAL,BANK_A,75,LOW,ENT00977
ACC01382,Desai Overseas,BUSINESS,BANK_A,1151,MEDIUM,ENT00977
ACC01383,Desai Enterprises,BUSINESS,BANK_B,792,MEDIUM,ENT00977
ACC01384,Sowmya Kumar,PERSONAL,BANK_B,1695,MEDIUM,ENT00978
ACC01385,Anil Reddy,PERSONAL,BANK_A,1034,MEDIUM,ENT00979
ACC01386,Ritu Pillai & Sons,PERSONAL,BANK_A,2234,HIGH,ENT00980
ACC01387,Pillai & Sons Hardware,BUSINESS,BANK_A,624,MEDIUM,ENT00980
ACC01388,Karthik Gupta,PERSONAL,BANK_B,2465,MEDIUM,ENT00981
ACC01389,Rekha Rao,PERSONAL,BANK_A,2286,MEDIUM,ENT00982
ACC01390,Manoj Patel,PERSONAL,BANK_B,1795,HIGH,ENT00983
ACC01391,Patel Distributors,BUSINESS,BANK_B,2189,MEDIUM,ENT00983
ACC01392,Dinesh Pillai & Sons,PERSONAL,BANK_A,654,MEDIUM,ENT00984
ACC01393,Pillai & Sons Agro Industries,BUSINESS,BANK_A,2121,HIGH,ENT00984
ACC01394,Pillai & Sons Infotech,BUSINESS,BANK_B,2862,LOW,ENT00984
ACC01395,Manisha Saxena,PERSONAL,BANK_B,1308,MEDIUM,ENT00985
ACC01396,Kavita Iyengar,PERSONAL,BANK_B,1374,MEDIUM,ENT00986
ACC01397,Radha Dubey,PERSONAL,BANK_A,790,LOW,ENT00987
ACC01398,Dubey Distributors,BUSINESS,BANK_B,1564,MEDIUM,ENT00987
ACC01399,Harpreet Jain,PERSONAL,BANK_A,2474,MEDIUM,ENT00988
ACC01400,Jain Retail,BUSINESS,BANK_B,1790,HIGH,ENT00988
ACC01401,Vandana Brar,PERSONAL,BANK_B,1977,MEDIUM,ENT00989
ACC01402,Lakshmi Malik,PERSONAL,BANK_B,1634,LOW,ENT00990
ACC01403,Arjun Iyer,PERSONAL,BANK_A,2200,LOW,ENT00991
ACC01404,Meena Jain,PERSONAL,BANK_A,1972,MEDIUM,ENT00992
ACC01405,Dhillon Fashions,BUSINESS,BANK_A,293,HIGH,ENT00993
ACC01406,Arjun Naidu,PERSONAL,BANK_A,2804,MEDIUM,ENT00994
ACC01407,Imran Sheikh,PERSONAL,BANK_A,1728,MEDIUM,ENT00995
ACC01408,Ajay Gupta,PERSONAL,BANK_B,1088,MEDIUM,ENT00996
ACC01409,Sanjay Dubey,PERSONAL,BANK_A,2641,MEDIUM,ENT00997
ACC01410,Dubey Foods,BUSINESS,BANK_A,472,MEDIUM,ENT00997
ACC01411,Swati Yadav,PERSONAL,BANK_A,1416,HIGH,ENT00998
ACC01412,Arjun Iyer,PERSONAL,BANK_A,1090,MEDIUM,ENT00999
ACC01413,Swati Malik,PERSONAL,BANK_A,2672,MEDIUM,ENT01000
ACC01414,Jyoti Qureshi,PERSONAL,BANK_A,832,MEDIUM,ENT01001
ACC01415,Ayesha Shah,PERSONAL,BANK_B,689,MEDIUM,ENT01002
ACC01416,Sanjay Trivedi,PERSONAL,BANK_A,1038,HIGH,ENT01003
ACC01417,Trivedi Agro Industries,BUSINESS,BANK_A,2610,MEDIUM,ENT01003
ACC01418,Trivedi Agro Industries,BUSINESS,BANK_A,3479,MEDIUM,ENT01003
ACC01419,Swati Patel,PERSONAL,BANK_A,3418,MEDIUM,ENT01004
ACC01420,Vasantha Sidhu,PERSONAL,BANK_A,1843,LOW,ENT01005
ACC01421,Prakash Nair,PERSONAL,BANK_B,1637,MEDIUM,ENT01006
ACC01422,Saxena Agro Industries,BUSINESS,BANK_B,2009,MEDIUM,ENT01007
ACC01423,Nithya Iyer,PERSONAL,BANK_B,594,MEDIUM,ENT01008
ACC01424,Manoj Chatterjee,PERSONAL,BANK_A,1680,HIGH,ENT01009
ACC01425,Chatterjee Infotech,BUSINESS,BANK_B,772,MEDIUM,ENT01009
ACC01426,Desai Agro Industries,BUSINESS,BANK_B,3052,HIGH,ENT01010
ACC01427,Joshi Constructions,BUSINESS,BANK_B,1005,HIGH,ENT01011
ACC01428,Sandeep Malhotra,PERSONAL,BANK_A,694,MEDIUM,ENT01012
ACC01429,Malhotra Textiles,BUSINESS,BANK_A,1425,MEDIUM,ENT01012
ACC01430,Anjali Bose,PERSONAL,BANK_A,89,MEDIUM,ENT01013
ACC01431,Balaji Ghosh,PERSONAL,BANK_B,3239,LOW,ENT01014
ACC01432,Ghosh Constructions,BUSINESS,BANK_B,1482,MEDIUM,ENT01014
ACC01433,Susan Bose,PERSONAL,BANK_B,546,MEDIUM,ENT01015
ACC01434,Radha Mishra,PERSONAL,BANK_A,1326,HIGH,ENT01016
ACC01435,Shreya Desai,PERSONAL,BANK_B,3647,MEDIUM,ENT01017
ACC01436,Desai Fashions,BUSINESS,BANK_B,1232,MEDIUM,ENT01017
ACC01437,Sengupta Electronics,BUSINESS,BANK_B,1795,MEDIUM,ENT01018
ACC01438,Arjun Sidhu,PERSONAL,BANK_B,1259,MEDIUM,ENT01019
ACC01439,Vijay Ghosh,PERSONAL,BANK_B,2737,MEDIUM,ENT01020
ACC01440,Deepa Yadav,PERSONAL,BANK_A,964,MEDIUM,ENT01021
ACC01441,Yadav Electronics,BUSINESS,BANK_B,1747,LOW,ENT01021
ACC01442,Anita Kumar,PERSONAL,BANK_B,3113,MEDIUM,ENT01022
ACC01443,Kumar Hardware,BUSINESS,BANK_A,887,MEDIUM,ENT01022
ACC01444,Kapoor Traders,BUSINESS,BANK_B,3433,MEDIUM,ENT01023
ACC01445,Gill Logistics,BUSINESS,BANK_A,62,MEDIUM,ENT01024
ACC01446,Sandeep Varghese,PERSONAL,BANK_B,1530,MEDIUM,ENT01025
ACC01447,Chauhan Fashions,BUSINESS,BANK_B,2953,MEDIUM,ENT01026
ACC01448,Jain Fashions,BUSINESS,BANK_B,818,LOW,ENT01027
ACC01449,Pankaj Iyer,PERSONAL,BANK_B,197,MEDIUM,ENT01028
ACC01450,Ajay Mukherjee,PERSONAL,BANK_A,1653,MEDIUM,ENT01029
ACC01451,Priya Agarwal,PERSONAL,BANK_A,2815,MEDIUM,ENT01030
ACC01452,Agarwal Agro Industries,BUSINESS,BANK_A,2311,MEDIUM,ENT01030
ACC01453,Mary Thomas,PERSONAL,BANK_A,695,HIGH,ENT01031
ACC01454,Thomas Gill,PERSONAL,BANK_A,2552,HIGH,ENT01032
ACC01455,Pankaj Malik,PERSONAL,BANK_A,709,MEDIUM,ENT01033
ACC01456,Sneha Reddy,PERSONAL,BANK_B,3507,LOW,ENT01034
ACC01457,Kalpana Dubey,PERSONAL,BANK_A,469,HIGH,ENT01035
ACC01458,Harpreet Singh,PERSONAL,BANK_A,2137,MEDIUM,ENT01036
ACC01459,Faisal Iyengar,PERSONAL,BANK_A,982,MEDIUM,ENT01037
ACC01460,Iyengar Retail,BUSINESS,BANK_A,1451,MEDIUM,ENT01037
ACC01461,Arjun Sengupta,PERSONAL,BANK_A,2653,MEDIUM,ENT01038
ACC01462,Arjun Desai,PERSONAL,BANK_A,565,MEDIUM,ENT01039
ACC01463,Desai Hardware,BUSINESS,BANK_B,3521,LOW,ENT01039
ACC01464,Usha Menon,PERSONAL,BANK_A,2321,LOW,ENT01040
ACC01465,Menon Motors,BUSINESS,BANK_B,2648,HIGH,ENT01040
ACC01466,Deepak Patel,PERSONAL,BANK_B,3446,HIGH,ENT01041
ACC01467,Patel Motors,BUSINESS,BANK_A,1366,MEDIUM,ENT01041
ACC01468,Dhillon Retail,BUSINESS,BANK_B,1486,HIGH,ENT01042
ACC01469,Kalpana Banerjee,PERSONAL,BANK_A,2750,MEDIUM,ENT01043
ACC01470,Sandeep Kumar,PERSONAL,BANK_B,848,HIGH,ENT01044
ACC01471,Anita Trivedi,PERSONAL,BANK_B,3607,MEDIUM,ENT01045
ACC01472,Trivedi Traders,BUSINESS,BANK_A,1902,MEDIUM,ENT01045
ACC01473,Kalpana Iyengar,PERSONAL,BANK_A,2957,LOW,ENT01046
ACC01474,Arun Tiwari,PERSONAL,BANK_A,3153,MEDIUM,ENT01047
ACC01475,Tiwari Pharma,BUSINESS,BANK_B,2220,MEDIUM,ENT01047
ACC01476,Srinivas Dubey,PERSONAL,BANK_B,3417,MEDIUM,ENT01048
ACC01477,Faisal Chatterjee,PERSONAL,BANK_A,879,HIGH,ENT01049
ACC01478,Sanjay Mehta,PERSONAL,BANK_B,2954,MEDIUM,ENT01050
ACC01479,Pankaj Pandey,PERSONAL,BANK_A,469,MEDIUM,ENT01051
ACC01480,Dinesh Iyengar,PERSONAL,BANK_B,1999,MEDIUM,ENT01052
ACC01481,Sneha Gupta,PERSONAL,BANK_B,3254,MEDIUM,ENT01053
ACC01482,Vandana Pandey,PERSONAL,BANK_B,3131,MEDIUM,ENT01054
ACC01483,Pandey Constructions,BUSINESS,BANK_A,205,LOW,ENT01054
ACC01484,Ramesh Pandey,PERSONAL,BANK_B,797,MEDIUM,ENT01055
ACC01485,Pandey Traders,BUSINESS,BANK_B,679,HIGH,ENT01055
ACC01486,Neha Naidu,PERSONAL,BANK_A,1760,MEDIUM,ENT01056
ACC01487,Naidu Traders,BUSINESS,BANK_A,1553,HIGH,ENT01056
ACC01488,Amandeep Desai,PERSONAL,BANK_A,3566,LOW,ENT01057
ACC01489,Desai Constructions,BUSINESS,BANK_A,3254,LOW,ENT01057
ACC01490,Imran Malhotra,PERSONAL,BANK_B,1642,HIGH,ENT01058
ACC01491,Imran Yadav,PERSONAL,BANK_A,88,HIGH,ENT01059
ACC01492,Vasantha Sidhu,PERSONAL,BANK_B,2150,MEDIUM,ENT01060
ACC01493,Rajesh Sheikh,PERSONAL,BANK_A,3068,MEDIUM,ENT01061
ACC01494,Sheikh Exports,BUSINESS,BANK_A,820,HIGH,ENT01062
ACC01495,Ravi Trivedi,PERSONAL,BANK_A,1142,MEDIUM,ENT01063
ACC01496,Trivedi Retail,BUSINESS,BANK_A,2872,MEDIUM,ENT01063
ACC01497,Pooja Desai,PERSONAL,BANK_A,3617,MEDIUM,ENT01064
ACC01498,Harleen Dubey,PERSONAL,BANK_B,669,LOW,ENT01065
ACC01499,Joseph Yadav,PERSONAL,BANK_B,1746,MEDIUM,ENT01066
ACC01500,Yadav Electronics,BUSINESS,BANK_A,1495,HIGH,ENT01066
ACC01501,Harleen Iyengar,PERSONAL,BANK_B,541,MEDIUM,ENT01067
ACC01502,Nithya Dhillon,PERSONAL,BANK_A,262,LOW,ENT01068
ACC01503,Srinivas Mukherjee,PERSONAL,BANK_B,1065,MEDIUM,ENT01069
ACC01504,Anil Reddy,PERSONAL,BANK_B,3379,MEDIUM,ENT01070
ACC01505,Reddy Foods,BUSINESS,BANK_B,208,HIGH,ENT01070
ACC01506,Jyoti Sheikh,PERSONAL,BANK_A,3412,MEDIUM,ENT01071
ACC01507,Faisal Agarwal,PERSONAL,BANK_B,2863,MEDIUM,ENT01072
ACC01508,Agarwal Motors,BUSINESS,BANK_A,842,MEDIUM,ENT01072
ACC01509,Kaur Traders,BUSINESS,BANK_B,2762,HIGH,ENT01073
ACC01510,Kavita Pandey,PERSONAL,BANK_A,685,MEDIUM,ENT01074
ACC01511,Priya Mishra,PERSONAL,BANK_A,1856,HIGH,ENT01075
ACC01512,Naveen Sheikh,PERSONAL,BANK_A,3280,MEDIUM,ENT01076
ACC01513,Ashok Menon,PERSONAL,BANK_B,533,MEDIUM,ENT01077
ACC01514,Vasantha Malik,PERSONAL,BANK_A,2640,MEDIUM,ENT01078
ACC01515,Imran Ansari,PERSONAL,BANK_A,2454,MEDIUM,ENT01079
ACC01516,Ansari Textiles,BUSINESS,BANK_B,2164,MEDIUM,ENT01079
ACC01517,Ansari Textiles,BUSINESS,BANK_A,1613,MEDIUM,ENT01079
ACC01518,Mahesh Sharma,PERSONAL,BANK_A,1679,MEDIUM,ENT01080
ACC01519,Rekha Ahmed,PERSONAL,BANK_B,475,MEDIUM,ENT01081
ACC01520,Ahmed Enterprises,BUSINESS,BANK_B,549,MEDIUM,ENT01081
ACC01521,Ashok Reddy,PERSONAL,BANK_B,307,MEDIUM,ENT01082
ACC01522,Fatima Mehta,PERSONAL,BANK_B,2101,MEDIUM,ENT01083
ACC01523,Sandeep Bhatt,PERSONAL,BANK_A,3236,MEDIUM,ENT01084
ACC01524,Bhatt Pharma,BUSINESS,BANK_B,3001,MEDIUM,ENT01084
ACC01525,Bhatt Infotech,BUSINESS,BANK_B,1869,LOW,ENT01084
ACC01526,Susan Ghosh,PERSONAL,BANK_A,2075,MEDIUM,ENT01085
ACC01527,Kiran Rao,PERSONAL,BANK_B,350,HIGH,ENT01086
ACC01528,Rao Pharma,BUSINESS,BANK_B,526,LOW,ENT01086
ACC01529,Padma Pandey,PERSONAL,BANK_A,1727,HIGH,ENT01087
ACC01530,Sandeep Mukherjee,PERSONAL,BANK_A,2875,MEDIUM,ENT01088
ACC01531,Suresh Shah,PERSONAL,BANK_A,2981,LOW,ENT01089
ACC01532,Sunil Reddy,PERSONAL,BANK_B,2950,MEDIUM,ENT01090
ACC01533,Usha Desai,PERSONAL,BANK_B,1457,MEDIUM,ENT01091
ACC01534,Zeenat Iyer,PERSONAL,BANK_A,426,HIGH,ENT01092
ACC01535,Joseph Gupta,PERSONAL,BANK_A,2362,MEDIUM,ENT01093
ACC01536,Kalpana Qureshi,PERSONAL,BANK_B,1070,HIGH,ENT01094
ACC01537,Qureshi Constructions,BUSINESS,BANK_A,522,MEDIUM,ENT01094
ACC01538,Harish Das,PERSONAL,BANK_B,2854,MEDIUM,ENT01095
ACC01539,Kritika Yadav,PERSONAL,BANK_B,2347,LOW,ENT01096
ACC01540,Pooja Pandey,PERSONAL,BANK_A,1790,MEDIUM,ENT01097
ACC01541,Pandey Overseas,BUSINESS,BANK_A,2458,MEDIUM,ENT01097
ACC01542,Pankaj Mehta,PERSONAL,BANK_A,1713,MEDIUM,ENT01098
ACC01543,Mehta Infotech,BUSINESS,BANK_B,2113,MEDIUM,ENT01098
ACC01544,Sneha Sharma,PERSONAL,BANK_B,2396,MEDIUM,ENT01099
ACC01545,Sharma Exports,BUSINESS,BANK_B,3016,HIGH,ENT01099
ACC01546,Anjali Nair,PERSONAL,BANK_B,3515,MEDIUM,ENT01100
ACC01547,Nair Distributors,BUSINESS,BANK_A,2583,MEDIUM,ENT01100
ACC01548,Brar Motors,BUSINESS,BANK_A,2439,HIGH,ENT01101
ACC01549,Ajay Nair,PERSONAL,BANK_A,1351,MEDIUM,ENT01102
ACC01550,Nair Foods,BUSINESS,BANK_A,3613,LOW,ENT01102
ACC01551,Anjali Mukherjee,PERSONAL,BANK_A,1741,HIGH,ENT01103
ACC01552,Mahesh Banerjee,PERSONAL,BANK_A,2290,LOW,ENT01104
ACC01553,Gupta Motors,BUSINESS,BANK_B,600,MEDIUM,ENT01105
ACC01554,Ravi Bose,PERSONAL,BANK_B,224,LOW,ENT01106
ACC01555,Karthik Ghosh,PERSONAL,BANK_A,1872,HIGH,ENT01107
ACC01556,Rahul Gill,PERSONAL,BANK_A,3048,MEDIUM,ENT01108
ACC01557,Gill Textiles,BUSINESS,BANK_A,817,HIGH,ENT01108
ACC01558,Anil Dhillon,PERSONAL,BANK_A,3106,LOW,ENT01109
ACC01559,Ritu Malhotra,PERSONAL,BANK_A,3258,MEDIUM,ENT01110
ACC01560,Arjun Chauhan,PERSONAL,BANK_A,1379,MEDIUM,ENT01111
ACC01561,Chauhan Motors,BUSINESS,BANK_B,1004,LOW,ENT01111
ACC01562,Sengupta Distributors,BUSINESS,BANK_B,2060,MEDIUM,ENT01112
ACC01563,Gaurav Pillai & Sons,PERSONAL,BANK_A,1939,HIGH,ENT01113
ACC01564,Pillai & Sons Distributors,BUSINESS,BANK_B,2594,MEDIUM,ENT01113
ACC01565,Deepak Yadav,PERSONAL,BANK_A,275,MEDIUM,ENT01114
ACC01566,Yadav Textiles,BUSINESS,BANK_B,716,MEDIUM,ENT01114
ACC01567,Yadav Agro Industries,BUSINESS,BANK_A,1987,MEDIUM,ENT01114
ACC01568,Yadav Infotech,BUSINESS,BANK_B,2591,MEDIUM,ENT01114
ACC01569,Ritu Sheikh,PERSONAL,BANK_A,2235,MEDIUM,ENT01115
ACC01570,Sheikh Pharma,BUSINESS,BANK_B,484,LOW,ENT01115
ACC01571,Vinod Singh,PERSONAL,BANK_B,1046,MEDIUM,ENT01116
ACC01572,Singh Traders,BUSINESS,BANK_B,1483,MEDIUM,ENT01116
ACC01573,Singh Infotech,BUSINESS,BANK_B,360,MEDIUM,ENT01116
ACC01574,Priya Menon,PERSONAL,BANK_B,2377,MEDIUM,ENT01117
ACC01575,Nitin Mehta,PERSONAL,BANK_A,1282,MEDIUM,ENT01118
ACC01576,Divya Sheikh,PERSONAL,BANK_B,2789,LOW,ENT01119
ACC01577,Sheikh Distributors,BUSINESS,BANK_A,3101,MEDIUM,ENT01119
ACC01578,Preethi Bansal,PERSONAL,BANK_A,1587,LOW,ENT01120
ACC01579,Bansal Foods,BUSINESS,BANK_B,87,LOW,ENT01120
ACC01580,Sarita Tiwari,PERSONAL,BANK_B,1840,LOW,ENT01121
ACC01581,Tiwari Exports,BUSINESS,BANK_B,2537,MEDIUM,ENT01121
ACC01582,Tiwari Logistics,BUSINESS,BANK_B,401,MEDIUM,ENT01121
ACC01583,Vasantha Mehta,PERSONAL,BANK_B,1950,HIGH,ENT01122
ACC01584,Mehta Enterprises,BUSINESS,BANK_B,1377,HIGH,ENT01122
ACC01585,Nitin Singh,PERSONAL,BANK_A,2505,MEDIUM,ENT01123
ACC01586,Divya Brar,PERSONAL,BANK_B,579,MEDIUM,ENT01124
ACC01587,Brar Hardware,BUSINESS,BANK_B,1609,LOW,ENT01124
ACC01588,Irfan Pandey,PERSONAL,BANK_A,1920,LOW,ENT01125
ACC01589,Gaurav Dubey,PERSONAL,BANK_A,2277,MEDIUM,ENT01126
ACC01590,Pooja Das,PERSONAL,BANK_A,165,MEDIUM,ENT01127
ACC01591,Karthik Khan,PERSONAL,BANK_A,361,HIGH,ENT01128
ACC01592,Deepa Kumar,PERSONAL,BANK_B,112,MEDIUM,ENT01129
ACC01593,Kumar Enterprises,BUSINESS,BANK_B,551,MEDIUM,ENT01129
ACC01594,Prakash Mehta,PERSONAL,BANK_A,2638,MEDIUM,ENT01130
ACC01595,Mehta Infotech,BUSINESS,BANK_B,201,HIGH,ENT01130
ACC01596,Mehta Overseas,BUSINESS,BANK_B,2187,MEDIUM,ENT01130
ACC01597,Mehta Logistics,BUSINESS,BANK_B,1115,LOW,ENT01130
ACC01598,Mehta Overseas,BUSINESS,BANK_A,1586,MEDIUM,ENT01130
ACC01599,Vijay Jain,PERSONAL,BANK_B,1847,MEDIUM,ENT01131
ACC01600,Jain Motors,BUSINESS,BANK_A,3568,MEDIUM,ENT01131
ACC01601,Sarita Patel,PERSONAL,BANK_B,170,MEDIUM,ENT01132
ACC01602,Manoj Saxena,PERSONAL,BANK_A,3327,MEDIUM,ENT01133
ACC01603,Saxena Enterprises,BUSINESS,BANK_A,2113,MEDIUM,ENT01133
ACC01604,Saxena Fashions,BUSINESS,BANK_B,3422,MEDIUM,ENT01133
ACC01605,Bhavana Brar,PERSONAL,BANK_B,2623,MEDIUM,ENT01134
ACC01606,Brar Traders,BUSINESS,BANK_B,705,HIGH,ENT01134
ACC01607,Anjali Reddy,PERSONAL,BANK_A,533,MEDIUM,ENT01135
ACC01608,Arjun Pandey,PERSONAL,BANK_A,2334,HIGH,ENT01136
ACC01609,Pandey Distributors,BUSINESS,BANK_A,223,LOW,ENT01136
ACC01610,Joseph Dhillon,PERSONAL,BANK_B,262,MEDIUM,ENT01137
ACC01611,Rajesh Kumar,PERSONAL,BANK_B,2991,MEDIUM,ENT01138
ACC01612,Kumar Foods,BUSINESS,BANK_A,2472,MEDIUM,ENT01138
ACC01613,Venkatesh Mukherjee,PERSONAL,BANK_B,98,HIGH,ENT01139
ACC01614,Mukherjee Foods,BUSINESS,BANK_B,2054,MEDIUM,ENT01139
ACC01615,Preethi Malik,PERSONAL,BANK_B,1047,LOW,ENT01140
ACC01616,Sarita Malhotra,PERSONAL,BANK_B,1311,MEDIUM,ENT01141
ACC01617,Malhotra Infotech,BUSINESS,BANK_B,2066,MEDIUM,ENT01141
ACC01618,Srinivas Kaur,PERSONAL,BANK_B,2980,MEDIUM,ENT01142
ACC01619,Joseph Agarwal,PERSONAL,BANK_A,3312,MEDIUM,ENT01143
ACC01620,Harpreet Agarwal,PERSONAL,BANK_A,2943,MEDIUM,ENT01144
ACC01621,Agarwal Foods,BUSINESS,BANK_A,3450,MEDIUM,ENT01144
ACC01622,Jyoti Varghese,PERSONAL,BANK_B,526,MEDIUM,ENT01145
ACC01623,Varghese Retail,BUSINESS,BANK_A,461,MEDIUM,ENT01145
ACC01624,Aarti Sidhu,PERSONAL,BANK_A,2444,MEDIUM,ENT01146
ACC01625,Manisha Banerjee,PERSONAL,BANK_A,148,MEDIUM,ENT01147
ACC01626,Meena Shah,PERSONAL,BANK_B,1995,MEDIUM,ENT01148
ACC01627,Shah Electronics,BUSINESS,BANK_A,608,MEDIUM,ENT01148
ACC01628,Sabiha Das,PERSONAL,BANK_A,1031,MEDIUM,ENT01149
ACC01629,Lakshmi Ansari,PERSONAL,BANK_A,1030,LOW,ENT01150
ACC01630,Prakash Desai,PERSONAL,BANK_B,792,MEDIUM,ENT01151
ACC01631,Ayesha Mehta,PERSONAL,BANK_A,1668,MEDIUM,ENT01152
ACC01632,Mehta Infotech,BUSINESS,BANK_B,1586,MEDIUM,ENT01152
ACC01633,Nithya Malhotra,PERSONAL,BANK_A,2894,MEDIUM,ENT01153
ACC01634,Manpreet Sheikh,PERSONAL,BANK_B,3535,MEDIUM,ENT01154
ACC01635,Sheikh Motors,BUSINESS,BANK_A,129,MEDIUM,ENT01154
ACC01636,Ramesh Reddy,PERSONAL,BANK_A,3141,MEDIUM,ENT01155
ACC01637,Padma Qureshi,PERSONAL,BANK_A,1694,MEDIUM,ENT01156
ACC01638,Qureshi Agro Industries,BUSINESS,BANK_B,986,LOW,ENT01156
ACC01639,Vandana Ahmed,PERSONAL,BANK_A,3366,MEDIUM,ENT01157
ACC01640,Anita Mehta,PERSONAL,BANK_A,476,MEDIUM,ENT01158
ACC01641,Mehta Foods,BUSINESS,BANK_A,2643,HIGH,ENT01158
ACC01642,Mehta Distributors,BUSINESS,BANK_A,1497,MEDIUM,ENT01158
ACC01643,Deepa Varghese,PERSONAL,BANK_A,1466,HIGH,ENT01159
ACC01644,Harpreet Pillai,PERSONAL,BANK_A,549,MEDIUM,ENT01160
ACC01645,Mishra Exports,BUSINESS,BANK_A,2935,MEDIUM,ENT01161
ACC01646,Prakash Kapoor,PERSONAL,BANK_A,2767,MEDIUM,ENT01162
ACC01647,Malhotra Motors,BUSINESS,BANK_A,2118,HIGH,ENT01163
ACC01648,Sandeep Singh,PERSONAL,BANK_B,2251,LOW,ENT01164
ACC01649,Ramesh Sidhu,PERSONAL,BANK_A,2971,MEDIUM,ENT01165
ACC01650,Sneha Iyengar,PERSONAL,BANK_B,2784,LOW,ENT01166
ACC01651,Iyengar Logistics,BUSINESS,BANK_B,2364,MEDIUM,ENT01166
ACC01652,Deepak Dhillon,PERSONAL,BANK_B,843,MEDIUM,ENT01167
ACC01653,Lakshmi Malik,PERSONAL,BANK_B,3008,MEDIUM,ENT01168
ACC01654,Suresh Thomas,PERSONAL,BANK_A,3134,MEDIUM,ENT01169
ACC01655,Sarita Malik,PERSONAL,BANK_B,1084,MEDIUM,ENT01170
ACC01656,Malik Distributors,BUSINESS,BANK_B,2609,MEDIUM,ENT01170
ACC01657,Aarti Thomas,PERSONAL,BANK_A,1960,MEDIUM,ENT01171
ACC01658,Thomas Foods,BUSINESS,BANK_A,2481,HIGH,ENT01171
ACC01659,Anita Varghese,PERSONAL,BANK_B,1733,LOW,ENT01172
ACC01660,Gaurav Shah,PERSONAL,BANK_A,2824,HIGH,ENT01173
ACC01661,Shah Foods,BUSINESS,BANK_B,660,LOW,ENT01173
ACC01662,Imran Patel,PERSONAL,BANK_A,1316,MEDIUM,ENT01174
ACC01663,Dinesh Iyer,PERSONAL,BANK_A,2300,LOW,ENT01175
ACC01664,Jyoti Mishra,PERSONAL,BANK_A,945,MEDIUM,ENT01176
ACC01665,Joshi Fashions,BUSINESS,BANK_A,2112,LOW,ENT01177
ACC01666,Divya Tiwari,PERSONAL,BANK_B,1905,MEDIUM,ENT01178
ACC01667,Joseph Iyer,PERSONAL,BANK_A,136,HIGH,ENT01179
ACC01668,Iyer Constructions,BUSINESS,BANK_B,2485,MEDIUM,ENT01179
ACC01669,Simran Iyer,PERSONAL,BANK_B,1497,LOW,ENT01180
ACC01670,Padma Bhatt,PERSONAL,BANK_A,854,MEDIUM,ENT01181
ACC01671,Amandeep Mishra,PERSONAL,BANK_A,1116,MEDIUM,ENT01182
ACC01672,Ansari Enterprises,BUSINESS,BANK_A,1989,MEDIUM,ENT01183
ACC01673,Deepak Malik,PERSONAL,BANK_A,608,MEDIUM,ENT01184
ACC01674,Malik Electronics,BUSINESS,BANK_B,897,MEDIUM,ENT01184
ACC01675,Irfan Joshi,PERSONAL,BANK_B,654,MEDIUM,ENT01185
ACC01676,Anil Sheikh,PERSONAL,BANK_B,1535,MEDIUM,ENT01186
ACC01677,Venkatesh Nair,PERSONAL,BANK_B,1101,MEDIUM,ENT01187
ACC01678,Vijay Sheikh,PERSONAL,BANK_B,2862,HIGH,ENT01188
ACC01679,Vasantha Dhillon,PERSONAL,BANK_B,1423,MEDIUM,ENT01189
ACC01680,Dhillon Distributors,BUSINESS,BANK_A,3223,MEDIUM,ENT01189
ACC01681,Sanjay Das,PERSONAL,BANK_A,2796,MEDIUM,ENT01190
ACC01682,Manpreet Dubey,PERSONAL,BANK_B,923,MEDIUM,ENT01191
ACC01683,Ravi Nair,PERSONAL,BANK_B,3379,MEDIUM,ENT01192
ACC01684,Manpreet Menon,PERSONAL,BANK_A,2272,MEDIUM,ENT01193
ACC01685,Menon Overseas,BUSINESS,BANK_A,3429,MEDIUM,ENT01193
ACC01686,Menon Traders,BUSINESS,BANK_B,2087,LOW,ENT01193
ACC01687,Jaspreet Nair,PERSONAL,BANK_A,2171,MEDIUM,ENT01194
ACC01688,Gaurav Rao,PERSONAL,BANK_A,2838,LOW,ENT01195
ACC01689,Rao Agro Industries,BUSINESS,BANK_B,142,MEDIUM,ENT01195
ACC01690,Zeenat Bansal,PERSONAL,BANK_B,2687,LOW,ENT01196
ACC01691,Singh Constructions,BUSINESS,BANK_A,2481,MEDIUM,ENT01197
ACC01692,Naveen Ahmed,PERSONAL,BANK_B,3645,HIGH,ENT01198
ACC01693,Ahmed Traders,BUSINESS,BANK_A,1618,MEDIUM,ENT01198
ACC01694,Rajesh Malhotra,PERSONAL,BANK_A,528,HIGH,ENT01199
ACC01695,Susan Nair,PERSONAL,BANK_B,701,HIGH,ENT01200
ACC01696,Kalpana Patel,PERSONAL,BANK_A,1199,HIGH,ENT01201
ACC01697,Arun Jain,PERSONAL,BANK_A,2778,HIGH,ENT01202
ACC01698,Shah Distributors,BUSINESS,BANK_B,2191,HIGH,ENT01203
ACC01699,Rahul Das,PERSONAL,BANK_B,1547,MEDIUM,ENT01204
ACC01700,Das Traders,BUSINESS,BANK_A,2993,HIGH,ENT01204
ACC01701,Sarita Pillai & Sons,PERSONAL,BANK_B,2295,MEDIUM,ENT01205
ACC01702,Pillai & Sons Textiles,BUSINESS,BANK_B,526,MEDIUM,ENT01205
ACC01703,Usha Dubey,PERSONAL,BANK_A,2293,MEDIUM,ENT01206
ACC01704,Sunil Sharma,PERSONAL,BANK_B,610,LOW,ENT01207
ACC01705,Ashok Mishra,PERSONAL,BANK_B,2322,LOW,ENT01208
ACC01706,Mishra Retail,BUSINESS,BANK_A,425,MEDIUM,ENT01208
ACC01707,Ravi Varghese,PERSONAL,BANK_B,1297,MEDIUM,ENT01209
ACC01708,Jyoti Qureshi,PERSONAL,BANK_B,2535,LOW,ENT01210
ACC01709,Qureshi Foods,BUSINESS,BANK_B,3374,MEDIUM,ENT01210
ACC01710,Sowmya Singh,PERSONAL,BANK_A,3461,MEDIUM,ENT01211
ACC01711,Gurpreet Trivedi,PERSONAL,BANK_B,786,MEDIUM,ENT01212
ACC01712,Jyoti Menon,PERSONAL,BANK_B,668,MEDIUM,ENT01213
ACC01713,Menon Fashions,BUSINESS,BANK_B,2199,MEDIUM,ENT01213
ACC01714,Trivedi Constructions,BUSINESS,BANK_B,3339,MEDIUM,ENT01214
ACC01715,Manisha Kaur,PERSONAL,BANK_B,1889,MEDIUM,ENT01215
ACC01716,Gopal Shah,PERSONAL,BANK_B,3394,MEDIUM,ENT01216
ACC01717,Shah Distributors,BUSINESS,BANK_A,1279,LOW,ENT01216
ACC01718,Nithya Kumar,PERSONAL,BANK_A,818,MEDIUM,ENT01217
ACC01719,Kumar Textiles,BUSINESS,BANK_A,3416,MEDIUM,ENT01217
ACC01720,Rahul Saxena,PERSONAL,BANK_A,2423,MEDIUM,ENT01218
ACC01721,Saxena Agro Industries,BUSINESS,BANK_A,592,HIGH,ENT01218
ACC01722,Susan Iyengar,PERSONAL,BANK_B,3367,MEDIUM,ENT01219
ACC01723,Iyengar Infotech,BUSINESS,BANK_B,517,MEDIUM,ENT01219
ACC01724,Mary Bose,PERSONAL,BANK_A,1098,MEDIUM,ENT01220
ACC01725,Kiran Gupta,PERSONAL,BANK_A,3227,MEDIUM,ENT01221
ACC01726,Usha Brar,PERSONAL,BANK_A,1606,MEDIUM,ENT01222
ACC01727,Ravi Mukherjee,PERSONAL,BANK_A,2000,LOW,ENT01223
ACC01728,Sandeep Patel,PERSONAL,BANK_A,1385,MEDIUM,ENT01224
ACC01729,Patel Foods,BUSINESS,BANK_B,244,MEDIUM,ENT01224
ACC01730,Anjali Shah,PERSONAL,BANK_B,108,MEDIUM,ENT01225
ACC01731,Shah Enterprises,BUSINESS,BANK_A,370,MEDIUM,ENT01225
ACC01732,Mary Patel,PERSONAL,BANK_B,1458,LOW,ENT01226
ACC01733,Patel Enterprises,BUSINESS,BANK_A,3272,MEDIUM,ENT01226
ACC01734,Ajay Sengupta,PERSONAL,BANK_A,2579,MEDIUM,ENT01227
ACC01735,Divya Pillai & Sons,PERSONAL,BANK_A,3086,LOW,ENT01228
ACC01736,Jyoti Ansari,PERSONAL,BANK_A,2910,MEDIUM,ENT01229
ACC01737,Gopal Dubey,PERSONAL,BANK_A,765,MEDIUM,ENT01230
ACC01738,Anna Jain,PERSONAL,BANK_A,1860,MEDIUM,ENT01231
ACC01739,Jain Foods,BUSINESS,BANK_A,165,LOW,ENT01231
ACC01740,Ritu Trivedi,PERSONAL,BANK_B,577,HIGH,ENT01232
ACC01741,Arjun Reddy,PERSONAL,BANK_A,2969,MEDIUM,ENT01233
ACC01742,Manpreet Rao,PERSONAL,BANK_B,1577,MEDIUM,ENT01234
ACC01743,Sandeep Dubey,PERSONAL,BANK_B,714,HIGH,ENT01235
ACC01744,Dubey Foods,BUSINESS,BANK_B,357,MEDIUM,ENT01235
ACC01745,Harpreet Singh,PERSONAL,BANK_B,3643,MEDIUM,ENT01236
ACC01746,Singh Hardware,BUSINESS,BANK_A,413,MEDIUM,ENT01236
ACC01747,Singh Exports,BUSINESS,BANK_B,2749,MEDIUM,ENT01236
ACC01748,Imran Menon,PERSONAL,BANK_A,1616,MEDIUM,ENT01237
ACC01749,Arun Patel,PERSONAL,BANK_A,3631,MEDIUM,ENT01238
ACC01750,Patel Constructions,BUSINESS,BANK_A,886,LOW,ENT01238
ACC01751,Kiran Iyer,PERSONAL,BANK_B,529,MEDIUM,ENT01239
ACC01752,Mary Banerjee,PERSONAL,BANK_B,3520,MEDIUM,ENT01240
ACC01753,Priya Rao,PERSONAL,BANK_A,2418,MEDIUM,ENT01241
ACC01754,Rao Fashions,BUSINESS,BANK_B,2041,MEDIUM,ENT01241
ACC01755,Fatima Kapoor,PERSONAL,BANK_B,1338,MEDIUM,ENT01242
ACC01756,Srinivas Bhatt,PERSONAL,BANK_B,3621,MEDIUM,ENT01243
ACC01757,Bhatt Logistics,BUSINESS,BANK_A,2827,HIGH,ENT01243
ACC01758,Preethi Sheikh,PERSONAL,BANK_B,2573,LOW,ENT01244
ACC01759,Sheikh Agro Industries,BUSINESS,BANK_B,1296,MEDIUM,ENT01244
ACC01760,Zubair Reddy,PERSONAL,BANK_B,1884,MEDIUM,ENT01245
ACC01761,Suresh Mehta,PERSONAL,BANK_A,523,MEDIUM,ENT01246
ACC01762,Kalpana Jain,PERSONAL,BANK_B,2066,LOW,ENT01247
ACC01763,Anjali Verma,PERSONAL,BANK_B,2064,HIGH,ENT01248
ACC01764,Ramesh Shah,PERSONAL,BANK_A,2061,LOW,ENT01249
ACC01765,Susan Khan,PERSONAL,BANK_B,1875,MEDIUM,ENT01250
ACC01766,Khan Overseas,BUSINESS,BANK_A,340,MEDIUM,ENT01250
ACC01767,Joseph Yadav,PERSONAL,BANK_B,1881,MEDIUM,ENT01251
ACC01768,Harleen Kapoor,PERSONAL,BANK_A,2770,MEDIUM,ENT01252
ACC01769,Sunil Naidu,PERSONAL,BANK_A,2395,MEDIUM,ENT01253
ACC01770,Gupta Logistics,BUSINESS,BANK_A,2476,LOW,ENT01254
ACC01771,Amit Saxena,PERSONAL,BANK_B,1393,HIGH,ENT01255
ACC01772,Nitin Joshi,PERSONAL,BANK_B,767,LOW,ENT01256
ACC01773,Manoj Trivedi,PERSONAL,BANK_A,335,HIGH,ENT01257
ACC01774,Manoj Sheikh,PERSONAL,BANK_B,1728,MEDIUM,ENT01258
ACC01775,Sheikh Logistics,BUSINESS,BANK_A,2573,MEDIUM,ENT01258
ACC01776,Sheikh Retail,BUSINESS,BANK_A,2463,MEDIUM,ENT01258
ACC01777,Nitin Ghosh,PERSONAL,BANK_B,1291,MEDIUM,ENT01259
ACC01778,Kritika Thomas,PERSONAL,BANK_A,389,HIGH,ENT01260
ACC01779,Arun Pillai,PERSONAL,BANK_B,1316,HIGH,ENT01261
ACC01780,Faisal Patel,PERSONAL,BANK_A,2128,MEDIUM,ENT01262
ACC01781,Suresh Gupta,PERSONAL,BANK_B,2184,MEDIUM,ENT01263
ACC01782,Gupta Hardware,BUSINESS,BANK_A,2799,HIGH,ENT01263
ACC01783,Irfan Ahmed,PERSONAL,BANK_A,118,MEDIUM,ENT01264
ACC01784,Dubey Traders,BUSINESS,BANK_A,2191,HIGH,ENT01265
ACC01785,Harpreet Bose,PERSONAL,BANK_A,882,MEDIUM,ENT01266
ACC01786,Divya Reddy,PERSONAL,BANK_B,1346,MEDIUM,ENT01267
ACC01787,Ghosh Retail,BUSINESS,BANK_A,1132,HIGH,ENT01268
ACC01788,Ramesh Menon,PERSONAL,BANK_A,2464,MEDIUM,ENT01269
ACC01789,Sneha Menon,PERSONAL,BANK_A,2019,HIGH,ENT01270
ACC01790,Priya Mehta,PERSONAL,BANK_A,1621,MEDIUM,ENT01271
ACC01791,Shreya Tiwari,PERSONAL,BANK_A,1848,LOW,ENT01272
ACC01792,Dinesh Sidhu,PERSONAL,BANK_B,2330,MEDIUM,ENT01273
ACC01793,Sidhu Overseas,BUSINESS,BANK_B,2223,HIGH,ENT01273
ACC01794,Sunil Chatterjee,PERSONAL,BANK_B,1106,MEDIUM,ENT01274
ACC01795,Prakash Banerjee,PERSONAL,BANK_B,3018,MEDIUM,ENT01275
ACC01796,Pankaj Sheikh,PERSONAL,BANK_A,2928,MEDIUM,ENT01276
ACC01797,Lakshmi Menon,PERSONAL,BANK_B,1236,HIGH,ENT01277
ACC01798,Menon Logistics,BUSINESS,BANK_A,3010,MEDIUM,ENT01277
ACC01799,Naidu Textiles,BUSINESS,BANK_A,3299,MEDIUM,ENT01278
ACC01800,Pillai & Sons Logistics,BUSINESS,BANK_B,2552,HIGH,ENT01279
ACC01801,Sunil Das,PERSONAL,BANK_A,2780,MEDIUM,ENT01280
ACC01802,Vasantha Bansal,PERSONAL,BANK_B,1687,LOW,ENT01281
ACC01803,Zubair Sheikh,PERSONAL,BANK_B,263,MEDIUM,ENT01282
ACC01804,Sheikh Agro Industries,BUSINESS,BANK_B,60,MEDIUM,ENT01282
ACC01805,Patel Pharma,BUSINESS,BANK_A,2787,LOW,ENT01283
ACC01806,Gill Motors,BUSINESS,BANK_B,2820,HIGH,ENT01284
ACC01807,Faisal Pandey,PERSONAL,BANK_B,1626,HIGH,ENT01285
ACC01808,Anita Rao,PERSONAL,BANK_B,125,HIGH,ENT01286
ACC01809,Kavita Trivedi,PERSONAL,BANK_B,1621,LOW,ENT01287
ACC01810,Sunil Chauhan,PERSONAL,BANK_B,2130,HIGH,ENT01288
ACC01811,Chauhan Distributors,BUSINESS,BANK_A,1471,MEDIUM,ENT01288
ACC01812,Ashok Sheikh,PERSONAL,BANK_B,2953,HIGH,ENT01289
ACC01813,Gaurav Dhillon,PERSONAL,BANK_A,1854,LOW,ENT01290
ACC01814,Kritika Tiwari,PERSONAL,BANK_B,3502,LOW,ENT01291
ACC01815,Tiwari Constructions,BUSINESS,BANK_B,1372,HIGH,ENT01291
ACC01816,Tiwari Distributors,BUSINESS,BANK_A,2873,MEDIUM,ENT01291
ACC01817,Harpreet Sidhu,PERSONAL,BANK_A,2871,MEDIUM,ENT01292
ACC01818,Jyoti Malhotra,PERSONAL,BANK_B,2186,MEDIUM,ENT01293
ACC01819,Malhotra Textiles,BUSINESS,BANK_A,2593,MEDIUM,ENT01293
ACC01820,Manoj Singh,PERSONAL,BANK_B,2526,MEDIUM,ENT01294
ACC01821,Mahesh Naidu,PERSONAL,BANK_B,1290,HIGH,ENT01295
ACC01822,Naidu Enterprises,BUSINESS,BANK_A,1557,MEDIUM,ENT01295
ACC01823,Swati Pillai & Sons,PERSONAL,BANK_A,1791,MEDIUM,ENT01296
ACC01824,Vandana Sengupta,PERSONAL,BANK_A,2930,MEDIUM,ENT01297
ACC01825,Rahul Verma,PERSONAL,BANK_B,3499,MEDIUM,ENT01298
ACC01826,Verma Retail,BUSINESS,BANK_B,1991,MEDIUM,ENT01298
ACC01827,Manisha Joshi,PERSONAL,BANK_B,1870,MEDIUM,ENT01299
ACC01828,Joshi Infotech,BUSINESS,BANK_A,1308,MEDIUM,ENT01299
ACC01829,Joshi Enterprises,BUSINESS,BANK_A,2235,MEDIUM,ENT01299
ACC01830,Amit Dhillon,PERSONAL,BANK_A,3252,MEDIUM,ENT01300
ACC01831,Simran Reddy,PERSONAL,BANK_A,2310,HIGH,ENT01301
ACC01832,Reddy Enterprises,BUSINESS,BANK_A,1320,MEDIUM,ENT01301
ACC01833,Harleen Qureshi,PERSONAL,BANK_B,3544,MEDIUM,ENT01302
ACC01834,Qureshi Constructions,BUSINESS,BANK_B,3264,HIGH,ENT01302
ACC01835,Vijay Naidu,PERSONAL,BANK_A,408,HIGH,ENT01303
ACC01836,Shobha Sandhu,PERSONAL,BANK_B,3054,MEDIUM,ENT01304
ACC01837,Rohit Rao,PERSONAL,BANK_B,1209,MEDIUM,ENT01305
ACC01838,Rao Distributors,BUSINESS,BANK_A,535,MEDIUM,ENT01305
ACC01839,Sunil Tiwari,PERSONAL,BANK_A,1000,LOW,ENT01306
ACC01840,Nisha Saxena,PERSONAL,BANK_B,2330,MEDIUM,ENT01307
ACC01841,Manoj Joshi,PERSONAL,BANK_A,154,MEDIUM,ENT01308
ACC01842,Rekha Chauhan,PERSONAL,BANK_A,2654,MEDIUM,ENT01309
ACC01843,Fatima Menon,PERSONAL,BANK_A,1301,LOW,ENT01310
ACC01844,Sneha Kaur,PERSONAL,BANK_B,2119,MEDIUM,ENT01311
ACC01845,Kaur Retail,BUSINESS,BANK_B,1567,MEDIUM,ENT01311
ACC01846,Gopal Desai,PERSONAL,BANK_B,765,MEDIUM,ENT01312
ACC01847,Karthik Bhatt,PERSONAL,BANK_A,3460,LOW,ENT01313
ACC01848,Bhatt Exports,BUSINESS,BANK_A,1129,MEDIUM,ENT01313
ACC01849,Rao Distributors,BUSINESS,BANK_A,2111,MEDIUM,ENT01314
ACC01850,Sanjay Mukherjee,PERSONAL,BANK_B,118,MEDIUM,ENT01315
ACC01851,Mukherjee Pharma,BUSINESS,BANK_A,1295,MEDIUM,ENT01315
ACC01852,Bhavana Mukherjee,PERSONAL,BANK_A,2998,HIGH,ENT01316
ACC01853,Mukherjee Electronics,BUSINESS,BANK_B,3190,MEDIUM,ENT01316
ACC01854,Mukherjee Exports,BUSINESS,BANK_A,2945,MEDIUM,ENT01316
ACC01855,Mukherjee Agro Industries,BUSINESS,BANK_A,2061,MEDIUM,ENT01316
ACC01856,Srinivas Verma,PERSONAL,BANK_A,2897,LOW,ENT01317
ACC01857,Sabiha Sidhu,PERSONAL,BANK_B,194,MEDIUM,ENT01318
ACC01858,Sidhu Pharma,BUSINESS,BANK_A,859,MEDIUM,ENT01318
ACC01859,Sowmya Chauhan,PERSONAL,BANK_A,1602,LOW,ENT01319
ACC01860,Rekha Khan,PERSONAL,BANK_B,2934,MEDIUM,ENT01320
ACC01861,Khan Electronics,BUSINESS,BANK_B,2126,MEDIUM,ENT01320
ACC01862,Gopal Desai,PERSONAL,BANK_B,210,MEDIUM,ENT01321
ACC01863,Desai Constructions,BUSINESS,BANK_A,1056,MEDIUM,ENT01321
ACC01864,Bhavana Gupta,PERSONAL,BANK_A,861,MEDIUM,ENT01322
ACC01865,Gupta Overseas,BUSINESS,BANK_B,2222,HIGH,ENT01322
ACC01866,Venkatesh Saxena,PERSONAL,BANK_A,2159,MEDIUM,ENT01323
ACC01867,Prakash Chatterjee,PERSONAL,BANK_B,1966,MEDIUM,ENT01324
ACC01868,Divya Kaur,PERSONAL,BANK_B,2664,LOW,ENT01325
ACC01869,Anjali Dhillon,PERSONAL,BANK_B,609,HIGH,ENT01326
ACC01870,Dhillon Enterprises,BUSINESS,BANK_B,2759,MEDIUM,ENT01326
ACC01871,Dhillon Traders,BUSINESS,BANK_B,334,MEDIUM,ENT01326
ACC01872,Pankaj Yadav,PERSONAL,BANK_B,568,MEDIUM,ENT01327
ACC01873,Deepa Naidu,PERSONAL,BANK_A,373,LOW,ENT01328
ACC01874,Meena Pandey,PERSONAL,BANK_A,235,HIGH,ENT01329
ACC01875,Pandey Textiles,BUSINESS,BANK_A,3180,HIGH,ENT01330
ACC01876,Zeenat Gill,PERSONAL,BANK_B,988,MEDIUM,ENT01331
ACC01877,Gill Traders,BUSINESS,BANK_B,3507,HIGH,ENT01331
ACC01878,Meena Naidu,PERSONAL,BANK_B,2023,MEDIUM,ENT01332
ACC01879,Imran Kumar,PERSONAL,BANK_B,2175,MEDIUM,ENT01333
ACC01880,Kumar Infotech,BUSINESS,BANK_B,830,HIGH,ENT01333
ACC01881,Sarita Das,PERSONAL,BANK_A,1590,MEDIUM,ENT01334
ACC01882,Harish Sengupta,PERSONAL,BANK_B,832,HIGH,ENT01335
ACC01883,Balaji Verma,PERSONAL,BANK_A,3584,MEDIUM,ENT01336
ACC01884,Sanjay Menon,PERSONAL,BANK_B,1862,MEDIUM,ENT01337
ACC01885,Mukherjee Retail,BUSINESS,BANK_A,3097,MEDIUM,ENT01338
ACC01886,Divya Qureshi,PERSONAL,BANK_B,2667,HIGH,ENT01339
ACC01887,Manpreet Kaur,PERSONAL,BANK_A,2948,MEDIUM,ENT01340
ACC01888,Kaur Pharma,BUSINESS,BANK_B,3581,LOW,ENT01340
ACC01889,Lakshmi Das,PERSONAL,BANK_B,1059,MEDIUM,ENT01341
ACC01890,Das Agro Industries,BUSINESS,BANK_A,1399,HIGH,ENT01341
ACC01891,Pooja Ahmed,PERSONAL,BANK_A,3404,MEDIUM,ENT01342
ACC01892,Ahmed Retail,BUSINESS,BANK_A,1327,MEDIUM,ENT01342
ACC01893,Mahesh Nair,PERSONAL,BANK_B,1515,LOW,ENT01343
ACC01894,Mehta Motors,BUSINESS,BANK_A,1947,HIGH,ENT01344
ACC01895,Jaspreet Chatterjee,PERSONAL,BANK_B,150,HIGH,ENT01345
ACC01896,Vijay Sharma,PERSONAL,BANK_A,112,HIGH,ENT01346
ACC01897,Sharma Traders,BUSINESS,BANK_B,788,MEDIUM,ENT01346
ACC01898,Sharma Electronics,BUSINESS,BANK_A,1258,MEDIUM,ENT01346
ACC01899,Mishra Distributors,BUSINESS,BANK_A,3565,HIGH,ENT01347
ACC01900,Gaurav Sengupta,PERSONAL,BANK_A,3394,MEDIUM,ENT01348
ACC01901,Karthik Trivedi,PERSONAL,BANK_B,432,HIGH,ENT01349
ACC01902,Trivedi Foods,BUSINESS,BANK_B,2359,LOW,ENT01349
ACC01903,Susan Bhatt,PERSONAL,BANK_B,1210,MEDIUM,ENT01350
ACC01904,Jaspreet Sidhu,PERSONAL,BANK_B,1926,MEDIUM,ENT01351
ACC01905,Padma Qureshi,PERSONAL,BANK_A,1006,MEDIUM,ENT01352
ACC01906,Deepak Agarwal,PERSONAL,BANK_B,3339,LOW,ENT01353
ACC01907,Anil Thomas,PERSONAL,BANK_B,1765,MEDIUM,ENT01354
ACC01908,Sarita Bansal,PERSONAL,BANK_B,2336,MEDIUM,ENT01355
ACC01909,Gurpreet Sengupta,PERSONAL,BANK_A,997,HIGH,ENT01356
ACC01910,Karthik Sandhu,PERSONAL,BANK_A,3415,MEDIUM,ENT01357
ACC01911,Sarita Jain,PERSONAL,BANK_A,2343,MEDIUM,ENT01358
ACC01912,Jain Retail,BUSINESS,BANK_B,1864,LOW,ENT01358
ACC01913,Usha Bose,PERSONAL,BANK_A,3594,MEDIUM,ENT01359
ACC01914,Arjun Ghosh,PERSONAL,BANK_A,1795,MEDIUM,ENT01360
ACC01915,Manpreet Mehta,PERSONAL,BANK_B,1821,MEDIUM,ENT01361
ACC01916,Suresh Menon,PERSONAL,BANK_B,2158,MEDIUM,ENT01362
ACC01917,Joseph Kapoor,PERSONAL,BANK_A,637,MEDIUM,ENT01363
ACC01918,Vinod Rao,PERSONAL,BANK_A,503,MEDIUM,ENT01364
ACC01919,Rao Infotech,BUSINESS,BANK_B,3463,HIGH,ENT01364
ACC01920,Sunita Menon,PERSONAL,BANK_B,1053,MEDIUM,ENT01365
ACC01921,Menon Fashions,BUSINESS,BANK_A,2049,HIGH,ENT01365
ACC01922,Menon Pharma,BUSINESS,BANK_A,3220,MEDIUM,ENT01365
ACC01923,Ghosh Infotech,BUSINESS,BANK_A,2052,MEDIUM,ENT01366
ACC01924,Ansari Infotech,BUSINESS,BANK_B,410,HIGH,ENT01367
ACC01925,Amit Das,PERSONAL,BANK_A,2549,MEDIUM,ENT01368
ACC01926,Das Foods,BUSINESS,BANK_A,688,MEDIUM,ENT01368
ACC01927,Sneha Trivedi,PERSONAL,BANK_A,1187,HIGH,ENT01369
ACC01928,Bhavana Agarwal,PERSONAL,BANK_A,250,MEDIUM,ENT01370
ACC01929,Pooja Pillai,PERSONAL,BANK_B,2779,MEDIUM,ENT01371
ACC01930,Mukherjee Traders,BUSINESS,BANK_A,2302,MEDIUM,ENT01372
ACC01931,Vasantha Chatterjee,PERSONAL,BANK_A,919,LOW,ENT01373
ACC01932,Dhillon Enterprises,BUSINESS,BANK_A,2206,LOW,ENT01374
ACC01933,Rajwinder Dubey,PERSONAL,BANK_B,189,HIGH,ENT01375
ACC01934,Anna Khan,PERSONAL,BANK_A,160,HIGH,ENT01376
ACC01935,Faisal Iyengar,PERSONAL,BANK_B,1508,MEDIUM,ENT01377
ACC01936,Prakash Agarwal,PERSONAL,BANK_B,1831,MEDIUM,ENT01378
ACC01937,Faisal Reddy,PERSONAL,BANK_B,1486,MEDIUM,ENT01379
ACC01938,Kapoor Infotech,BUSINESS,BANK_B,1422,LOW,ENT01380
ACC01939,Swati Pandey,PERSONAL,BANK_B,2004,MEDIUM,ENT01381
ACC01940,Pandey Enterprises,BUSINESS,BANK_B,1215,MEDIUM,ENT01381
ACC01941,Pandey Overseas,BUSINESS,BANK_A,3038,HIGH,ENT01381
ACC01942,Sunil Brar,PERSONAL,BANK_B,738,HIGH,ENT01382
ACC01943,Sandeep Das,PERSONAL,BANK_A,1609,MEDIUM,ENT01383
ACC01944,Venkatesh Dubey,PERSONAL,BANK_B,3071,MEDIUM,ENT01384
ACC01945,Dubey Traders,BUSINESS,BANK_B,1721,MEDIUM,ENT01384
ACC01946,Mary Joshi,PERSONAL,BANK_A,1914,MEDIUM,ENT01385
ACC01947,Manpreet Ghosh,PERSONAL,BANK_B,3132,HIGH,ENT01386
ACC01948,Sarita Bose,PERSONAL,BANK_A,2631,HIGH,ENT01387
ACC01949,Aarti Varghese,PERSONAL,BANK_A,3412,MEDIUM,ENT01388
ACC01950,Harpreet Patel,PERSONAL,BANK_A,1992,LOW,ENT01389
ACC01951,Srinivas Qureshi,PERSONAL,BANK_B,410,MEDIUM,ENT01390
ACC01952,Agarwal Pharma,BUSINESS,BANK_A,2049,MEDIUM,ENT01391
ACC01953,Sneha Sheikh,PERSONAL,BANK_A,2576,MEDIUM,ENT01392
ACC01954,Nisha Varghese,PERSONAL,BANK_A,1581,MEDIUM,ENT01393
ACC01955,Geeta Jain,PERSONAL,BANK_A,67,HIGH,ENT01394
ACC01956,Zeenat Chatterjee,PERSONAL,BANK_A,68,HIGH,ENT01395
ACC01957,Nithya Sheikh,PERSONAL,BANK_A,2571,MEDIUM,ENT01396
ACC01958,Sheikh Pharma,BUSINESS,BANK_B,1810,HIGH,ENT01396
ACC01959,Simran Iyengar,PERSONAL,BANK_B,3056,MEDIUM,ENT01397
ACC01960,Dhillon Agro Industries,BUSINESS,BANK_B,1696,MEDIUM,ENT01398
ACC01961,Kavita Nair,PERSONAL,BANK_A,1011,MEDIUM,ENT01399
ACC01962,Pooja Varghese,PERSONAL,BANK_A,411,MEDIUM,ENT01400
ACC01963,Simran Mehta,PERSONAL,BANK_B,1973,MEDIUM,ENT01401
ACC01964,Fatima Shah,PERSONAL,BANK_A,2885,MEDIUM,ENT01402
ACC01965,Bhavana Pandey,PERSONAL,BANK_A,2904,MEDIUM,ENT01403
ACC01966,Pandey Motors,BUSINESS,BANK_A,1197,MEDIUM,ENT01403
ACC01967,Dinesh Khan,PERSONAL,BANK_A,1011,MEDIUM,ENT01404
ACC01968,Shreya Dubey,PERSONAL,BANK_A,3034,MEDIUM,ENT01405
ACC01969,Dubey Overseas,BUSINESS,BANK_A,3266,MEDIUM,ENT01405
ACC01970,Padma Iyer,PERSONAL,BANK_A,488,LOW,ENT01406
ACC01971,Iyer Fashions,BUSINESS,BANK_B,2782,MEDIUM,ENT01406
ACC01972,George Bhatt,PERSONAL,BANK_B,1840,MEDIUM,ENT01407
ACC01973,Bhatt Overseas,BUSINESS,BANK_A,824,MEDIUM,ENT01407
ACC01974,Patel Logistics,BUSINESS,BANK_A,935,LOW,ENT01408
ACC01975,Jyoti Sandhu,PERSONAL,BANK_A,1162,MEDIUM,ENT01409
ACC01976,Tiwari Agro Industries,BUSINESS,BANK_A,1670,MEDIUM,ENT01410
ACC01977,Deepa Chatterjee,PERSONAL,BANK_A,418,HIGH,ENT01411
ACC01978,Bhavana Qureshi,PERSONAL,BANK_A,2062,MEDIUM,ENT01412
ACC01979,Manisha Varghese,PERSONAL,BANK_B,1193,MEDIUM,ENT01413
ACC01980,Varghese Constructions,BUSINESS,BANK_B,3621,MEDIUM,ENT01413
ACC01981,Usha Sheikh,PERSONAL,BANK_A,1719,MEDIUM,ENT01414
ACC01982,Sheikh Textiles,BUSINESS,BANK_A,540,HIGH,ENT01414
ACC01983,Karthik Mehta,PERSONAL,BANK_B,133,MEDIUM,ENT01415
ACC01984,Manoj Khan,PERSONAL,BANK_B,1579,HIGH,ENT01416
ACC01985,Malik Constructions,BUSINESS,BANK_B,376,HIGH,ENT01417
ACC01986,Kavita Trivedi,PERSONAL,BANK_B,2595,MEDIUM,ENT01418
ACC01987,Susan Singh,PERSONAL,BANK_B,757,LOW,ENT01419
ACC01988,Kritika Bhatt,PERSONAL,BANK_A,2278,MEDIUM,ENT01420
ACC01989,Bhatt Exports,BUSINESS,BANK_B,1347,LOW,ENT01420
ACC01990,Kavita Mishra,PERSONAL,BANK_B,272,MEDIUM,ENT01421
ACC01991,Neha Brar,PERSONAL,BANK_A,2228,MEDIUM,ENT01422
ACC01992,Iyengar Electronics,BUSINESS,BANK_B,991,HIGH,ENT01423
ACC01993,Agarwal Infotech,BUSINESS,BANK_A,1013,MEDIUM,ENT01424
ACC01994,Ravi Dhillon,PERSONAL,BANK_B,232,MEDIUM,ENT01425
ACC01995,Dhillon Textiles,BUSINESS,BANK_A,2281,MEDIUM,ENT01425
ACC01996,Mary Yadav,PERSONAL,BANK_A,2850,LOW,ENT01426
ACC01997,Reddy Fashions,BUSINESS,BANK_B,2300,MEDIUM,ENT01427
ACC01998,Pooja Malhotra,PERSONAL,BANK_A,1978,HIGH,ENT01428
ACC01999,Malhotra Retail,BUSINESS,BANK_B,518,HIGH,ENT01428
ACC02000,Sunil Sengupta,PERSONAL,BANK_A,540,HIGH,ENT01429
ACC02001,Sengupta Textiles,BUSINESS,BANK_B,2055,MEDIUM,ENT01429
ACC02002,Shreya Patel,PERSONAL,BANK_A,1066,LOW,ENT01430
ACC02003,Dubey Constructions,BUSINESS,BANK_B,2655,MEDIUM,ENT01431
ACC02004,Kiran Sengupta,PERSONAL,BANK_A,583,MEDIUM,ENT01432
ACC02005,Thomas Chauhan,PERSONAL,BANK_B,1401,LOW,ENT01433
ACC02006,Anna Gupta,PERSONAL,BANK_B,1153,HIGH,ENT01434
ACC02007,Gupta Fashions,BUSINESS,BANK_A,2592,MEDIUM,ENT01434
ACC02008,Naveen Thomas,PERSONAL,BANK_B,741,MEDIUM,ENT01435
ACC02009,Anna Dhillon,PERSONAL,BANK_A,1172,LOW,ENT01436
ACC02010,Sidhu Agro Industries,BUSINESS,BANK_A,2929,MEDIUM,ENT01437
ACC02011,Neha Pillai,PERSONAL,BANK_B,992,MEDIUM,ENT01438
ACC02012,Harish Qureshi,PERSONAL,BANK_A,2251,LOW,ENT01439
ACC02013,Bose Agro Industries,BUSINESS,BANK_A,1793,MEDIUM,ENT01440
ACC02014,Nitin Mehta,PERSONAL,BANK_B,1362,MEDIUM,ENT01441
ACC02015,Mehta Overseas,BUSINESS,BANK_B,3304,HIGH,ENT01441
ACC02016,Meena Patel,PERSONAL,BANK_B,655,HIGH,ENT01442
ACC02017,Patel Constructions,BUSINESS,BANK_A,2967,MEDIUM,ENT01442
ACC02018,Gurpreet Ansari,PERSONAL,BANK_B,2425,HIGH,ENT01443
ACC02019,Kavita Malik,PERSONAL,BANK_A,2565,LOW,ENT01444
ACC02020,Shobha Kaur,PERSONAL,BANK_B,529,HIGH,ENT01445
ACC02021,Usha Saxena,PERSONAL,BANK_A,441,MEDIUM,ENT01446
ACC02022,Saxena Agro Industries,BUSINESS,BANK_A,120,MEDIUM,ENT01446
ACC02023,Shobha Dubey,PERSONAL,BANK_A,2175,LOW,ENT01447
ACC02024,Sunita Menon,PERSONAL,BANK_A,2611,MEDIUM,ENT01448
ACC02025,Menon Distributors,BUSINESS,BANK_B,508,MEDIUM,ENT01448
ACC02026,Kapoor Electronics,BUSINESS,BANK_A,815,MEDIUM,ENT01449
ACC02027,Faisal Mishra,PERSONAL,BANK_A,1396,MEDIUM,ENT01450
ACC02028,Jaspreet Patel,PERSONAL,BANK_A,2065,MEDIUM,ENT01451
ACC02029,Rekha Chatterjee,PERSONAL,BANK_A,773,LOW,ENT01452
ACC02030,Chatterjee Logistics,BUSINESS,BANK_A,709,MEDIUM,ENT01452
ACC02031,Nitin Nair,PERSONAL,BANK_B,3519,MEDIUM,ENT01453
ACC02032,Nair Distributors,BUSINESS,BANK_B,739,LOW,ENT01453
ACC02033,Pankaj Reddy,PERSONAL,BANK_B,1406,MEDIUM,ENT01454
ACC02034,Reddy Agro Industries,BUSINESS,BANK_A,1531,MEDIUM,ENT01454
ACC02035,Zeenat Ghosh,PERSONAL,BANK_B,1707,HIGH,ENT01455
ACC02036,Ghosh Logistics,BUSINESS,BANK_A,1255,MEDIUM,ENT01455
ACC02037,Patel Foods,BUSINESS,BANK_B,1832,LOW,ENT01456
ACC02038,Ayesha Mehta,PERSONAL,BANK_A,68,LOW,ENT01457
ACC02039,Geeta Ahmed,PERSONAL,BANK_B,604,MEDIUM,ENT01458
ACC02040,Ritu Verma,PERSONAL,BANK_A,616,HIGH,ENT01459
ACC02041,Anil Thomas,PERSONAL,BANK_A,2565,MEDIUM,ENT01460
ACC02042,Thomas Motors,BUSINESS,BANK_A,784,MEDIUM,ENT01460
ACC02043,Kalpana Ahmed,PERSONAL,BANK_A,2126,HIGH,ENT01461
ACC02044,Anjali Gupta,PERSONAL,BANK_B,2350,MEDIUM,ENT01462
ACC02045,Gupta Motors,BUSINESS,BANK_B,2820,MEDIUM,ENT01462
ACC02046,Vijay Kumar,PERSONAL,BANK_A,2349,LOW,ENT01463
ACC02047,Swati Sidhu,PERSONAL,BANK_A,3141,MEDIUM,ENT01464
ACC02048,Divya Thomas,PERSONAL,BANK_A,2095,MEDIUM,ENT01465
ACC02049,Faisal Mukherjee,PERSONAL,BANK_A,741,MEDIUM,ENT01466
ACC02050,Sarita Kaur,PERSONAL,BANK_A,2988,MEDIUM,ENT01467
ACC02051,Vijay Das,PERSONAL,BANK_A,1655,MEDIUM,ENT01468
ACC02052,Radha Sidhu,PERSONAL,BANK_B,2541,HIGH,ENT01469
ACC02053,Sidhu Overseas,BUSINESS,BANK_A,2728,MEDIUM,ENT01469
ACC02054,Priya Thomas,PERSONAL,BANK_A,1166,LOW,ENT01470
ACC02055,Sabiha Sheikh,PERSONAL,BANK_A,123,MEDIUM,ENT01471
ACC02056,Sheikh Traders,BUSINESS,BANK_A,2124,HIGH,ENT01471
ACC02057,Sangeeta Reddy,PERSONAL,BANK_A,3565,LOW,ENT01472
ACC02058,Reddy Textiles,BUSINESS,BANK_A,1159,MEDIUM,ENT01472
ACC02059,Reddy Hardware,BUSINESS,BANK_A,1791,MEDIUM,ENT01472
ACC02060,Pooja Dubey,PERSONAL,BANK_B,1764,MEDIUM,ENT01473
ACC02061,Jyoti Khan,PERSONAL,BANK_A,1836,HIGH,ENT01474
ACC02062,Gopal Jain,PERSONAL,BANK_B,3333,LOW,ENT01475
ACC02063,Jain Retail,BUSINESS,BANK_A,846,MEDIUM,ENT01475
ACC02064,Ashok Ahmed,PERSONAL,BANK_B,2302,MEDIUM,ENT01476
ACC02065,Bhavana Joshi,PERSONAL,BANK_A,2985,LOW,ENT01477
ACC02066,Pooja Dubey,PERSONAL,BANK_B,2441,HIGH,ENT01478
ACC02067,Dubey Infotech,BUSINESS,BANK_B,312,MEDIUM,ENT01478
ACC02068,Srinivas Mukherjee,PERSONAL,BANK_B,1651,MEDIUM,ENT01479
ACC02069,Ayesha Bansal,PERSONAL,BANK_A,2850,MEDIUM,ENT01480
ACC02070,Shobha Dubey,PERSONAL,BANK_B,598,MEDIUM,ENT01481
ACC02071,Jyoti Reddy,PERSONAL,BANK_B,2014,MEDIUM,ENT01482
ACC02072,Aarti Mehta,PERSONAL,BANK_A,3432,MEDIUM,ENT01483
ACC02073,Mehta Motors,BUSINESS,BANK_B,1272,MEDIUM,ENT01483
ACC02074,Harleen Jain,PERSONAL,BANK_A,2249,MEDIUM,ENT01484
ACC02075,Jain Enterprises,BUSINESS,BANK_A,1197,MEDIUM,ENT01484
ACC02076,Zubair Pillai,PERSONAL,BANK_B,1908,MEDIUM,ENT01485
ACC02077,Kiran Iyengar,PERSONAL,BANK_B,544,MEDIUM,ENT01486
ACC02078,Iyengar Electronics,BUSINESS,BANK_B,751,MEDIUM,ENT01486
ACC02079,Arjun Bose,PERSONAL,BANK_B,894,LOW,ENT01487
ACC02080,Dinesh Pillai,PERSONAL,BANK_A,845,MEDIUM,ENT01488
ACC02081,Pooja Rao,PERSONAL,BANK_A,1198,MEDIUM,ENT01489
ACC02082,Rao Logistics,BUSINESS,BANK_B,3524,MEDIUM,ENT01489
ACC02083,Meena Rao,PERSONAL,BANK_A,2176,MEDIUM,ENT01490
ACC02084,Rao Pharma,BUSINESS,BANK_A,1247,LOW,ENT01490
ACC02085,Sidhu Logistics,BUSINESS,BANK_B,3196,MEDIUM,ENT01491
ACC02086,Geeta Tiwari,PERSONAL,BANK_B,2044,LOW,ENT01492
ACC02087,George Iyengar,PERSONAL,BANK_B,1466,MEDIUM,ENT01493
ACC02088,Simran Jain,PERSONAL,BANK_B,1998,MEDIUM,ENT01494
ACC02089,Jain Pharma,BUSINESS,BANK_B,1880,MEDIUM,ENT01494
ACC02090,Vasantha Das,PERSONAL,BANK_A,2132,MEDIUM,ENT01495
ACC02091,Das Foods,BUSINESS,BANK_B,3084,HIGH,ENT01495
ACC02092,Sandhu Logistics,BUSINESS,BANK_A,775,MEDIUM,ENT01496
ACC02093,Ansari Exports,BUSINESS,BANK_B,644,HIGH,ENT01497
ACC02094,Ayesha Naidu,PERSONAL,BANK_A,418,MEDIUM,ENT01498
ACC02095,Naidu Pharma,BUSINESS,BANK_A,2633,MEDIUM,ENT01498
ACC02096,Anil Malhotra,PERSONAL,BANK_A,980,MEDIUM,ENT01499
ACC02097,Malhotra Overseas,BUSINESS,BANK_A,480,MEDIUM,ENT01499
ACC02098,Jain Infotech,BUSINESS,BANK_B,3295,MEDIUM,ENT01500
ACC02099,Fatima Qureshi,PERSONAL,BANK_A,767,HIGH,ENT01501
ACC02100,Preethi Qureshi,PERSONAL,BANK_A,3509,MEDIUM,ENT01502
ACC02101,Gopal Chauhan,PERSONAL,BANK_A,887,MEDIUM,ENT01503
ACC02102,Zubair Kaur,PERSONAL,BANK_B,1167,MEDIUM,ENT01504
ACC02103,Mary Gupta,PERSONAL,BANK_A,2139,MEDIUM,ENT01505
ACC02104,Gupta Retail,BUSINESS,BANK_A,2269,HIGH,ENT01505
ACC02105,Anil Iyer,PERSONAL,BANK_A,2757,LOW,ENT01506
ACC02106,Iyer Retail,BUSINESS,BANK_B,445,LOW,ENT01506
ACC02107,Iyer Pharma,BUSINESS,BANK_A,1383,MEDIUM,ENT01506
ACC02108,Neha Jain,PERSONAL,BANK_B,827,MEDIUM,ENT01507
ACC02109,Jain Foods,BUSINESS,BANK_A,1607,MEDIUM,ENT01507
ACC02110,Usha Mukherjee,PERSONAL,BANK_B,2492,MEDIUM,ENT01508
ACC02111,Jaspreet Desai,PERSONAL,BANK_B,1262,MEDIUM,ENT01509
ACC02112,Rekha Sharma,PERSONAL,BANK_A,2949,HIGH,ENT01510
ACC02113,Reddy Electronics,BUSINESS,BANK_A,2228,MEDIUM,ENT01511
ACC02114,Vinod Gupta,PERSONAL,BANK_A,1893,MEDIUM,ENT01512
ACC02115,Gupta Constructions,BUSINESS,BANK_B,3084,LOW,ENT01512
ACC02116,Gaurav Singh,PERSONAL,BANK_A,2987,LOW,ENT01513
ACC02117,Gaurav Sengupta,PERSONAL,BANK_A,3494,MEDIUM,ENT01514
ACC02118,Rajesh Khan,PERSONAL,BANK_A,553,MEDIUM,ENT01515
ACC02119,Khan Textiles,BUSINESS,BANK_B,2840,MEDIUM,ENT01515
ACC02120,Sowmya Bansal,PERSONAL,BANK_A,448,MEDIUM,ENT01516
ACC02121,Sengupta Electronics,BUSINESS,BANK_B,1573,MEDIUM,ENT01517
ACC02122,Neha Verma,PERSONAL,BANK_A,2500,LOW,ENT01518
ACC02123,Padma Gupta,PERSONAL,BANK_B,351,MEDIUM,ENT01519
ACC02124,Gupta Logistics,BUSINESS,BANK_A,465,MEDIUM,ENT01519
ACC02125,Anjali Pillai,PERSONAL,BANK_B,1386,MEDIUM,ENT01520
ACC02126,Sowmya Pillai,PERSONAL,BANK_A,3327,MEDIUM,ENT01521
ACC02127,Sunita Brar,PERSONAL,BANK_B,289,MEDIUM,ENT01522
ACC02128,Bansal Overseas,BUSINESS,BANK_B,206,MEDIUM,ENT01523
ACC02129,Banerjee Textiles,BUSINESS,BANK_A,1936,MEDIUM,ENT01524
ACC02130,Nisha Tiwari,PERSONAL,BANK_B,3141,MEDIUM,ENT01525
ACC02131,Gopal Shah,PERSONAL,BANK_B,867,MEDIUM,ENT01526
ACC02132,Shah Exports,BUSINESS,BANK_B,2112,MEDIUM,ENT01526
ACC02133,Pankaj Mehta,PERSONAL,BANK_A,905,MEDIUM,ENT01527
ACC02134,Geeta Banerjee,PERSONAL,BANK_A,936,MEDIUM,ENT01528
ACC02135,Banerjee Textiles,BUSINESS,BANK_B,1452,LOW,ENT01528
ACC02136,Kaur Motors,BUSINESS,BANK_A,1576,MEDIUM,ENT01529
ACC02137,Karthik Iyengar,PERSONAL,BANK_B,939,HIGH,ENT01530
ACC02138,Iyer Retail,BUSINESS,BANK_A,2545,MEDIUM,ENT01531
ACC02139,Geeta Rao,PERSONAL,BANK_A,826,MEDIUM,ENT01532
ACC02140,Mahesh Saxena,PERSONAL,BANK_B,1306,HIGH,ENT01533
ACC02141,Ghosh Traders,BUSINESS,BANK_B,3600,MEDIUM,ENT01534
ACC02142,Ajay Sandhu,PERSONAL,BANK_A,1508,LOW,ENT01535
ACC02143,Arun Varghese,PERSONAL,BANK_B,3611,MEDIUM,ENT01536
ACC02144,Pandey Fashions,BUSINESS,BANK_A,353,MEDIUM,ENT01537
ACC02145,Ravi Mehta,PERSONAL,BANK_A,1895,LOW,ENT01538
ACC02146,Susan Yadav,PERSONAL,BANK_B,182,HIGH,ENT01539
ACC02147,Yadav Logistics,BUSINESS,BANK_B,1454,MEDIUM,ENT01539
ACC02148,Anjali Bose,PERSONAL,BANK_A,366,MEDIUM,ENT01540
ACC02149,Ahmed Fashions,BUSINESS,BANK_B,1690,MEDIUM,ENT01541
ACC02150,Rajwinder Reddy,PERSONAL,BANK_A,2379,LOW,ENT01542
ACC02151,Sunil Sandhu,PERSONAL,BANK_B,3202,LOW,ENT01543
ACC02152,Sandhu Pharma,BUSINESS,BANK_A,1224,MEDIUM,ENT01543
ACC02153,Nithya Bansal,PERSONAL,BANK_B,183,MEDIUM,ENT01544
ACC02154,Bansal Textiles,BUSINESS,BANK_A,134,LOW,ENT01544
ACC02155,Bansal Retail,BUSINESS,BANK_B,570,HIGH,ENT01544
ACC02156,Anjali Qureshi,PERSONAL,BANK_B,884,LOW,ENT01545
ACC02157,Sneha Mishra,PERSONAL,BANK_B,3072,MEDIUM,ENT01546
ACC02158,Gopal Verma,PERSONAL,BANK_B,490,LOW,ENT01547
ACC02159,Verma Foods,BUSINESS,BANK_B,2758,LOW,ENT01547
ACC02160,Harish Ghosh,PERSONAL,BANK_A,400,HIGH,ENT01548
ACC02161,Ghosh Infotech,BUSINESS,BANK_A,862,MEDIUM,ENT01548
ACC02162,Ayesha Sheikh,PERSONAL,BANK_B,2040,LOW,ENT01549
ACC02163,Harpreet Kaur,PERSONAL,BANK_B,147,MEDIUM,ENT01550
ACC02164,Kaur Logistics,BUSINESS,BANK_A,1998,HIGH,ENT01550
ACC02165,Kaur Constructions,BUSINESS,BANK_A,2330,MEDIUM,ENT01550
ACC02166,Nitin Bansal,PERSONAL,BANK_B,3467,HIGH,ENT01551
ACC02167,Irfan Mukherjee,PERSONAL,BANK_B,3105,MEDIUM,ENT01552
ACC02168,Mukherjee Exports,BUSINESS,BANK_A,3309,MEDIUM,ENT01552
ACC02169,Pankaj Bhatt,PERSONAL,BANK_A,1689,MEDIUM,ENT01553
ACC02170,Sunil Kumar,PERSONAL,BANK_A,986,MEDIUM,ENT01554
ACC02171,Kumar Exports,BUSINESS,BANK_B,487,MEDIUM,ENT01554
ACC02172,Chauhan Distributors,BUSINESS,BANK_B,619,LOW,ENT01555
ACC02173,Vinod Tiwari,PERSONAL,BANK_B,2852,MEDIUM,ENT01556
ACC02174,Singh Foods,BUSINESS,BANK_B,576,MEDIUM,ENT01557
ACC02175,Meena Mishra,PERSONAL,BANK_A,1237,MEDIUM,ENT01558
ACC02176,Balaji Bose,PERSONAL,BANK_A,208,MEDIUM,ENT01559
ACC02177,Swati Iyer,PERSONAL,BANK_A,211,HIGH,ENT01560
ACC02178,Varghese Distributors,BUSINESS,BANK_A,2257,MEDIUM,ENT01561
ACC02179,Manoj Mukherjee,PERSONAL,BANK_A,2736,MEDIUM,ENT01562
ACC02180,Mukherjee Motors,BUSINESS,BANK_A,3526,MEDIUM,ENT01562
ACC02181,Sheikh Traders,BUSINESS,BANK_A,1240,MEDIUM,ENT01563
ACC02182,Neha Ghosh,PERSONAL,BANK_A,3601,MEDIUM,ENT01564
ACC02183,Ghosh Infotech,BUSINESS,BANK_B,2705,MEDIUM,ENT01564
ACC02184,Ghosh Electronics,BUSINESS,BANK_A,764,HIGH,ENT01564
ACC02185,Nisha Tiwari,PERSONAL,BANK_A,1810,MEDIUM,ENT01565
ACC02186,Ritu Nair,PERSONAL,BANK_A,2837,MEDIUM,ENT01566
ACC02187,Rekha Iyer,PERSONAL,BANK_A,608,LOW,ENT01567
ACC02188,Manpreet Yadav,PERSONAL,BANK_A,2417,HIGH,ENT01568
ACC02189,Jaspreet Jain,PERSONAL,BANK_A,2160,MEDIUM,ENT01569
ACC02190,Jain Foods,BUSINESS,BANK_A,826,HIGH,ENT01569
ACC02191,Saxena Overseas,BUSINESS,BANK_A,1901,MEDIUM,ENT01570
ACC02192,Naveen Mukherjee,PERSONAL,BANK_B,821,HIGH,ENT01571
ACC02193,Ayesha Malhotra,PERSONAL,BANK_A,3476,LOW,ENT01572
ACC02194,Malhotra Traders,BUSINESS,BANK_B,974,MEDIUM,ENT01572
ACC02195,Pooja Shah,PERSONAL,BANK_A,3504,HIGH,ENT01573
ACC02196,Harleen Naidu,PERSONAL,BANK_A,1460,HIGH,ENT01574
ACC02197,Naidu Overseas,BUSINESS,BANK_B,2800,HIGH,ENT01574
ACC02198,Naveen Chatterjee,PERSONAL,BANK_A,1849,LOW,ENT01575
ACC02199,Sneha Sharma,PERSONAL,BANK_A,2198,MEDIUM,ENT01576
ACC02200,Sowmya Gupta,PERSONAL,BANK_A,3217,HIGH,ENT01577
ACC02201,Gupta Retail,BUSINESS,BANK_B,567,HIGH,ENT01577
ACC02202,Priya Trivedi,PERSONAL,BANK_B,3097,MEDIUM,ENT01578
ACC02203,Ravi Kumar,PERSONAL,BANK_B,1986,MEDIUM,ENT01579
ACC02204,Yadav Motors,BUSINESS,BANK_B,2493,HIGH,ENT01580
ACC02205,Gopal Reddy,PERSONAL,BANK_B,1884,MEDIUM,ENT01581
ACC02206,Sunita Sharma,PERSONAL,BANK_A,141,MEDIUM,ENT01582
ACC02207,Sharma Pharma,BUSINESS,BANK_A,947,HIGH,ENT01582
ACC02208,Vandana Joshi,PERSONAL,BANK_B,371,MEDIUM,ENT01583
ACC02209,Amandeep Sidhu,PERSONAL,BANK_A,1344,MEDIUM,ENT01584
ACC02210,Rahul Kumar,PERSONAL,BANK_A,1507,LOW,ENT01585
ACC02211,Kumar Foods,BUSINESS,BANK_A,272,MEDIUM,ENT01585
ACC02212,Ritu Thomas,PERSONAL,BANK_B,3250,HIGH,ENT01586
ACC02213,Thomas Enterprises,BUSINESS,BANK_B,2713,HIGH,ENT01586
ACC02214,Thomas Electronics,BUSINESS,BANK_B,3202,MEDIUM,ENT01586
ACC02215,Harish Pandey,PERSONAL,BANK_B,1819,MEDIUM,ENT01587
ACC02216,Kalpana Sharma,PERSONAL,BANK_B,637,LOW,ENT01588
ACC02217,Dinesh Shah,PERSONAL,BANK_A,2126,LOW,ENT01589
ACC02218,Karthik Ahmed,PERSONAL,BANK_B,131,HIGH,ENT01590
ACC02219,Usha Sandhu,PERSONAL,BANK_B,114,HIGH,ENT01591
ACC02220,Jyoti Sandhu,PERSONAL,BANK_B,471,MEDIUM,ENT01592
ACC02221,Gurpreet Saxena,PERSONAL,BANK_B,1102,LOW,ENT01593
ACC02222,Kaur Foods,BUSINESS,BANK_A,908,HIGH,ENT01594
ACC02223,Sabiha Kumar,PERSONAL,BANK_A,1872,HIGH,ENT01595
ACC02224,Kumar Electronics,BUSINESS,BANK_A,276,MEDIUM,ENT01595
ACC02225,Kumar Foods,BUSINESS,BANK_A,2796,MEDIUM,ENT01595
ACC02226,Kumar Constructions,BUSINESS,BANK_A,310,MEDIUM,ENT01595
ACC02227,Dinesh Kumar,PERSONAL,BANK_B,340,HIGH,ENT01596
ACC02228,Kumar Foods,BUSINESS,BANK_B,2693,MEDIUM,ENT01596
ACC02229,Manoj Jain,PERSONAL,BANK_A,71,MEDIUM,ENT01597
ACC02230,Jain Distributors,BUSINESS,BANK_B,1610,MEDIUM,ENT01597
ACC02231,Gurpreet Mehta,PERSONAL,BANK_A,3273,MEDIUM,ENT01598
ACC02232,Imran Reddy,PERSONAL,BANK_B,3618,MEDIUM,ENT01599
ACC02233,Mukherjee Retail,BUSINESS,BANK_B,691,MEDIUM,ENT01600
ACC02234,Kalpana Kapoor,PERSONAL,BANK_A,3198,MEDIUM,ENT01601
ACC02235,Ravi Gill,PERSONAL,BANK_B,182,MEDIUM,ENT01602
ACC02236,Gill Motors,BUSINESS,BANK_B,1570,MEDIUM,ENT01602
ACC02237,Sabiha Malik,PERSONAL,BANK_B,3187,HIGH,ENT01603
ACC02238,Malik Agro Industries,BUSINESS,BANK_B,3494,MEDIUM,ENT01603
ACC02239,Anna Pillai & Sons,PERSONAL,BANK_B,2092,MEDIUM,ENT01604
ACC02240,Pillai & Sons Textiles,BUSINESS,BANK_A,1536,MEDIUM,ENT01604
ACC02241,Chauhan Enterprises,BUSINESS,BANK_B,1400,LOW,ENT01605
ACC02242,Anna Gill,PERSONAL,BANK_B,3294,MEDIUM,ENT01606
ACC02243,Manpreet Chatterjee,PERSONAL,BANK_A,2380,MEDIUM,ENT01607
ACC02244,Muthu Mishra,PERSONAL,BANK_B,1732,HIGH,ENT01608
ACC02245,Zubair Kapoor,PERSONAL,BANK_A,295,HIGH,ENT01609
ACC02246,Manoj Sheikh,PERSONAL,BANK_B,1143,MEDIUM,ENT01610
ACC02247,Mary Bose,PERSONAL,BANK_A,2018,MEDIUM,ENT01611
ACC02248,Bose Fashions,BUSINESS,BANK_B,3274,MEDIUM,ENT01611
ACC02249,Susan Varghese,PERSONAL,BANK_B,2578,MEDIUM,ENT01612
ACC02250,Varghese Constructions,BUSINESS,BANK_B,825,MEDIUM,ENT01612
ACC02251,Anil Qureshi,PERSONAL,BANK_B,2117,MEDIUM,ENT01613
ACC02252,Kritika Chauhan,PERSONAL,BANK_B,1367,HIGH,ENT01614
ACC02253,Balaji Patel,PERSONAL,BANK_A,601,HIGH,ENT01615
ACC02254,Patel Exports,BUSINESS,BANK_A,3504,MEDIUM,ENT01615
ACC02255,Patel Electronics,BUSINESS,BANK_A,3064,MEDIUM,ENT01615
ACC02256,Vinod Malhotra,PERSONAL,BANK_A,2933,HIGH,ENT01616
ACC02257,Vinod Saxena,PERSONAL,BANK_A,1193,HIGH,ENT01617
ACC02258,Saxena Enterprises,BUSINESS,BANK_B,3411,HIGH,ENT01617
ACC02259,Irfan Bansal,PERSONAL,BANK_A,1469,MEDIUM,ENT01618
ACC02260,Rekha Sidhu,PERSONAL,BANK_A,1823,MEDIUM,ENT01619
ACC02261,Manisha Ahmed,PERSONAL,BANK_B,3565,MEDIUM,ENT01620
ACC02262,Usha Banerjee,PERSONAL,BANK_B,2855,HIGH,ENT01621
ACC02263,Banerjee Enterprises,BUSINESS,BANK_A,265,MEDIUM,ENT01621
ACC02264,Banerjee Motors,BUSINESS,BANK_B,3442,LOW,ENT01621
ACC02265,Shreya Yadav,PERSONAL,BANK_A,1111,MEDIUM,ENT01622
ACC02266,Gopal Kumar,PERSONAL,BANK_A,545,MEDIUM,ENT01623
ACC02267,Kavita Bose,PERSONAL,BANK_A,3010,MEDIUM,ENT01624
ACC02268,Naveen Gill,PERSONAL,BANK_A,331,MEDIUM,ENT01625
ACC02269,Gill Pharma,BUSINESS,BANK_A,1242,MEDIUM,ENT01625
ACC02270,Gill Hardware,BUSINESS,BANK_A,2257,MEDIUM,ENT01625
ACC02271,Sabiha Tiwari,PERSONAL,BANK_A,998,HIGH,ENT01626
ACC02272,Tiwari Pharma,BUSINESS,BANK_A,2640,MEDIUM,ENT01626
ACC02273,Gaurav Kaur,PERSONAL,BANK_A,1755,MEDIUM,ENT01627
ACC02274,Kaur Motors,BUSINESS,BANK_A,1788,MEDIUM,ENT01627
ACC02275,Kaur Constructions,BUSINESS,BANK_B,3399,LOW,ENT01627
ACC02276,Harish Dhillon,PERSONAL,BANK_B,2970,MEDIUM,ENT01628
ACC02277,Shreya Kapoor,PERSONAL,BANK_B,1683,LOW,ENT01629
ACC02278,Kapoor Hardware,BUSINESS,BANK_B,2965,MEDIUM,ENT01629
ACC02279,Kritika Verma,PERSONAL,BANK_A,174,MEDIUM,ENT01630
ACC02280,Verma Foods,BUSINESS,BANK_B,1624,MEDIUM,ENT01630
ACC02281,Pankaj Khan,PERSONAL,BANK_A,615,MEDIUM,ENT01631
ACC02282,Qureshi Enterprises,BUSINESS,BANK_B,672,HIGH,ENT01632
ACC02283,Fatima Singh,PERSONAL,BANK_B,2190,MEDIUM,ENT01633
ACC02284,Sandeep Khan,PERSONAL,BANK_B,1245,HIGH,ENT01634
ACC02285,Khan Electronics,BUSINESS,BANK_B,2466,LOW,ENT01634
ACC02286,Anjali Pillai,PERSONAL,BANK_A,3451,MEDIUM,ENT01635
ACC02287,Amandeep Sengupta,PERSONAL,BANK_A,283,HIGH,ENT01636
ACC02288,Sengupta Electronics,BUSINESS,BANK_B,625,HIGH,ENT01636
ACC02289,Vasantha Varghese,PERSONAL,BANK_B,2532,MEDIUM,ENT01637
ACC02290,Vinod Gill,PERSONAL,BANK_B,1592,MEDIUM,ENT01638
ACC02291,Gill Overseas,BUSINESS,BANK_A,1599,MEDIUM,ENT01638
ACC02292,Vinod Malhotra,PERSONAL,BANK_B,1669,MEDIUM,ENT01639
ACC02293,Nithya Pandey,PERSONAL,BANK_A,3450,LOW,ENT01640
ACC02294,Pandey Logistics,BUSINESS,BANK_A,3623,MEDIUM,ENT01640
ACC02295,Aarti Dhillon,PERSONAL,BANK_B,2992,HIGH,ENT01641
ACC02296,Dhillon Agro Industries,BUSINESS,BANK_B,3165,MEDIUM,ENT01641
ACC02297,Dhillon Foods,BUSINESS,BANK_A,1233,MEDIUM,ENT01641
ACC02298,Thomas Gupta,PERSONAL,BANK_B,3420,LOW,ENT01642
ACC02299,Fatima Dhillon,PERSONAL,BANK_A,1240,MEDIUM,ENT01643
ACC02300,Priya Yadav,PERSONAL,BANK_A,545,MEDIUM,ENT01644
ACC02301,Neha Gill,PERSONAL,BANK_A,1645,MEDIUM,ENT01645
ACC02302,Manoj Mehta,PERSONAL,BANK_B,3511,MEDIUM,ENT01646
ACC02303,Thomas Pillai,PERSONAL,BANK_A,1106,HIGH,ENT01647
ACC02304,Pillai Electronics,BUSINESS,BANK_A,1993,HIGH,ENT01647
ACC02305,Vikram Bansal,PERSONAL,BANK_A,1400,MEDIUM,ENT01648
ACC02306,Bansal Fashions,BUSINESS,BANK_B,2775,MEDIUM,ENT01648
ACC02307,Lakshmi Pillai,PERSONAL,BANK_A,3476,MEDIUM,ENT01649
ACC02308,Imran Varghese,PERSONAL,BANK_A,1948,LOW,ENT01650
ACC02309,Varghese Infotech,BUSINESS,BANK_A,1456,MEDIUM,ENT01650
ACC02310,Nisha Saxena,PERSONAL,BANK_B,775,LOW,ENT01651
ACC02311,Neha Sheikh,PERSONAL,BANK_B,659,MEDIUM,ENT01652
ACC02312,Sheikh Logistics,BUSINESS,BANK_B,906,LOW,ENT01652
ACC02313,Rajwinder Gupta,PERSONAL,BANK_B,674,MEDIUM,ENT01653
ACC02314,Vinod Joshi,PERSONAL,BANK_A,2098,HIGH,ENT01654
ACC02315,Joshi Pharma,BUSINESS,BANK_B,1452,MEDIUM,ENT01654
ACC02316,Meena Rao,PERSONAL,BANK_A,185,MEDIUM,ENT01655
ACC02317,Manpreet Iyer,PERSONAL,BANK_B,2551,HIGH,ENT01656
ACC02318,Joseph Varghese,PERSONAL,BANK_B,2312,MEDIUM,ENT01657
ACC02319,Zubair Patel,PERSONAL,BANK_A,1682,MEDIUM,ENT01658
ACC02320,Rekha Pillai & Sons,PERSONAL,BANK_B,2981,MEDIUM,ENT01659
ACC02321,Pillai & Sons Logistics,BUSINESS,BANK_A,777,HIGH,ENT01659
ACC02322,Mehta Foods,BUSINESS,BANK_A,1274,LOW,ENT01660
ACC02323,Imran Naidu,PERSONAL,BANK_A,1053,MEDIUM,ENT01661
ACC02324,Naidu Pharma,BUSINESS,BANK_A,3575,MEDIUM,ENT01661
ACC02325,Usha Agarwal,PERSONAL,BANK_A,1576,HIGH,ENT01662
ACC02326,Sanjay Pandey,PERSONAL,BANK_A,930,HIGH,ENT01663
ACC02327,Kiran Saxena,PERSONAL,BANK_B,3235,HIGH,ENT01664
ACC02328,Ritu Desai,PERSONAL,BANK_B,1171,MEDIUM,ENT01665
ACC02329,Sunil Saxena,PERSONAL,BANK_A,2040,LOW,ENT01666
ACC02330,Saxena Textiles,BUSINESS,BANK_B,3361,MEDIUM,ENT01666
ACC02331,Saxena Traders,BUSINESS,BANK_B,89,HIGH,ENT01666
ACC02332,Meena Malhotra,PERSONAL,BANK_B,1964,MEDIUM,ENT01667
ACC02333,Gill Retail,BUSINESS,BANK_B,634,MEDIUM,ENT01668
ACC02334,Mahesh Gupta,PERSONAL,BANK_A,1764,MEDIUM,ENT01669
ACC02335,Nithya Desai,PERSONAL,BANK_A,2441,HIGH,ENT01670
ACC02336,Vikram Thomas,PERSONAL,BANK_A,2566,LOW,ENT01671
ACC02337,Karthik Jain,PERSONAL,BANK_A,722,MEDIUM,ENT01672
ACC02338,Vinod Pillai & Sons,PERSONAL,BANK_A,2591,MEDIUM,ENT01673
ACC02339,Pillai & Sons Exports,BUSINESS,BANK_A,2404,MEDIUM,ENT01673
ACC02340,Priya Sheikh,PERSONAL,BANK_A,441,HIGH,ENT01674
ACC02341,Manpreet Shah,PERSONAL,BANK_B,2682,MEDIUM,ENT01675
ACC02342,Dinesh Ahmed,PERSONAL,BANK_B,3420,LOW,ENT01676
ACC02343,Ahmed Electronics,BUSINESS,BANK_B,1921,HIGH,ENT01676
ACC02344,Simran Sheikh,PERSONAL,BANK_A,127,MEDIUM,ENT01677
ACC02345,Amit Trivedi,PERSONAL,BANK_B,2481,HIGH,ENT01678
ACC02346,Kritika Thomas,PERSONAL,BANK_A,746,HIGH,ENT01679
ACC02347,Nisha Ghosh,PERSONAL,BANK_A,1950,HIGH,ENT01680
ACC02348,Arjun Ghosh,PERSONAL,BANK_B,655,MEDIUM,ENT01681
ACC02349,Harleen Gill,PERSONAL,BANK_B,2593,MEDIUM,ENT01682
ACC02350,Nitin Nair,PERSONAL,BANK_A,1908,MEDIUM,ENT01683
ACC02351,Deepa Kumar,PERSONAL,BANK_A,3327,MEDIUM,ENT01684
ACC02352,Dinesh Sidhu,PERSONAL,BANK_B,3317,LOW,ENT01685
ACC02353,Sidhu Foods,BUSINESS,BANK_A,904,MEDIUM,ENT01685
ACC02354,Swati Sharma,PERSONAL,BANK_A,700,LOW,ENT01686
ACC02355,Sneha Tiwari,PERSONAL,BANK_A,3626,HIGH,ENT01687
ACC02356,Kalpana Verma,PERSONAL,BANK_B,2624,LOW,ENT01688
ACC02357,Ramesh Sheikh,PERSONAL,BANK_A,3376,LOW,ENT01689
ACC02358,Sheikh Distributors,BUSINESS,BANK_B,843,LOW,ENT01689
ACC02359,Manisha Menon,PERSONAL,BANK_B,3112,MEDIUM,ENT01690
ACC02360,Sarita Bansal,PERSONAL,BANK_B,626,MEDIUM,ENT01691
ACC02361,Deepa Chatterjee,PERSONAL,BANK_A,1852,MEDIUM,ENT01692
ACC02362,Kiran Pandey,PERSONAL,BANK_B,1893,MEDIUM,ENT01693
ACC02363,Swati Malhotra,PERSONAL,BANK_B,3303,MEDIUM,ENT01694
ACC02364,Shreya Dubey,PERSONAL,BANK_B,1465,MEDIUM,ENT01695
ACC02365,Venkatesh Shah,PERSONAL,BANK_A,1859,MEDIUM,ENT01696
ACC02366,Sangeeta Gill,PERSONAL,BANK_B,3306,MEDIUM,ENT01697
ACC02367,Anita Chatterjee,PERSONAL,BANK_B,1856,MEDIUM,ENT01698
ACC02368,Zubair Dhillon,PERSONAL,BANK_A,3282,MEDIUM,ENT01699
ACC02369,Simran Singh,PERSONAL,BANK_A,702,LOW,ENT01700
ACC02370,Verma Retail,BUSINESS,BANK_B,1236,HIGH,ENT01701
ACC02371,Vinod Desai,PERSONAL,BANK_B,1626,HIGH,ENT01702
ACC02372,Desai Infotech,BUSINESS,BANK_B,2723,LOW,ENT01702
ACC02373,Lakshmi Bansal,PERSONAL,BANK_A,862,MEDIUM,ENT01703
ACC02374,Bansal Agro Industries,BUSINESS,BANK_A,3344,MEDIUM,ENT01703
ACC02375,Ramesh Mehta,PERSONAL,BANK_A,1138,LOW,ENT01704
ACC02376,Mehta Electronics,BUSINESS,BANK_B,1467,HIGH,ENT01704
ACC02377,Padma Naidu,PERSONAL,BANK_A,3373,MEDIUM,ENT01705
ACC02378,Mehta Pharma,BUSINESS,BANK_B,1487,LOW,ENT01706
ACC02379,Sangeeta Nair,PERSONAL,BANK_A,226,MEDIUM,ENT01707
ACC02380,Deepak Chatterjee,PERSONAL,BANK_A,3594,MEDIUM,ENT01708
ACC02381,Lakshmi Verma,PERSONAL,BANK_A,1361,MEDIUM,ENT01709
ACC02382,Sunil Joshi,PERSONAL,BANK_A,3404,LOW,ENT01710
ACC02383,Balaji Nair,PERSONAL,BANK_B,3265,MEDIUM,ENT01711
ACC02384,Sowmya Bose,PERSONAL,BANK_A,2314,MEDIUM,ENT01712
ACC02385,Amandeep Ansari,PERSONAL,BANK_B,1880,MEDIUM,ENT01713
ACC02386,Ansari Exports,BUSINESS,BANK_A,2408,LOW,ENT01713
ACC02387,Ansari Fashions,BUSINESS,BANK_A,2865,MEDIUM,ENT01713
ACC02388,Susan Shah,PERSONAL,BANK_B,1252,MEDIUM,ENT01714
ACC02389,Vinod Trivedi,PERSONAL,BANK_A,2432,MEDIUM,ENT01715
ACC02390,Manisha Pillai,PERSONAL,BANK_A,2579,MEDIUM,ENT01716
ACC02391,Pillai Foods,BUSINESS,BANK_A,1256,LOW,ENT01716
ACC02392,Zeenat Sidhu,PERSONAL,BANK_B,248,LOW,ENT01717
ACC02393,Ritu Naidu,PERSONAL,BANK_A,1883,MEDIUM,ENT01718
ACC02394,Anil Dhillon,PERSONAL,BANK_B,1154,HIGH,ENT01719
ACC02395,Dhillon Enterprises,BUSINESS,BANK_A,3115,LOW,ENT01719
ACC02396,Jyoti Chauhan,PERSONAL,BANK_A,1393,MEDIUM,ENT01720
ACC02397,Neha Bhatt,PERSONAL,BANK_B,3534,MEDIUM,ENT01721
ACC02398,Bhatt Agro Industries,BUSINESS,BANK_B,1278,MEDIUM,ENT01721
ACC02399,Bhatt Distributors,BUSINESS,BANK_A,777,MEDIUM,ENT01721
ACC02400,Sangeeta Thomas,PERSONAL,BANK_A,727,MEDIUM,ENT01722
ACC02401,Thomas Exports,BUSINESS,BANK_A,2077,MEDIUM,ENT01722
ACC02402,Muthu Ahmed,PERSONAL,BANK_B,819,MEDIUM,ENT01723
ACC02403,Pooja Bansal,PERSONAL,BANK_B,2130,MEDIUM,ENT01724
ACC02404,Rekha Jain,PERSONAL,BANK_A,597,MEDIUM,ENT01725
ACC02405,Jain Fashions,BUSINESS,BANK_B,3187,HIGH,ENT01725
ACC02406,Vandana Sengupta,PERSONAL,BANK_A,2161,LOW,ENT01726
ACC02407,Pillai Agro Industries,BUSINESS,BANK_A,777,HIGH,ENT01727
ACC02408,Patel Infotech,BUSINESS,BANK_B,87,MEDIUM,ENT01728
ACC02409,Joshi Agro Industries,BUSINESS,BANK_B,3472,HIGH,ENT01729
ACC02410,Pillai & Sons Distributors,BUSINESS,BANK_B,2280,MEDIUM,ENT01730
ACC02411,Swati Pillai,PERSONAL,BANK_B,418,HIGH,ENT01731
ACC02412,Pillai Enterprises,BUSINESS,BANK_A,541,MEDIUM,ENT01731
ACC02413,Sandeep Khan,PERSONAL,BANK_A,2445,MEDIUM,ENT01732
ACC02414,Khan Pharma,BUSINESS,BANK_A,2728,MEDIUM,ENT01732
ACC02415,Thomas Gill,PERSONAL,BANK_B,2182,MEDIUM,ENT01733
ACC02416,Vasantha Ghosh,PERSONAL,BANK_A,2198,MEDIUM,ENT01734
ACC02417,Balaji Chauhan,PERSONAL,BANK_B,2475,MEDIUM,ENT01735
ACC02418,Shreya Mishra,PERSONAL,BANK_B,105,HIGH,ENT01736
ACC02419,Dinesh Ghosh,PERSONAL,BANK_B,1956,MEDIUM,ENT01737
ACC02420,Anita Naidu,PERSONAL,BANK_A,3430,MEDIUM,ENT01738
ACC02421,Jaspreet Bose,PERSONAL,BANK_B,2331,LOW,ENT01739
ACC02422,George Shah,PERSONAL,BANK_A,2069,MEDIUM,ENT01740
ACC02423,Shah Traders,BUSINESS,BANK_A,2431,HIGH,ENT01740
ACC02424,Dinesh Patel,PERSONAL,BANK_A,1550,LOW,ENT01741
ACC02425,Iyer Pharma,BUSINESS,BANK_A,1240,MEDIUM,ENT01742
ACC02426,Ritu Gupta,PERSONAL,BANK_A,3300,MEDIUM,ENT01743
ACC02427,Preethi Bose,PERSONAL,BANK_B,3409,HIGH,ENT01744
ACC02428,Ansari Overseas,BUSINESS,BANK_B,1680,MEDIUM,ENT01745
ACC02429,Gaurav Qureshi,PERSONAL,BANK_B,2646,MEDIUM,ENT01746
ACC02430,Naveen Patel,PERSONAL,BANK_A,1596,MEDIUM,ENT01747
ACC02431,Naidu Fashions,BUSINESS,BANK_B,2052,LOW,ENT01748
ACC02432,Kaur Hardware,BUSINESS,BANK_A,490,HIGH,ENT01749
ACC02433,Ritu Kaur,PERSONAL,BANK_B,1382,MEDIUM,ENT01750
ACC02434,Zeenat Tiwari,PERSONAL,BANK_A,215,MEDIUM,ENT01751
ACC02435,Tiwari Constructions,BUSINESS,BANK_A,189,HIGH,ENT01751
ACC02436,Kalpana Naidu,PERSONAL,BANK_A,3003,HIGH,ENT01752
ACC02437,Radha Ahmed,PERSONAL,BANK_A,1421,HIGH,ENT01753
ACC02438,Vinod Gupta,PERSONAL,BANK_A,3231,MEDIUM,ENT01754
ACC02439,Thomas Das,PERSONAL,BANK_A,1271,MEDIUM,ENT01755
ACC02440,Neha Iyer,PERSONAL,BANK_B,3502,LOW,ENT01756
ACC02441,Sangeeta Ansari,PERSONAL,BANK_A,414,MEDIUM,ENT01757
ACC02442,Pooja Gupta,PERSONAL,BANK_A,275,MEDIUM,ENT01758
ACC02443,Sneha Das,PERSONAL,BANK_A,3584,MEDIUM,ENT01759
ACC02444,Mahesh Naidu,PERSONAL,BANK_B,135,MEDIUM,ENT01760
ACC02445,Rajwinder Iyer,PERSONAL,BANK_A,142,LOW,ENT01761
ACC02446,Jain Hardware,BUSINESS,BANK_B,3187,MEDIUM,ENT01762
ACC02447,Harleen Mishra,PERSONAL,BANK_B,335,MEDIUM,ENT01763
ACC02448,Kavita Bose,PERSONAL,BANK_B,2644,HIGH,ENT01764
ACC02449,Shreya Chauhan,PERSONAL,BANK_B,1793,MEDIUM,ENT01765
ACC02450,Chauhan Exports,BUSINESS,BANK_A,2808,MEDIUM,ENT01765
ACC02451,Kavita Rao,PERSONAL,BANK_B,1309,LOW,ENT01766
ACC02452,Fatima Thomas,PERSONAL,BANK_A,1403,MEDIUM,ENT01767
ACC02453,Thomas Overseas,BUSINESS,BANK_A,1566,LOW,ENT01767
ACC02454,Pandey Textiles,BUSINESS,BANK_A,1801,HIGH,ENT01768
ACC02455,Sowmya Iyer,PERSONAL,BANK_A,3390,MEDIUM,ENT01769
ACC02456,Iyer Exports,BUSINESS,BANK_A,1482,MEDIUM,ENT01769
ACC02457,Rekha Jain,PERSONAL,BANK_B,1150,HIGH,ENT01770
ACC02458,Balaji Saxena,PERSONAL,BANK_A,1945,MEDIUM,ENT01771
ACC02459,Saxena Overseas,BUSINESS,BANK_B,3447,HIGH,ENT01771
ACC02460,Rohit Ansari,PERSONAL,BANK_A,2304,HIGH,ENT01772
ACC02461,Divya Gupta,PERSONAL,BANK_A,2116,MEDIUM,ENT01773
ACC02462,Geeta Joshi,PERSONAL,BANK_B,2155,MEDIUM,ENT01774
ACC02463,Manisha Mukherjee,PERSONAL,BANK_B,3008,MEDIUM,ENT01775
ACC02464,Mukherjee Motors,BUSINESS,BANK_B,1466,MEDIUM,ENT01775
ACC02465,Anil Reddy,PERSONAL,BANK_B,3036,HIGH,ENT01776
ACC02466,Vijay Rao,PERSONAL,BANK_B,3023,MEDIUM,ENT01777
ACC02467,Rao Overseas,BUSINESS,BANK_A,3293,LOW,ENT01777
ACC02468,Anna Sandhu,PERSONAL,BANK_B,3590,MEDIUM,ENT01778
ACC02469,Sandhu Enterprises,BUSINESS,BANK_A,578,MEDIUM,ENT01778
ACC02470,Nitin Sidhu,PERSONAL,BANK_A,967,MEDIUM,ENT01779
ACC02471,Divya Banerjee,PERSONAL,BANK_A,1980,LOW,ENT01780
ACC02472,Banerjee Motors,BUSINESS,BANK_A,2681,LOW,ENT01780
ACC02473,Vikram Patel,PERSONAL,BANK_A,2502,MEDIUM,ENT01781
ACC02474,Mishra Logistics,BUSINESS,BANK_A,3374,MEDIUM,ENT01782
ACC02475,Gurpreet Thomas,PERSONAL,BANK_B,1515,MEDIUM,ENT01783
ACC02476,Thomas Overseas,BUSINESS,BANK_B,2334,LOW,ENT01783
ACC02477,Susan Ghosh,PERSONAL,BANK_B,3081,LOW,ENT01784
ACC02478,Neha Pillai & Sons,PERSONAL,BANK_B,1655,MEDIUM,ENT01785
ACC02479,Anil Das,PERSONAL,BANK_A,430,LOW,ENT01786
ACC02480,Sunita Joshi,PERSONAL,BANK_B,3075,MEDIUM,ENT01787
ACC02481,Ashok Gill,PERSONAL,BANK_B,2016,MEDIUM,ENT01788
ACC02482,Gill Fashions,BUSINESS,BANK_B,3429,LOW,ENT01788
ACC02483,Gill Hardware,BUSINESS,BANK_A,3312,MEDIUM,ENT01788
ACC02484,Rohit Singh,PERSONAL,BANK_A,119,HIGH,ENT01789
ACC02485,Yadav Retail,BUSINESS,BANK_A,2782,MEDIUM,ENT01790
ACC02486,Anjali Ghosh,PERSONAL,BANK_A,2078,MEDIUM,ENT01791
ACC02487,Harleen Bhatt,PERSONAL,BANK_B,313,LOW,ENT01792
ACC02488,Bhatt Agro Industries,BUSINESS,BANK_A,124,MEDIUM,ENT01792
ACC02489,Neha Ghosh,PERSONAL,BANK_A,1942,MEDIUM,ENT01793
ACC02490,Ghosh Overseas,BUSINESS,BANK_A,1180,MEDIUM,ENT01793
ACC02491,Deepa Sharma,PERSONAL,BANK_A,358,MEDIUM,ENT01794
ACC02492,Deepa Kumar,PERSONAL,BANK_B,2344,MEDIUM,ENT01795
ACC02493,Sowmya Desai,PERSONAL,BANK_B,3629,MEDIUM,ENT01796
ACC02494,Anita Ghosh,PERSONAL,BANK_B,2573,MEDIUM,ENT01797
ACC02495,Shreya Mehta,PERSONAL,BANK_A,1635,HIGH,ENT01798
ACC02496,Mehta Enterprises,BUSINESS,BANK_A,1693,HIGH,ENT01798
ACC02497,Nisha Trivedi,PERSONAL,BANK_B,376,HIGH,ENT01799
ACC02498,Trivedi Fashions,BUSINESS,BANK_B,3581,LOW,ENT01799
ACC02499,Zubair Sharma,PERSONAL,BANK_B,3598,HIGH,ENT01800
ACC02500,Sharma Fashions,BUSINESS,BANK_B,3611,LOW,ENT01800
