record_id,source_system,name_as_written,phone,pan,address,linked_account,true_entity_id
REC000001,CORPORATE_BANKING,ANNA DESAI,7705029423,FNZVH4843G,"34, Extension, Chennai, Tamil Nadu - 246661",ACC00003,ENT00001
REC000002,RETAIL_CBS,Anna Deasi,7705029423,FNZVH4843G,"34, Extension, Chennai, Tamil Nadu - 246661",ACC00004,ENT00001
REC000003,CORPORATE_BANKING,Anna Desai,,FNZVH4843G,"34, Extension, Chennai, Tamil Nadu - 246661",ACC00003,ENT00001
REC000004,WATCHLIST,Anna Deasi,7705029423,FNZVH4843G,"34, Extension, Chennai, Tamil Nadu - 246661",ACC00003,ENT00001
REC000005,CORPORATE_BANKING,Sidhu Zeenat,6044029244,GYGEW1733R,"740, Nagar, Lucknow, Uttar Pradesh - 343192",ACC00001,ENT00002
REC000006,RETAIL_CBS,Shreya Kapor,,MAUNN9122Z,"837, Extension, Thiruvananthapuram, Kerala - 342872",ACC00006,ENT00003
REC000007,WATCHLIST,Shreya Kapor,,MAUNN9122Z,"837, Extension, Thiruvananthapuram, Kerala - 342872",ACC00006,ENT00003
REC000008,RETAIL_CBS,BHAVANA CHATTERJEE,8897183010,OOPVT4425F,,ACC00005,ENT00004
REC000009,CORPORATE_BANKING,B. Chatterjee,8897183010,OOPVT4425F,,ACC00007,ENT00004
REC000010,RETAIL_CBS,Bhavana Chatterjee & Sons,,,"101, Colony, Bengaluru, Karnataka - 204747",ACC00005,ENT00004
REC000011,CORPORATE_BANKING,BALAJI CHAUHAN,,KPEHR3216D,"15, Avenue, Mumbai, Maharashtra - 647071",ACC00008,ENT00005
REC000012,CORPORATE_BANKING,PADMA MALIK,7025905338,,"41, Colony, Chandigarh, Punjab - 566624",ACC00011,ENT00006
REC000013,CORPORATE_BANKING,Padma Malik & Sons,7025905338,WHSBC4977X,"41, Colony, Chandigarh, Punjab - 566624",ACC00014,ENT00006
REC000014,WATCHLIST,PADMA MALIK,7025905338,WHSBC4977X,,ACC00011,ENT00006
REC000015,RETAIL_CBS,ANNA AGARWAL,8575691714,XNEHN7759R,"983, Extension, Hyderabad, Telangana - 139815",ACC00010,ENT00007
REC000016,RETAIL_CBS,Saxena Jyoti,7662644268,BLQLC0990W,"590, Avenue, Ahmedabad, Gujarat - 399628",ACC00013,ENT00008
REC000017,RETAIL_CBS,J. Saxena,7662644268,BLQLC0990W,"590, Avenue, Ahmedabad, Gujarat - 399628",ACC00015,ENT00008
REC000018,RETAIL_CBS,Jyoti Sxena,7662644268,BLQLC0990W,"590, Avenue, Ahmedabad, Gujarat - 399628",ACC00013,ENT00008
REC000019,CORPORATE_BANKING,LAKSHMI CHAUHAN,6794286152,TCEVY7434T,"949, Cross Street, Pune, Maharashtra - 550323",ACC00017,ENT00009
REC000020,CORPORATE_BANKING,Lakshmi Chauhan,6794286152,TCEVY7434T,"949, Cross Street, Pune, Maharashtra - 550323",ACC00020,ENT00009
REC000021,WATCHLIST,Lakshmi Chauhan,6794286152,,"949, Cross Street, Pune, Maharashtra - 550323",ACC00017,ENT00009
REC000022,RETAIL_CBS,Priya Dhilon,8036184602,HACQC6800E,"513, Main Road, Madurai, Tamil Nadu - 267742",ACC00016,ENT00010
REC000023,CORPORATE_BANKING,A. Kapoor,,AKFIS8498C,"271, Cross Street, Madurai, Tamil Nadu - 110995",ACC00018,ENT00011
REC000024,CORPORATE_BANKING,Lakshmi Kuar,7462955086,VDYPC1228G,"314, Extension, Hyderabad, Telangana - 350041",ACC00021,ENT00012
REC000025,CORPORATE_BANKING,Neha Barr,7083379250,CNXHF7842E,"216, Main Road, Patna, Bihar - 180987",ACC00024,ENT00013
REC000026,RETAIL_CBS,N. Brar,,CNXHF7842E,"216, Main Road, Patna, Bihar - 180987",ACC00035,ENT00013
REC000027,WATCHLIST,Neha Barr,,CNXHF7842E,"216, Main Road, Patna, Bihar - 180987",ACC00024,ENT00013
REC000028,RETAIL_CBS,Anna Malik & Sons,8653751361,TWZEO9887I,"921, Main Road, Bengaluru, Karnataka - 233667",ACC00025,ENT00014
REC000029,CORPORATE_BANKING,Anna Malki,8653751361,TWZEO9887I,"921, Main Road, Bengaluru, Karnataka - 233667",ACC00034,ENT00014
REC000030,RETAIL_CBS,Anna Mlik,8653751361,TWZEO9887I,"921, Main Road, Bengaluru, Karnataka - 233667",ACC00025,ENT00014
REC000031,CORPORATE_BANKING,Manoj Pilai & Sons,7003902848,RISSI8252L,"929, Colony, Madurai, Tamil Nadu - 244194",ACC00030,ENT00015
REC000032,RETAIL_CBS,MANOJ PILLAI & SONS,7003902848,RISSI8252L,,ACC00031,ENT00015
REC000033,RETAIL_CBS,Zubair Ahmed & Sons,6719748773,,"822, Avenue, Jaipur, Rajasthan - 194972",ACC00032,ENT00016
REC000034,RETAIL_CBS,ZUBAIR AHMED,6719748773,,,ACC00036,ENT00016
REC000035,RETAIL_CBS,Z. Ahmed,6719748773,QFXPM4290W,"822, Avenue, Jaipur, Rajasthan - 194972",ACC00032,ENT00016
REC000036,CORPORATE_BANKING,N. Thomas,7274365026,FXINW7503A,,ACC00028,ENT00017
REC000037,CORPORATE_BANKING,Srinivas Gupta,,XJMSS6479J,"331, Extension, Hyderabad, Telangana - 547484",ACC00027,ENT00018
REC000038,CORPORATE_BANKING,Srinivas Gupta & Sons,6854733540,XJMSS6479J,"331, Extension, Hyderabad, Telangana - 547484",ACC00029,ENT00018
REC000039,RETAIL_CBS,Srinivas Gutpa,6854733540,XJMSS6479J,,ACC00027,ENT00018
REC000040,RETAIL_CBS,Gaurav Ahemd,,,"971, Cross Street, Ahmedabad, Gujarat - 344027",ACC00026,ENT00019
REC000041,CORPORATE_BANKING,Balaji Malhota,8471430081,,,ACC00042,ENT00020
REC000042,WATCHLIST,Balaji Malhota,,,"802, Extension, Thiruvananthapuram, Kerala - 572920",ACC00042,ENT00020
REC000043,CORPORATE_BANKING,Meena Bose & Sons,,,"181, Cross Street, Jaipur, Rajasthan - 129371",ACC00038,ENT00021
REC000044,CORPORATE_BANKING,LAKSHMI REDDY,6866577686,,,ACC00043,ENT00022
REC000045,RETAIL_CBS,Lakshmi Reddy & Sons,6866577686,,"12, Layout, Lucknow, Uttar Pradesh - 351554",ACC00053,ENT00022
REC000046,RETAIL_CBS,L. Reddy,6866577686,WIRYF3790A,,ACC00043,ENT00022
REC000047,CORPORATE_BANKING,HARPREET NAIDU,8711358546,HKLNO2165S,,ACC00040,ENT00023
REC000048,CORPORATE_BANKING,H. Naidu,8711358546,HKLNO2165S,,ACC00057,ENT00023
REC000049,CORPORATE_BANKING,Naveen Agawral,7441837871,LBEYH1318Z,"424, Colony, Kochi, Kerala - 592622",ACC00046,ENT00024
REC000050,RETAIL_CBS,NAVEEN AGARWAL,,,,ACC00049,ENT00024
REC000051,CORPORATE_BANKING,Rohit Varghese,6900298207,NUJKW6687G,"767, Cross Street, Madurai, Tamil Nadu - 316487",ACC00051,ENT00025
REC000052,RETAIL_CBS,ROHIT VARGHESE,,NUJKW6687G,,ACC00054,ENT00025
REC000053,RETAIL_CBS,Rohit Vargehse,6900298207,,"767, Cross Street, Madurai, Tamil Nadu - 316487",ACC00051,ENT00025
REC000054,CORPORATE_BANKING,Karthik Mukherje,,,"59, Extension, Surat, Gujarat - 246640",ACC00048,ENT00026
REC000055,CORPORATE_BANKING,Mukherjee Karthik,,JOMRT6029N,"59, Extension, Surat, Gujarat - 246640",ACC00062,ENT00026
REC000056,CORPORATE_BANKING,Karthik Mkuherjee,,JOMRT6029N,,ACC00048,ENT00026
REC000057,RETAIL_CBS,Harpreet Iyegar,7211945136,YBNJK9885C,,ACC00039,ENT00027
REC000058,RETAIL_CBS,Gill Arun,,VPZQM7496A,,ACC00041,ENT00028
REC000059,CORPORATE_BANKING,Arun Gill,6007141898,VPZQM7496A,"661, Cross Street, Nagpur, Maharashtra - 358523",ACC00060,ENT00028
REC000060,RETAIL_CBS,Sandeep Signh,6826582722,,"611, Avenue, Mumbai, Maharashtra - 255867",ACC00050,ENT00029
REC000061,RETAIL_CBS,Singh Sandeep,6826582722,,"611, Avenue, Mumbai, Maharashtra - 255867",ACC00055,ENT00029
REC000062,CORPORATE_BANKING,Anna Ieyr,7246872264,CUDJL9905K,"138, Colony, Jaipur, Rajasthan - 105165",ACC00045,ENT00030
REC000063,RETAIL_CBS,A. Iyer,7246872264,,"138, Colony, Jaipur, Rajasthan - 105165",ACC00047,ENT00030
REC000064,CORPORATE_BANKING,ANNA IYER,7246872264,CUDJL9905K,"138, Colony, Jaipur, Rajasthan - 105165",ACC00045,ENT00030
REC000065,CORPORATE_BANKING,Divya Boes,,KAEOI4250H,,ACC00052,ENT00031
REC000066,CORPORATE_BANKING,Nair Naveen,,TATAC7133W,"614, Colony, Chennai, Tamil Nadu - 102250",ACC00063,ENT00032
REC000067,CORPORATE_BANKING,Naveen Nair & Sons,6557010082,TATAC7133W,,ACC00064,ENT00032
REC000068,RETAIL_CBS,N. Nair,,TATAC7133W,"614, Colony, Chennai, Tamil Nadu - 102250",ACC00063,ENT00032
REC000069,RETAIL_CBS,Bhatt Anil,,QKJTZ2997N,"483, Avenue, Bhopal, Madhya Pradesh - 562378",ACC00058,ENT00033
REC000070,CORPORATE_BANKING,ANIL BHATT,7048832001,,"483, Avenue, Bhopal, Madhya Pradesh - 562378",ACC00058,ENT00033
REC000071,RETAIL_CBS,Mary Bose & Sons,7397979418,,"658, Cross Street, Chandigarh, Punjab - 692219",ACC00074,ENT00034
REC000072,CORPORATE_BANKING,M. Bose,,WUZTP5267Q,"658, Cross Street, Chandigarh, Punjab - 692219",ACC00092,ENT00034
REC000073,RETAIL_CBS,Mary Bose,7397979418,WUZTP5267Q,"658, Cross Street, Chandigarh, Punjab - 692219",ACC00074,ENT00034
REC000074,WATCHLIST,M. Bose,7397979418,WUZTP5267Q,,ACC00074,ENT00034
REC000075,RETAIL_CBS,S. Mukherjee,7255010724,,,ACC00068,ENT00035
REC000076,RETAIL_CBS,H. Agarwal,9353132505,,,ACC00066,ENT00036
REC000077,RETAIL_CBS,Agarwal Harpreet,9353132505,PPUCW8817U,"770, Extension, Mysuru, Karnataka - 431457",ACC00073,ENT00036
REC000078,CORPORATE_BANKING,HARPREET AGARWAL,,PPUCW8817U,,ACC00066,ENT00036
REC000079,CORPORATE_BANKING,Kalpana Ghosh,6230933757,,"222, Extension, Pune, Maharashtra - 639821",ACC00065,ENT00037
REC000080,CORPORATE_BANKING,M. Patel,6769196807,,"132, Layout, Thiruvananthapuram, Kerala - 521315",ACC00076,ENT00038
REC000081,RETAIL_CBS,Manoj Ptel,6769196807,IIKPX9114V,"132, Layout, Thiruvananthapuram, Kerala - 521315",ACC00101,ENT00038
REC000082,RETAIL_CBS,S. Sidhu,7013260226,,"447, Nagar, Mumbai, Maharashtra - 582411",ACC00075,ENT00039
REC000083,CORPORATE_BANKING,Sowmya Sihdu,,JEFHO3884A,"447, Nagar, Mumbai, Maharashtra - 582411",ACC00078,ENT00039
REC000084,RETAIL_CBS,Ahmed Sneha,9297071202,,"953, Avenue, Surat, Gujarat - 341785",ACC00071,ENT00040
REC000085,CORPORATE_BANKING,DINESH MALHOTRA,7955535998,XVLBN2975H,"57, Colony, Coimbatore, Tamil Nadu - 336195",ACC00089,ENT00041
REC000086,CORPORATE_BANKING,D. Malhotra,7955535998,XVLBN2975H,"57, Colony, Coimbatore, Tamil Nadu - 336195",ACC00106,ENT00041
REC000087,CORPORATE_BANKING,Dinesh Mlhotra,7955535998,XVLBN2975H,"57, Colony, Coimbatore, Tamil Nadu - 336195",ACC00089,ENT00041
REC000088,CORPORATE_BANKING,Das Nisha,8799302547,DATWO8355N,"236, Layout, Coimbatore, Tamil Nadu - 390475",ACC00086,ENT00042
REC000089,CORPORATE_BANKING,Nisha Das & Sons,8799302547,DATWO8355N,"236, Layout, Coimbatore, Tamil Nadu - 390475",ACC00099,ENT00042
REC000090,RETAIL_CBS,N. Das,8799302547,,"236, Layout, Coimbatore, Tamil Nadu - 390475",ACC00086,ENT00042
REC000091,RETAIL_CBS,Prakash Patel,8836721844,IBLQD1100B,"858, Nagar, Nagpur, Maharashtra - 338618",ACC00067,ENT00043
REC000092,RETAIL_CBS,Prakash Patel & Sons,,IBLQD1100B,"858, Nagar, Nagpur, Maharashtra - 338618",ACC00100,ENT00043
REC000093,CORPORATE_BANKING,Padma Yadav,7295059559,YOAZP3834H,,ACC00094,ENT00044
REC000094,RETAIL_CBS,N. Desai,7076249079,EQTWY0799P,,ACC00069,ENT00045
REC000095,CORPORATE_BANKING,Desai Neha,,EQTWY0799P,"328, Colony, Chandigarh, Punjab - 271050",ACC00090,ENT00045
REC000096,CORPORATE_BANKING,Arun Reddy & Sons,6382975150,KERUZ4143O,,ACC00093,ENT00046
REC000097,RETAIL_CBS,Reddy Arun,,KERUZ4143O,,ACC00098,ENT00046
REC000098,CORPORATE_BANKING,Irfan Gill & Sons,,NWOIT6669Z,,ACC00087,ENT00047
REC000099,CORPORATE_BANKING,Agarwal Swati,7233410668,WSBEG8633H,"853, Nagar, Chennai, Tamil Nadu - 144339",ACC00083,ENT00048
REC000100,CORPORATE_BANKING,S. Agarwal,7233410668,,,ACC00085,ENT00048
REC000101,RETAIL_CBS,Nithya Shah,9418740859,BPGTN9706P,"922, Colony, Lucknow, Uttar Pradesh - 189986",ACC00070,ENT00049
REC000102,RETAIL_CBS,ASHOK DUBEY,6446276016,VTPNK4026G,"556, Extension, Surat, Gujarat - 246148",ACC00088,ENT00050
REC000103,CORPORATE_BANKING,Dubey Ashok,6446276016,VTPNK4026G,"556, Extension, Surat, Gujarat - 246148",ACC00096,ENT00050
REC000104,CORPORATE_BANKING,Padma Kumar,,CZERX0246O,"118, Cross Street, Nagpur, Maharashtra - 223876",ACC00084,ENT00051
REC000105,CORPORATE_BANKING,Zubair Nadu,8279212006,ZKSHW6640U,"248, Extension, Kochi, Kerala - 304072",ACC00072,ENT00052
REC000106,RETAIL_CBS,Vasantha Redy,8237550835,,"199, Layout, Surat, Gujarat - 571655",ACC00080,ENT00053
REC000107,RETAIL_CBS,Vasantha Reddy & Sons,,NZBGH1058V,"199, Layout, Surat, Gujarat - 571655",ACC00082,ENT00053
REC000108,RETAIL_CBS,Vasantha Redyd,8237550835,NZBGH1058V,,ACC00080,ENT00053
REC000109,CORPORATE_BANKING,Anita Tiwari & Sons,,KZISU0318K,"467, Avenue, Kochi, Kerala - 579162",ACC00077,ENT00054
REC000110,CORPORATE_BANKING,ANITA TIWARI,6396100538,,"467, Avenue, Kochi, Kerala - 579162",ACC00095,ENT00054
REC000111,RETAIL_CBS,Anita Tiwai,6396100538,KZISU0318K,,ACC00077,ENT00054
REC000112,CORPORATE_BANKING,SUNITA JAIN,,,,ACC00108,ENT00055
REC000113,RETAIL_CBS,Sunita Jani,6085336045,OVUZN4089O,,ACC00110,ENT00055
REC000114,WATCHLIST,SUNITA JAIN,6085336045,OVUZN4089O,,ACC00108,ENT00055
REC000115,RETAIL_CBS,Ajay Mheta,6138401143,MHNBC4507G,,ACC00107,ENT00056
REC000116,CORPORATE_BANKING,Padma Malhotra & Sons,6973086280,OORSP1793L,,ACC00109,ENT00057
REC000117,RETAIL_CBS,Padma Malhtra,6973086280,OORSP1793L,"904, Avenue, Hyderabad, Telangana - 674618",ACC00109,ENT00057
REC000118,RETAIL_CBS,P. Malhotra,6973086280,OORSP1793L,"904, Avenue, Hyderabad, Telangana - 674618",ACC00109,ENT00057
REC000119,RETAIL_CBS,R. Kapoor,8437633222,ISLHS7482K,,ACC00115,ENT00058
REC000120,RETAIL_CBS,Rekha Kapor,8437633222,ISLHS7482K,"966, Main Road, Surat, Gujarat - 159109",ACC00116,ENT00058
REC000121,CORPORATE_BANKING,Rekha Kpaoor,8437633222,ISLHS7482K,"966, Main Road, Surat, Gujarat - 159109",ACC00115,ENT00058
REC000122,WATCHLIST,R. Kapoor,8437633222,ISLHS7482K,"966, Main Road, Surat, Gujarat - 159109",ACC00115,ENT00058
REC000123,CORPORATE_BANKING,Kaur Suresh,8524294543,,"259, Extension, Patna, Bihar - 695254",ACC00113,ENT00059
REC000124,CORPORATE_BANKING,SURESH KAUR,,QADQF9944P,"259, Extension, Patna, Bihar - 695254",ACC00114,ENT00059
REC000125,CORPORATE_BANKING,A. Sandhu,7004541277,BIXMY1590Z,"685, Extension, Chandigarh, Punjab - 425568",ACC00112,ENT00060
REC000126,RETAIL_CBS,Anita Sndhu,7004541277,,,ACC00117,ENT00060
REC000127,CORPORATE_BANKING,Desai Sandeep,9132507156,QYDCB3409B,"413, Avenue, Thiruvananthapuram, Kerala - 149120",ACC00119,ENT00061
REC000128,WATCHLIST,Desai Sandeep,9132507156,QYDCB3409B,"413, Avenue, Thiruvananthapuram, Kerala - 149120",ACC00119,ENT00061
REC000129,RETAIL_CBS,Kiran Tiwri,,,"442, Nagar, Madurai, Tamil Nadu - 266632",ACC00120,ENT00062
REC000130,RETAIL_CBS,Kiran Tiwari & Sons,,TIKKL8217I,"442, Nagar, Madurai, Tamil Nadu - 266632",ACC00121,ENT00062
REC000131,RETAIL_CBS,Tiwari Kiran,,TIKKL8217I,"442, Nagar, Madurai, Tamil Nadu - 266632",ACC00120,ENT00062
REC000132,RETAIL_CBS,Gopal Kpoor,,XYLNI6523N,"923, Avenue, Surat, Gujarat - 606658",ACC00118,ENT00063
REC000133,RETAIL_CBS,Gopal Kapoor & Sons,9980012651,XYLNI6523N,"923, Avenue, Surat, Gujarat - 606658",ACC00125,ENT00063
REC000134,CORPORATE_BANKING,S. Sengupta,6836708617,GRWAN0915C,"482, Avenue, Kolkata, West Bengal - 303325",ACC00122,ENT00064
REC000135,RETAIL_CBS,Swati Sengupta,,GRWAN0915C,"482, Avenue, Kolkata, West Bengal - 303325",ACC00123,ENT00064
REC000136,RETAIL_CBS,Irfan Gill,6491019489,SGOOC7334W,"432, Avenue, Surat, Gujarat - 221129",ACC00132,ENT00065
REC000137,RETAIL_CBS,Irfan Gill & Sons,6491019489,SGOOC7334W,,ACC00136,ENT00065
REC000138,WATCHLIST,Irfan Gill & Sons,6491019489,,,ACC00132,ENT00065
REC000139,RETAIL_CBS,Zubair Kaur,8706650409,,,ACC00126,ENT00066
REC000140,CORPORATE_BANKING,Radha Bhatt & Sons,,ZVNFR8453G,"824, Cross Street, Kochi, Kerala - 198475",ACC00130,ENT00067
REC000141,CORPORATE_BANKING,Bhatt Radha,7319698829,ZVNFR8453G,"824, Cross Street, Kochi, Kerala - 198475",ACC00133,ENT00067
REC000142,CORPORATE_BANKING,Irfan Chatterjee & Sons,7977297714,RFCJH8977T,"955, Main Road, Coimbatore, Tamil Nadu - 326048",ACC00134,ENT00068
REC000143,CORPORATE_BANKING,Irfan Chatterjee,7977297714,RFCJH8977T,"955, Main Road, Coimbatore, Tamil Nadu - 326048",ACC00135,ENT00068
REC000144,CORPORATE_BANKING,IRFAN CHATTERJEE,7977297714,RFCJH8977T,"955, Main Road, Coimbatore, Tamil Nadu - 326048",ACC00134,ENT00068
REC000145,CORPORATE_BANKING,Bose Vinod,7224200726,BQDEX0154M,"473, Colony, Ahmedabad, Gujarat - 591578",ACC00127,ENT00069
REC000146,RETAIL_CBS,Vinod Bose & Sons,,,"473, Colony, Ahmedabad, Gujarat - 591578",ACC00131,ENT00069
REC000147,CORPORATE_BANKING,Aarti Kapoor,,YXCWI1572N,"29, Layout, Bengaluru, Karnataka - 511893",ACC00129,ENT00070
REC000148,RETAIL_CBS,AARTI KAPOOR,,YXCWI1572N,"29, Layout, Bengaluru, Karnataka - 511893",ACC00129,ENT00070
REC000149,CORPORATE_BANKING,Aarti Kapoor & Sons,6110634835,YXCWI1572N,,ACC00129,ENT00070
REC000150,RETAIL_CBS,Geeta Vema,8723511015,QRFOJ5352W,"923, Layout, Mumbai, Maharashtra - 286731",ACC00139,ENT00071
REC000151,CORPORATE_BANKING,Verma Geeta,8723511015,,,ACC00142,ENT00071
REC000152,RETAIL_CBS,Geeta Vemra,,,"923, Layout, Mumbai, Maharashtra - 286731",ACC00139,ENT00071
REC000153,WATCHLIST,Verma Geeta,8723511015,,"923, Layout, Mumbai, Maharashtra - 286731",ACC00139,ENT00071
REC000154,CORPORATE_BANKING,Sunita Yadv,,,"398, Avenue, Kolkata, West Bengal - 319830",ACC00138,ENT00072
REC000155,RETAIL_CBS,S. Yadav,8914602745,,"398, Avenue, Kolkata, West Bengal - 319830",ACC00144,ENT00072
REC000156,CORPORATE_BANKING,Sunita Yadav & Sons,8914602745,HQCQG5749V,"398, Avenue, Kolkata, West Bengal - 319830",ACC00138,ENT00072
REC000157,CORPORATE_BANKING,Manpreet Khan,8888690163,JBPTC8308Q,"880, Layout, Kochi, Kerala - 373329",ACC00141,ENT00073
REC000158,RETAIL_CBS,Manpreet Khan & Sons,8888690163,,"880, Layout, Kochi, Kerala - 373329",ACC00146,ENT00073
REC000159,CORPORATE_BANKING,Ajay Saxena,,HXHGN9375O,"625, Avenue, Bhopal, Madhya Pradesh - 380001",ACC00140,ENT00074
REC000160,RETAIL_CBS,Kavita Rao,,LPNUG8853L,,ACC00145,ENT00075
REC000161,RETAIL_CBS,Kavita Rao & Sons,9410110973,LPNUG8853L,,ACC00147,ENT00075
REC000162,CORPORATE_BANKING,Imran Sandhu & Sons,,,"487, Colony, Ahmedabad, Gujarat - 408738",ACC00137,ENT00076
REC000163,CORPORATE_BANKING,Imran Sadhu,8403060303,,"487, Colony, Ahmedabad, Gujarat - 408738",ACC00137,ENT00076
REC000164,CORPORATE_BANKING,SUSAN DUBEY,6795962461,,"825, Colony, Chennai, Tamil Nadu - 296605",ACC00148,ENT00077
REC000165,RETAIL_CBS,Kalpana Patel & Sons,9001617604,NGPBF2075G,,ACC00149,ENT00078
REC000166,RETAIL_CBS,Kalpana Ptael,,NGPBF2075G,"854, Extension, Patna, Bihar - 385368",ACC00150,ENT00078
REC000167,RETAIL_CBS,Jain Vinod,6529943291,PEUJO8215M,"208, Colony, Mumbai, Maharashtra - 322213",ACC00151,ENT00079
REC000168,RETAIL_CBS,Vinod Jain & Sons,6529943291,PEUJO8215M,"208, Colony, Mumbai, Maharashtra - 322213",ACC00152,ENT00079
REC000169,RETAIL_CBS,VINOD JAIN,,PEUJO8215M,,ACC00151,ENT00079
REC000170,RETAIL_CBS,Sabiha Malk,8737618755,AONVK0784F,"17, Extension, Chennai, Tamil Nadu - 494174",ACC00153,ENT00080
REC000171,RETAIL_CBS,Priya Pillai,8830105794,QRFWG7091U,,ACC00154,ENT00081
REC000172,CORPORATE_BANKING,Nair Joseph,6845901684,OZQHS9196T,"714, Layout, Chandigarh, Punjab - 240860",ACC00156,ENT00082
REC000173,RETAIL_CBS,D. Pandey,9382917079,,"45, Layout, Chennai, Tamil Nadu - 466730",ACC00157,ENT00083
REC000174,RETAIL_CBS,Ritu Malohtra,7559369480,PHFDA6459Y,"175, Extension, Mumbai, Maharashtra - 284876",ACC00158,ENT00084
REC000175,CORPORATE_BANKING,Ritu Malhtra,7559369480,PHFDA6459Y,"175, Extension, Mumbai, Maharashtra - 284876",ACC00158,ENT00084
REC000176,RETAIL_CBS,Ritu Malhotra & Sons,7559369480,PHFDA6459Y,,ACC00158,ENT00084
REC000177,CORPORATE_BANKING,Nisha Pilali & Sons,6846385048,FMCFY6781Z,"271, Avenue, Chennai, Tamil Nadu - 347056",ACC00159,ENT00085
REC000178,CORPORATE_BANKING,N. Pillai & Sons,6846385048,FMCFY6781Z,,ACC00159,ENT00085
REC000179,RETAIL_CBS,Ravi Nair & Sons,9620986094,IIVOO4622Y,"470, Main Road, Ahmedabad, Gujarat - 429471",ACC00160,ENT00086
REC000180,CORPORATE_BANKING,Ravi Nair,9620986094,IIVOO4622Y,"470, Main Road, Ahmedabad, Gujarat - 429471",ACC00161,ENT00086
REC000181,CORPORATE_BANKING,RAVI NAIR,,IIVOO4622Y,"470, Main Road, Ahmedabad, Gujarat - 429471",ACC00160,ENT00086
REC000182,RETAIL_CBS,SWATI IYER,,MYVUW1665K,"876, Avenue, Jaipur, Rajasthan - 371467",ACC00162,ENT00087
REC000183,RETAIL_CBS,Swati Ieyr,6726843474,MYVUW1665K,"876, Avenue, Jaipur, Rajasthan - 371467",ACC00162,ENT00087
REC000184,RETAIL_CBS,RAMESH SAXENA,9573075746,RGTQT4314Z,"741, Extension, Mysuru, Karnataka - 111590",ACC00163,ENT00088
REC000185,RETAIL_CBS,ANJALI GILL,7770765132,OPSPZ1587N,"750, Extension, Delhi, Delhi - 241061",ACC00165,ENT00089
REC000186,RETAIL_CBS,Faisal Das & Sons,8929494732,MNAVG8739D,"320, Cross Street, Mumbai, Maharashtra - 201092",ACC00166,ENT00090
REC000187,RETAIL_CBS,Muthu Boes,,FTCQS1680I,"534, Main Road, Mumbai, Maharashtra - 202699",ACC00167,ENT00091
REC000188,RETAIL_CBS,M. Bose,9516030727,FTCQS1680I,,ACC00167,ENT00091
REC000189,RETAIL_CBS,Bose Muthu,9516030727,FTCQS1680I,"534, Main Road, Mumbai, Maharashtra - 202699",ACC00167,ENT00091
REC000190,RETAIL_CBS,Imran Kaur & Sons,9160504451,BHCMF3399W,,ACC00168,ENT00092
REC000191,RETAIL_CBS,Kaur Imran,9160504451,BHCMF3399W,"217, Extension, Kolkata, West Bengal - 603807",ACC00168,ENT00092
REC000192,CORPORATE_BANKING,Imran Kaur,9160504451,BHCMF3399W,"217, Extension, Kolkata, West Bengal - 603807",ACC00168,ENT00092
REC000193,RETAIL_CBS,Simran Mukherjee,7690133883,KYZMO4701A,"499, Colony, Kochi, Kerala - 401778",ACC00169,ENT00093
REC000194,CORPORATE_BANKING,S. Mukherjee,,KYZMO4701A,,ACC00169,ENT00093
REC000195,RETAIL_CBS,SIMRAN MUKHERJEE,7690133883,KYZMO4701A,,ACC00169,ENT00093
REC000196,RETAIL_CBS,Saxena Gopal,,,"2, Cross Street, Thiruvananthapuram, Kerala - 436232",ACC00170,ENT00094
REC000197,CORPORATE_BANKING,Sowmya Sengupta,8041150139,,,ACC00171,ENT00095
REC000198,CORPORATE_BANKING,Sengupta Sowmya,8041150139,,"396, Cross Street, Bengaluru, Karnataka - 321496",ACC00171,ENT00095
REC000199,CORPORATE_BANKING,Sowmya Segnupta,8041150139,PHXXJ1831L,,ACC00171,ENT00095
REC000200,RETAIL_CBS,Harish Kaur,7274821853,DIYSC9832I,"654, Colony, Surat, Gujarat - 318675",ACC00172,ENT00096
REC000201,RETAIL_CBS,H. Kaur,,DIYSC9832I,"654, Colony, Surat, Gujarat - 318675",ACC00173,ENT00096
REC000202,RETAIL_CBS,T. Dhillon,,,,ACC00174,ENT00097
REC000203,CORPORATE_BANKING,THOMAS DHILLON,6679385330,INOSG1447O,"771, Avenue, Delhi, Delhi - 356581",ACC00174,ENT00097
REC000204,CORPORATE_BANKING,Amandeep Tiwari,6438096327,XGGCU1349M,,ACC00175,ENT00098
REC000205,CORPORATE_BANKING,Radha Pillai  &Sons,9734563531,WVPQA1046S,"507, Main Road, Ahmedabad, Gujarat - 365113",ACC00177,ENT00099
REC000206,CORPORATE_BANKING,Rahul Ahmd,9370327853,MGPYG2748N,"55, Avenue, Bhopal, Madhya Pradesh - 357648",ACC00178,ENT00100
REC000207,RETAIL_CBS,Rahul Ahmed & Sons,,,"55, Avenue, Bhopal, Madhya Pradesh - 357648",ACC00178,ENT00100
REC000208,CORPORATE_BANKING,Rahul Ahmed,,MGPYG2748N,"55, Avenue, Bhopal, Madhya Pradesh - 357648",ACC00178,ENT00100
REC000209,RETAIL_CBS,Bansal Aarti,,,"644, Colony, Surat, Gujarat - 494506",ACC00179,ENT00101
REC000210,RETAIL_CBS,Priya Varghese,6202524735,DUJHK3182U,"125, Avenue, Mumbai, Maharashtra - 176531",ACC00181,ENT00102
REC000211,CORPORATE_BANKING,SUNIL DESAI,9133476914,ADTNM2411L,"538, Extension, Thiruvananthapuram, Kerala - 346467",ACC00182,ENT00103
REC000212,RETAIL_CBS,Sunil Deai,9133476914,ADTNM2411L,"538, Extension, Thiruvananthapuram, Kerala - 346467",ACC00182,ENT00103
REC000213,CORPORATE_BANKING,Das Kavita,7619069286,BCIQI8625U,"88, Colony, Surat, Gujarat - 394314",ACC00183,ENT00104
REC000214,CORPORATE_BANKING,KAVITA DAS,,BCIQI8625U,"88, Colony, Surat, Gujarat - 394314",ACC00183,ENT00104
REC000215,CORPORATE_BANKING,K. Das,7619069286,BCIQI8625U,"88, Colony, Surat, Gujarat - 394314",ACC00183,ENT00104
REC000216,RETAIL_CBS,Dhillon Sunil,8547207257,,"554, Colony, Bengaluru, Karnataka - 113896",ACC00184,ENT00105
REC000217,RETAIL_CBS,Pankaj Amhed,6936361733,CXUYH1078C,"960, Layout, Lucknow, Uttar Pradesh - 115037",ACC00185,ENT00106
REC000218,RETAIL_CBS,Pankaj Amed,6936361733,CXUYH1078C,"960, Layout, Lucknow, Uttar Pradesh - 115037",ACC00185,ENT00106
REC000219,CORPORATE_BANKING,Khan Kiran,8287338229,BXCSA7092F,"770, Extension, Jaipur, Rajasthan - 633079",ACC00186,ENT00107
REC000220,RETAIL_CBS,KIRAN KHAN,8287338229,BXCSA7092F,,ACC00186,ENT00107
REC000221,CORPORATE_BANKING,Kiran Khan & Sons,8287338229,BXCSA7092F,,ACC00186,ENT00107
REC000222,RETAIL_CBS,Banerjee Gurpreet,9420110212,ZWUDH1060Q,,ACC00187,ENT00108
REC000223,CORPORATE_BANKING,GURPREET BANERJEE,9420110212,ZWUDH1060Q,,ACC00187,ENT00108
REC000224,RETAIL_CBS,R. Sandhu,7705596747,TIKMP1046D,"395, Avenue, Bhopal, Madhya Pradesh - 515310",ACC00188,ENT00109
REC000225,CORPORATE_BANKING,Kavita Agarwal,8692801941,,"3, Main Road, Kolkata, West Bengal - 471639",ACC00189,ENT00110
REC000226,RETAIL_CBS,Agarwal Kavita,8692801941,FJCNZ5517L,"3, Main Road, Kolkata, West Bengal - 471639",ACC00189,ENT00110
REC000227,CORPORATE_BANKING,K. Agarwal,8692801941,,"3, Main Road, Kolkata, West Bengal - 471639",ACC00189,ENT00110
REC000228,CORPORATE_BANKING,Chatterjee Ritu,8552036885,,,ACC00190,ENT00111
REC000229,RETAIL_CBS,Ritu Chatteree,8552036885,UMZOS8796Z,,ACC00191,ENT00111
REC000230,RETAIL_CBS,Susan Ansari & Sons,6717346773,ILKFG8240N,,ACC00192,ENT00112
REC000231,CORPORATE_BANKING,Susan Anari,6717346773,ILKFG8240N,"833, Layout, Coimbatore, Tamil Nadu - 384864",ACC00193,ENT00112
REC000232,RETAIL_CBS,SHOBHA PILLAI & SONS,9161133939,WFGXY9469W,,ACC00194,ENT00113
REC000233,RETAIL_CBS,Shobha Pillai & Sons,9161133939,WFGXY9469W,"86, Extension, Chandigarh, Punjab - 348402",ACC00194,ENT00113
REC000234,RETAIL_CBS,Pillai & Sons Shobha,,WFGXY9469W,"86, Extension, Chandigarh, Punjab - 348402",ACC00194,ENT00113
REC000235,CORPORATE_BANKING,Susan Boes,6628604101,,"274, Cross Street, Delhi, Delhi - 425723",ACC00195,ENT00114
REC000236,RETAIL_CBS,Susan Bose & Sons,,,"274, Cross Street, Delhi, Delhi - 425723",ACC00195,ENT00114
REC000237,CORPORATE_BANKING,Menon Gaurav,6204834873,NVHRL0438G,"788, Main Road, Lucknow, Uttar Pradesh - 648182",ACC00196,ENT00115
REC000238,RETAIL_CBS,Thomas Bansal,6693605194,ZUJPV6306D,"989, Avenue, Kochi, Kerala - 261564",ACC00197,ENT00116
REC000239,RETAIL_CBS,Thomas Bnasal,,,"989, Avenue, Kochi, Kerala - 261564",ACC00197,ENT00116
REC000240,RETAIL_CBS,T. Bansal,6693605194,ZUJPV6306D,"989, Avenue, Kochi, Kerala - 261564",ACC00197,ENT00116
REC000241,RETAIL_CBS,I. Das,6615690320,EOTTY9983R,"853, Main Road, Pune, Maharashtra - 188452",ACC00198,ENT00117
REC000242,CORPORATE_BANKING,Sneha Verma,7745984967,AVOVV3564C,"79, Cross Street, Surat, Gujarat - 458847",ACC00200,ENT00118
REC000243,CORPORATE_BANKING,S. Verma,,AVOVV3564C,"79, Cross Street, Surat, Gujarat - 458847",ACC00200,ENT00118
REC000244,RETAIL_CBS,Sneha Vera,7745984967,,"79, Cross Street, Surat, Gujarat - 458847",ACC00200,ENT00118
REC000245,RETAIL_CBS,Ramesh Chatterjee & Sons,9107033745,FSZWP9099U,"240, Nagar, Jaipur, Rajasthan - 303212",ACC00201,ENT00119
REC000246,RETAIL_CBS,R. Chatterjee,9107033745,,"240, Nagar, Jaipur, Rajasthan - 303212",ACC00202,ENT00119
REC000247,RETAIL_CBS,Ramesh Chatteree,9107033745,FSZWP9099U,"240, Nagar, Jaipur, Rajasthan - 303212",ACC00203,ENT00119
REC000248,CORPORATE_BANKING,NISHA CHATTERJEE,6496072750,JHBMH7855L,,ACC00204,ENT00120
REC000249,RETAIL_CBS,Nisha Chattereje,6496072750,JHBMH7855L,"597, Nagar, Hyderabad, Telangana - 507819",ACC00204,ENT00120
REC000250,RETAIL_CBS,Chatterjee Nisha,,JHBMH7855L,,ACC00204,ENT00120
REC000251,CORPORATE_BANKING,Faisal Chatterje,8686816579,PZCJG3210A,"810, Main Road, Madurai, Tamil Nadu - 410851",ACC00205,ENT00121
REC000252,CORPORATE_BANKING,Ramesh Sengupta & Sons,,HGRNB7264I,"826, Main Road, Kolkata, West Bengal - 408303",ACC00206,ENT00122
REC000253,RETAIL_CBS,Ramesh Sengupta,8252956017,HGRNB7264I,"826, Main Road, Kolkata, West Bengal - 408303",ACC00207,ENT00122
REC000254,CORPORATE_BANKING,Swati Kahn,,,,ACC00208,ENT00123
REC000255,CORPORATE_BANKING,SWATI KHAN,8160344886,EMXPW9755B,,ACC00208,ENT00123
REC000256,RETAIL_CBS,S. Khan,8160344886,EMXPW9755B,"322, Nagar, Kolkata, West Bengal - 287276",ACC00208,ENT00123
REC000257,CORPORATE_BANKING,Amit Saexna,8193439566,,"214, Main Road, Thiruvananthapuram, Kerala - 686322",ACC00209,ENT00124
REC000258,RETAIL_CBS,Gaurav Deai,9501865285,,"656, Main Road, Patna, Bihar - 489976",ACC00210,ENT00125
REC000259,CORPORATE_BANKING,Desai Gaurav,9501865285,IBVTY1989R,"656, Main Road, Patna, Bihar - 489976",ACC00210,ENT00125
REC000260,RETAIL_CBS,Lakshmi Ghohs,,KULQX6680S,"634, Extension, Surat, Gujarat - 280008",ACC00211,ENT00126
REC000261,CORPORATE_BANKING,Lakshmi Ghoh,,,"634, Extension, Surat, Gujarat - 280008",ACC00211,ENT00126
REC000262,CORPORATE_BANKING,GURPREET YADAV,8439946388,PQIIX5265D,"314, Colony, Kolkata, West Bengal - 300300",ACC00212,ENT00127
REC000263,RETAIL_CBS,Gurpreet Yaadv,8439946388,PQIIX5265D,"314, Colony, Kolkata, West Bengal - 300300",ACC00212,ENT00127
REC000264,CORPORATE_BANKING,Kritika Chauhan & Sons,9133645214,,"256, Main Road, Ahmedabad, Gujarat - 578443",ACC00213,ENT00128
REC000265,RETAIL_CBS,P. Trivedi,,,"339, Extension, Lucknow, Uttar Pradesh - 318014",ACC00214,ENT00129
REC000266,CORPORATE_BANKING,PRIYA TRIVEDI,,ZELAN6276P,"339, Extension, Lucknow, Uttar Pradesh - 318014",ACC00214,ENT00129
REC000267,RETAIL_CBS,RAJESH AGARWAL,9153307176,,"39, Cross Street, Kolkata, West Bengal - 352265",ACC00215,ENT00130
REC000268,CORPORATE_BANKING,Rajesh Agarwal,9153307176,FTELI0097J,"39, Cross Street, Kolkata, West Bengal - 352265",ACC00215,ENT00130
REC000269,RETAIL_CBS,Rajesh Agawral,,FTELI0097J,"39, Cross Street, Kolkata, West Bengal - 352265",ACC00215,ENT00130
REC000270,CORPORATE_BANKING,AARTI SHAH,,,,ACC00216,ENT00131
REC000271,CORPORATE_BANKING,Shah Aarti,9061674840,GEZVR0015A,"887, Extension, Nagpur, Maharashtra - 304342",ACC00216,ENT00131
REC000272,RETAIL_CBS,ANITA PILLAI,6659748012,,,ACC00217,ENT00132
REC000273,RETAIL_CBS,Anita Pilali,,ZWGEV3187F,"944, Main Road, Kochi, Kerala - 459895",ACC00217,ENT00132
REC000274,CORPORATE_BANKING,Anita Pillai & Sons,6659748012,ZWGEV3187F,"944, Main Road, Kochi, Kerala - 459895",ACC00217,ENT00132
REC000275,CORPORATE_BANKING,Vikram Dubey & Sons,8267708859,OUIRA4509Z,"743, Extension, Madurai, Tamil Nadu - 361981",ACC00218,ENT00133
REC000276,CORPORATE_BANKING,Vikram Duby,8267708859,OUIRA4509Z,"743, Extension, Madurai, Tamil Nadu - 361981",ACC00218,ENT00133
REC000277,RETAIL_CBS,VIKRAM DUBEY,8267708859,OUIRA4509Z,"743, Extension, Madurai, Tamil Nadu - 361981",ACC00218,ENT00133
REC000278,CORPORATE_BANKING,Padma Chauhan,8550950501,MFIBN4879B,"465, Nagar, Hyderabad, Telangana - 400106",ACC00219,ENT00134
REC000279,RETAIL_CBS,P. Chauhan,8550950501,,"465, Nagar, Hyderabad, Telangana - 400106",ACC00219,ENT00134
REC000280,RETAIL_CBS,Padma Chauhan & Sons,8550950501,MFIBN4879B,"465, Nagar, Hyderabad, Telangana - 400106",ACC00219,ENT00134
REC000281,CORPORATE_BANKING,Zubair Karu,6751944763,,,ACC00220,ENT00135
REC000282,RETAIL_CBS,Zubair Kaur,6751944763,SXYYU2077U,"233, Extension, Bengaluru, Karnataka - 110703",ACC00221,ENT00135
REC000283,RETAIL_CBS,ZUBAIR MALHOTRA,,NKUAA3855P,"638, Colony, Kochi, Kerala - 422365",ACC00222,ENT00136
REC000284,RETAIL_CBS,Z. Malhotra,7207421458,NKUAA3855P,"638, Colony, Kochi, Kerala - 422365",ACC00223,ENT00136
REC000285,RETAIL_CBS,Malhotra Zubair,7207421458,,"638, Colony, Kochi, Kerala - 422365",ACC00224,ENT00136
REC000286,RETAIL_CBS,Swati Iyer,6793095366,QKQWH1508F,"604, Layout, Surat, Gujarat - 244076",ACC00225,ENT00137
REC000287,RETAIL_CBS,NEHA BOSE,7940977098,EIAGL7616C,,ACC00226,ENT00138
REC000288,RETAIL_CBS,Jaspreet Qurehi,,,,ACC00227,ENT00139
REC000289,RETAIL_CBS,J. Qureshi,,RSLSJ4897D,"324, Main Road, Patna, Bihar - 640204",ACC00227,ENT00139
REC000290,RETAIL_CBS,Jaspreet Qureshi,9227454066,RSLSJ4897D,"324, Main Road, Patna, Bihar - 640204",ACC00227,ENT00139
REC000291,RETAIL_CBS,Harish Thomas & Sons,,APTHI5149E,"461, Main Road, Surat, Gujarat - 129785",ACC00228,ENT00140
REC000292,RETAIL_CBS,HARISH THOMAS,7618859767,APTHI5149E,"461, Main Road, Surat, Gujarat - 129785",ACC00229,ENT00140
REC000293,CORPORATE_BANKING,Sanjay Agarwal & Sons,7863178557,GVPMV1879V,"471, Cross Street, Bhopal, Madhya Pradesh - 246348",ACC00231,ENT00141
REC000294,CORPORATE_BANKING,S. Agarwal,7863178557,GVPMV1879V,"471, Cross Street, Bhopal, Madhya Pradesh - 246348",ACC00232,ENT00141
REC000295,CORPORATE_BANKING,Srinivas Ghosh,,NCCPA9784F,"168, Colony, Madurai, Tamil Nadu - 476588",ACC00233,ENT00142
REC000296,CORPORATE_BANKING,S. Ghosh,,NCCPA9784F,"168, Colony, Madurai, Tamil Nadu - 476588",ACC00234,ENT00142
REC000297,RETAIL_CBS,SNEHA AGARWAL,,USTEJ8478A,"488, Main Road, Chennai, Tamil Nadu - 687402",ACC00235,ENT00143
REC000298,CORPORATE_BANKING,Sneha Aarwal,,,"488, Main Road, Chennai, Tamil Nadu - 687402",ACC00235,ENT00143
REC000299,CORPORATE_BANKING,Imran Iyre,9899047710,,,ACC00236,ENT00144
REC000300,CORPORATE_BANKING,Iyer Imran,9899047710,,,ACC00237,ENT00144
REC000301,RETAIL_CBS,Naidu Faisal,8511101600,HOJPQ6542X,"917, Cross Street, Mysuru, Karnataka - 495454",ACC00239,ENT00145
REC000302,RETAIL_CBS,Malik Neha,9434973644,,"807, Layout, Patna, Bihar - 180237",ACC00241,ENT00146
REC000303,RETAIL_CBS,N. Malik,9434973644,WDFQC3904I,"807, Layout, Patna, Bihar - 180237",ACC00242,ENT00146
REC000304,RETAIL_CBS,U. Tiwari,7778695754,VEREV2468I,"659, Main Road, Mysuru, Karnataka - 434543",ACC00243,ENT00147
REC000305,RETAIL_CBS,Tiwari Usha,7778695754,VEREV2468I,"659, Main Road, Mysuru, Karnataka - 434543",ACC00244,ENT00147
REC000306,CORPORATE_BANKING,Harleen Mukherjee & Sons,8229324848,XXAGF2913O,,ACC00245,ENT00148
REC000307,RETAIL_CBS,Harleen Mukherjee,8229324848,XXAGF2913O,"929, Colony, Mysuru, Karnataka - 309666",ACC00245,ENT00148
REC000308,RETAIL_CBS,Manoj Redy,7338571884,PRHDA7548T,,ACC00246,ENT00149
REC000309,CORPORATE_BANKING,Radha Das & Sons,7078303403,UYQQU4459C,,ACC00248,ENT00150
REC000310,CORPORATE_BANKING,Ravi Menon,8187059310,,"634, Avenue, Kochi, Kerala - 335148",ACC00250,ENT00151
REC000311,CORPORATE_BANKING,Ravi Menon & Sons,8187059310,VLLIH9048L,"634, Avenue, Kochi, Kerala - 335148",ACC00250,ENT00151
REC000312,CORPORATE_BANKING,R. Menon,8187059310,VLLIH9048L,"634, Avenue, Kochi, Kerala - 335148",ACC00250,ENT00151
REC000313,RETAIL_CBS,VIJAY IYER,8759364679,WPGKQ4549L,"259, Layout, Hyderabad, Telangana - 137206",ACC00251,ENT00152
REC000314,RETAIL_CBS,Vijay Iyer,8759364679,WPGKQ4549L,"259, Layout, Hyderabad, Telangana - 137206",ACC00251,ENT00152
REC000315,RETAIL_CBS,V. Iyer,,WPGKQ4549L,"259, Layout, Hyderabad, Telangana - 137206",ACC00251,ENT00152
REC000316,CORPORATE_BANKING,RAMESH MUKHERJEE,9821408204,TYYRZ2541G,"98, Avenue, Coimbatore, Tamil Nadu - 290621",ACC00252,ENT00153
REC000317,CORPORATE_BANKING,Ramesh Mukherjee & Sons,9821408204,,,ACC00252,ENT00153
REC000318,CORPORATE_BANKING,Venkatesh Sngh,9728066943,,"49, Cross Street, Ahmedabad, Gujarat - 132157",ACC00253,ENT00154
REC000319,RETAIL_CBS,Singh Venkatesh,9728066943,NKWZL5621G,,ACC00254,ENT00154
REC000320,CORPORATE_BANKING,VENKATESH SINGH,9728066943,NKWZL5621G,,ACC00253,ENT00154
REC000321,CORPORATE_BANKING,H. Sengupta,6580152398,XJSZG8662D,,ACC00255,ENT00155
REC000322,CORPORATE_BANKING,Harish Sengupta & Sons,,XJSZG8662D,,ACC00255,ENT00155
REC000323,CORPORATE_BANKING,Harish Senugpta,,XJSZG8662D,"694, Colony, Mysuru, Karnataka - 469813",ACC00255,ENT00155
REC000324,CORPORATE_BANKING,Irfan Pandey,7000616946,NDLPF6291F,"256, Main Road, Nagpur, Maharashtra - 153934",ACC00256,ENT00156
REC000325,RETAIL_CBS,Anna Nadu,6123524855,,"260, Layout, Madurai, Tamil Nadu - 134040",ACC00258,ENT00157
REC000326,CORPORATE_BANKING,A. Naidu,6123524855,LXQMY3998M,"260, Layout, Madurai, Tamil Nadu - 134040",ACC00258,ENT00157
REC000327,RETAIL_CBS,S. Ahmed,,FVIYU5793O,"580, Avenue, Coimbatore, Tamil Nadu - 476841",ACC00259,ENT00158
REC000328,RETAIL_CBS,Srinivas Ahmd,6304080085,,"580, Avenue, Coimbatore, Tamil Nadu - 476841",ACC00259,ENT00158
REC000329,RETAIL_CBS,Srinivas Ahmed,6304080085,FVIYU5793O,,ACC00259,ENT00158
REC000330,RETAIL_CBS,Joseph Saexna,8357242405,GLYYT2553D,,ACC00260,ENT00159
REC000331,CORPORATE_BANKING,J. Saxena,,,"53, Main Road, Patna, Bihar - 613422",ACC00260,ENT00159
REC000332,CORPORATE_BANKING,Joseph Saxena & Sons,,GLYYT2553D,"53, Main Road, Patna, Bihar - 613422",ACC00260,ENT00159
REC000333,RETAIL_CBS,I. Khan,,LDAXT2275V,"208, Colony, Lucknow, Uttar Pradesh - 301930",ACC00261,ENT00160
REC000334,RETAIL_CBS,JASPREET KAPOOR,,AILVM2451J,"867, Avenue, Thiruvananthapuram, Kerala - 654650",ACC00263,ENT00161
REC000335,RETAIL_CBS,Jaspreet Kaopor,7750707453,AILVM2451J,,ACC00264,ENT00161
REC000336,CORPORATE_BANKING,Kapoor Jaspreet,,AILVM2451J,,ACC00265,ENT00161
REC000337,CORPORATE_BANKING,Zeenat Bhtat,,,"322, Main Road, Surat, Gujarat - 671080",ACC00266,ENT00162
REC000338,CORPORATE_BANKING,Zeenat Bhatt & Sons,6447716162,EHFVV0285P,"322, Main Road, Surat, Gujarat - 671080",ACC00266,ENT00162
REC000339,RETAIL_CBS,Zeenat Bhat,6447716162,EHFVV0285P,"322, Main Road, Surat, Gujarat - 671080",ACC00266,ENT00162
REC000340,CORPORATE_BANKING,Saxena Irfan,8697651064,,"194, Cross Street, Madurai, Tamil Nadu - 116616",ACC00267,ENT00163
REC000341,CORPORATE_BANKING,IRFAN SAXENA,8697651064,,"194, Cross Street, Madurai, Tamil Nadu - 116616",ACC00268,ENT00163
REC000342,CORPORATE_BANKING,Irfan Saxena,8697651064,HXICU9856L,"194, Cross Street, Madurai, Tamil Nadu - 116616",ACC00267,ENT00163
REC000343,RETAIL_CBS,Sarita Banerjee,,TRRCU1994D,,ACC00269,ENT00164
REC000344,RETAIL_CBS,Banerjee Sarita,9232832315,TRRCU1994D,"648, Main Road, Nagpur, Maharashtra - 146851",ACC00270,ENT00164
REC000345,RETAIL_CBS,Sarita Banerjee & Sons,9232832315,TRRCU1994D,"648, Main Road, Nagpur, Maharashtra - 146851",ACC00269,ENT00164
REC000346,CORPORATE_BANKING,V. Kapoor,6220802245,RDCPX7249L,"300, Cross Street, Lucknow, Uttar Pradesh - 415391",ACC00271,ENT00165
REC000347,CORPORATE_BANKING,Sneha Karu,8974358318,,,ACC00272,ENT00166
REC000348,RETAIL_CBS,S. Kaur,8974358318,ZMXPA7724J,"71, Cross Street, Jaipur, Rajasthan - 200894",ACC00272,ENT00166
REC000349,RETAIL_CBS,SNEHA KAUR,8974358318,,"71, Cross Street, Jaipur, Rajasthan - 200894",ACC00272,ENT00166
REC000350,CORPORATE_BANKING,Verma Thomas,8280245367,LQPFY7308N,,ACC00273,ENT00167
REC000351,RETAIL_CBS,Sandeep Tiwri,6553951473,SOBVQ6512B,"923, Layout, Delhi, Delhi - 494062",ACC00274,ENT00168
REC000352,CORPORATE_BANKING,M. Verma,,YRKMD3776M,"144, Layout, Ahmedabad, Gujarat - 402201",ACC00275,ENT00169
REC000353,RETAIL_CBS,MARY VERMA,9872492290,,"144, Layout, Ahmedabad, Gujarat - 402201",ACC00275,ENT00169
REC000354,CORPORATE_BANKING,Mary Verma & Sons,9872492290,YRKMD3776M,"144, Layout, Ahmedabad, Gujarat - 402201",ACC00275,ENT00169
REC000355,RETAIL_CBS,Mahesh Malhotra & Sons,7596019857,EHLXT5724W,,ACC00276,ENT00170
REC000356,CORPORATE_BANKING,Malhotra Mahesh,7596019857,EHLXT5724W,"418, Avenue, Mumbai, Maharashtra - 430305",ACC00276,ENT00170
REC000357,CORPORATE_BANKING,Mahesh Malhotar,,EHLXT5724W,"418, Avenue, Mumbai, Maharashtra - 430305",ACC00276,ENT00170
REC000358,CORPORATE_BANKING,Manoj Ghsoh,6741182094,AWJQC4139W,"535, Nagar, Coimbatore, Tamil Nadu - 586793",ACC00277,ENT00171
REC000359,CORPORATE_BANKING,Harpreet Kumar,,JNAWD3705Q,"940, Colony, Surat, Gujarat - 586378",ACC00278,ENT00172
REC000360,RETAIL_CBS,H. Kumar,,JNAWD3705Q,,ACC00278,ENT00172
REC000361,RETAIL_CBS,Anil Yadav,7035957485,WLPEP8823S,,ACC00279,ENT00173
REC000362,CORPORATE_BANKING,SNEHA BOSE,8953629227,TUDWP5588T,"485, Avenue, Ahmedabad, Gujarat - 381553",ACC00280,ENT00174
REC000363,RETAIL_CBS,S. Bose,8953629227,TUDWP5588T,"485, Avenue, Ahmedabad, Gujarat - 381553",ACC00281,ENT00174
REC000364,RETAIL_CBS,LAKSHMI PILLAI & SONS,6469861108,,"316, Extension, Kochi, Kerala - 163986",ACC00282,ENT00175
REC000365,CORPORATE_BANKING,Mary Dhilon,9337989836,,"756, Nagar, Hyderabad, Telangana - 609455",ACC00284,ENT00176
REC000366,CORPORATE_BANKING,Mary Dihllon,,PZOWI3748U,"756, Nagar, Hyderabad, Telangana - 609455",ACC00284,ENT00176
REC000367,RETAIL_CBS,Mary Dhillon & Sons,9337989836,PZOWI3748U,"756, Nagar, Hyderabad, Telangana - 609455",ACC00284,ENT00176
REC000368,CORPORATE_BANKING,Suresh Padney,9576130114,,"434, Cross Street, Delhi, Delhi - 350759",ACC00285,ENT00177
REC000369,RETAIL_CBS,Verma Karthik,8921422868,WLMYM6315D,"605, Avenue, Nagpur, Maharashtra - 525230",ACC00286,ENT00178
REC000370,CORPORATE_BANKING,Karthik Vera,8921422868,WLMYM6315D,"605, Avenue, Nagpur, Maharashtra - 525230",ACC00287,ENT00178
REC000371,CORPORATE_BANKING,Nisha Nadu,7054296078,NRRHZ4800H,"768, Cross Street, Ahmedabad, Gujarat - 679916",ACC00288,ENT00179
REC000372,CORPORATE_BANKING,L. Banerjee,7416135448,ESYOP0302K,,ACC00290,ENT00180
REC000373,RETAIL_CBS,Lakshmi Banerjee,7416135448,,"9, Layout, Kochi, Kerala - 105057",ACC00290,ENT00180
REC000374,RETAIL_CBS,Banerjee Lakshmi,7416135448,ESYOP0302K,"9, Layout, Kochi, Kerala - 105057",ACC00290,ENT00180
REC000375,RETAIL_CBS,S. Malhotra,9608398266,SIMKC5017H,"406, Avenue, Ahmedabad, Gujarat - 520573",ACC00291,ENT00181
REC000376,CORPORATE_BANKING,Sowmya Malhotra,9608398266,SIMKC5017H,"406, Avenue, Ahmedabad, Gujarat - 520573",ACC00291,ENT00181
REC000377,CORPORATE_BANKING,Sowmya Malotra,9608398266,SIMKC5017H,"406, Avenue, Ahmedabad, Gujarat - 520573",ACC00291,ENT00181
REC000378,RETAIL_CBS,Nitin Glil,8669544727,SMUSZ5201I,"576, Cross Street, Hyderabad, Telangana - 177481",ACC00292,ENT00182
REC000379,RETAIL_CBS,Gill Nitin,8669544727,SMUSZ5201I,"576, Cross Street, Hyderabad, Telangana - 177481",ACC00293,ENT00182
REC000380,CORPORATE_BANKING,Imran Agaral,7333584962,,"365, Main Road, Thiruvananthapuram, Kerala - 501625",ACC00295,ENT00183
REC000381,CORPORATE_BANKING,Imran Agarwal,,BBYPX4102M,"365, Main Road, Thiruvananthapuram, Kerala - 501625",ACC00296,ENT00183
REC000382,CORPORATE_BANKING,Chauhan Anil,6028908163,DNTLI1453K,,ACC00297,ENT00184
REC000383,RETAIL_CBS,Sabiha Naidu & Sons,9123154095,FGDBF2852O,"235, Cross Street, Coimbatore, Tamil Nadu - 616805",ACC00298,ENT00185
REC000384,CORPORATE_BANKING,Sabiha Nidu,9123154095,FGDBF2852O,"235, Cross Street, Coimbatore, Tamil Nadu - 616805",ACC00298,ENT00185
REC000385,RETAIL_CBS,Sabiha Nadiu,,FGDBF2852O,"235, Cross Street, Coimbatore, Tamil Nadu - 616805",ACC00298,ENT00185
REC000386,CORPORATE_BANKING,Das Manpreet,,ECDXX5572Y,"572, Avenue, Mumbai, Maharashtra - 589168",ACC00299,ENT00186
REC000387,CORPORATE_BANKING,Manpreet Das,,ECDXX5572Y,"572, Avenue, Mumbai, Maharashtra - 589168",ACC00299,ENT00186
REC000388,RETAIL_CBS,Manpreet Das & Sons,8151294055,,,ACC00299,ENT00186
REC000389,CORPORATE_BANKING,Muthu Verma,6955001639,,"56, Extension, Kolkata, West Bengal - 503497",ACC00300,ENT00187
REC000390,RETAIL_CBS,Muthu Vema,6955001639,TFPOO5274S,,ACC00300,ENT00187
REC000391,CORPORATE_BANKING,MANOJ MENON,6925671731,MBYGG6698F,"207, Avenue, Chennai, Tamil Nadu - 455156",ACC00301,ENT00188
REC000392,RETAIL_CBS,Manoj Menon & Sons,6925671731,MBYGG6698F,"207, Avenue, Chennai, Tamil Nadu - 455156",ACC00302,ENT00188
REC000393,CORPORATE_BANKING,Shobha Banejree,6027560935,MKNKX3892V,"703, Avenue, Mumbai, Maharashtra - 680721",ACC00303,ENT00189
REC000394,RETAIL_CBS,Banerjee Shobha,6027560935,MKNKX3892V,"703, Avenue, Mumbai, Maharashtra - 680721",ACC00304,ENT00189
REC000395,CORPORATE_BANKING,S. Banerjee,6027560935,MKNKX3892V,"703, Avenue, Mumbai, Maharashtra - 680721",ACC00303,ENT00189
REC000396,RETAIL_CBS,Padma Varghse,,MXZAH5193J,"667, Avenue, Mysuru, Karnataka - 545073",ACC00305,ENT00190
REC000397,RETAIL_CBS,Qureshi Amit,8551469392,,"310, Cross Street, Thiruvananthapuram, Kerala - 639949",ACC00306,ENT00191
REC000398,RETAIL_CBS,REKHA MISHRA,9360214452,CZHAY4049E,"703, Layout, Coimbatore, Tamil Nadu - 318642",ACC00308,ENT00192
REC000399,RETAIL_CBS,S. Shah,9747857327,NJTHR9514S,"541, Extension, Lucknow, Uttar Pradesh - 308552",ACC00309,ENT00193
REC000400,CORPORATE_BANKING,Sangeeta Mukhejee,7057315165,WLHKK5131K,"300, Extension, Thiruvananthapuram, Kerala - 565395",ACC00310,ENT00194
REC000401,CORPORATE_BANKING,Sangeeta Mukherjee,7057315165,WLHKK5131K,"300, Extension, Thiruvananthapuram, Kerala - 565395",ACC00311,ENT00194
REC000402,CORPORATE_BANKING,SANGEETA MUKHERJEE,7057315165,WLHKK5131K,"300, Extension, Thiruvananthapuram, Kerala - 565395",ACC00310,ENT00194
REC000403,CORPORATE_BANKING,Balaji Das,9712503322,AWYBS7763M,,ACC00312,ENT00195
REC000404,CORPORATE_BANKING,Das Balaji,9712503322,AWYBS7763M,"849, Cross Street, Ahmedabad, Gujarat - 393770",ACC00312,ENT00195
REC000405,RETAIL_CBS,Balaji Das & Sons,9712503322,AWYBS7763M,"849, Cross Street, Ahmedabad, Gujarat - 393770",ACC00312,ENT00195
REC000406,CORPORATE_BANKING,Geeta Rao & Sons,,,"481, Cross Street, Kochi, Kerala - 291057",ACC00313,ENT00196
REC000407,CORPORATE_BANKING,Geeta Rao,9097711922,LHTDV5445V,,ACC00313,ENT00196
REC000408,RETAIL_CBS,Rao Geeta,9097711922,LHTDV5445V,"481, Cross Street, Kochi, Kerala - 291057",ACC00313,ENT00196
REC000409,RETAIL_CBS,Kritika Tiwari & Sons,9478039881,GOMJH3518F,"696, Extension, Mysuru, Karnataka - 413390",ACC00314,ENT00197
REC000410,CORPORATE_BANKING,Kritika Twari,9478039881,,"696, Extension, Mysuru, Karnataka - 413390",ACC00314,ENT00197
REC000411,CORPORATE_BANKING,Joseph Dhillon,6757848504,PIDFS1102V,"499, Nagar, Bhopal, Madhya Pradesh - 515571",ACC00315,ENT00198
REC000412,RETAIL_CBS,Joseph Dhillon & Sons,6757848504,,"499, Nagar, Bhopal, Madhya Pradesh - 515571",ACC00315,ENT00198
REC000413,CORPORATE_BANKING,Srinivas Kpaoor,7634668980,URJWC1405Y,,ACC00316,ENT00199
REC000414,CORPORATE_BANKING,Jaspreet Sengupta & Sons,9204295850,PZXWP6337M,"777, Cross Street, Chandigarh, Punjab - 413400",ACC00317,ENT00200
REC000415,CORPORATE_BANKING,Jaspreet Sengupta,,PZXWP6337M,"777, Cross Street, Chandigarh, Punjab - 413400",ACC00318,ENT00200
REC000416,RETAIL_CBS,Sengupta Jaspreet,9204295850,,"777, Cross Street, Chandigarh, Punjab - 413400",ACC00317,ENT00200
REC000417,CORPORATE_BANKING,Preethi Brar & Sons,8559224877,QTKMY6435B,"804, Colony, Surat, Gujarat - 309807",ACC00319,ENT00201
REC000418,RETAIL_CBS,PREETHI BRAR,8559224877,QTKMY6435B,,ACC00319,ENT00201
REC000419,RETAIL_CBS,GAURAV KUMAR,,ENIPA7699J,"485, Colony, Nagpur, Maharashtra - 263589",ACC00320,ENT00202
REC000420,CORPORATE_BANKING,Gaurav Kumra,7835267743,ENIPA7699J,"485, Colony, Nagpur, Maharashtra - 263589",ACC00320,ENT00202
REC000421,RETAIL_CBS,MANISHA YADAV,,QJQAP3560Q,"608, Main Road, Delhi, Delhi - 246333",ACC00321,ENT00203
REC000422,RETAIL_CBS,Yadav Manisha,,,,ACC00321,ENT00203
REC000423,CORPORATE_BANKING,S. Patel,,TYQCG3872L,"999, Avenue, Nagpur, Maharashtra - 408895",ACC00322,ENT00204
REC000424,CORPORATE_BANKING,Shobha Ptel,,TYQCG3872L,"999, Avenue, Nagpur, Maharashtra - 408895",ACC00322,ENT00204
REC000425,CORPORATE_BANKING,Patel Shobha,9575389140,TYQCG3872L,,ACC00322,ENT00204
REC000426,CORPORATE_BANKING,Gopal Dubey,,RDCWD4017G,,ACC00323,ENT00205
REC000427,CORPORATE_BANKING,Gopal Pillai & Sons & Sons,7437466719,,"116, Extension, Surat, Gujarat - 226370",ACC00324,ENT00206
REC000428,RETAIL_CBS,G. Pillai & Sons,7437466719,SMZFH5249N,"116, Extension, Surat, Gujarat - 226370",ACC00325,ENT00206
REC000429,CORPORATE_BANKING,V. Pillai & Sons,,,"425, Cross Street, Thiruvananthapuram, Kerala - 461613",ACC00326,ENT00207
REC000430,CORPORATE_BANKING,Vinod Pillai  Sons,,BYCQZ5034O,,ACC00326,ENT00207
REC000431,CORPORATE_BANKING,Vinod Pillai & Sons,7502506867,BYCQZ5034O,"425, Cross Street, Thiruvananthapuram, Kerala - 461613",ACC00326,ENT00207
REC000432,CORPORATE_BANKING,Desai Arjun,9649479315,CQOSW1000Q,,ACC00327,ENT00208
REC000433,CORPORATE_BANKING,ARJUN DESAI,9649479315,,"881, Cross Street, Coimbatore, Tamil Nadu - 402267",ACC00327,ENT00208
REC000434,CORPORATE_BANKING,Desai Manisha,6067802049,GWULK6459H,"61, Nagar, Ahmedabad, Gujarat - 513947",ACC00328,ENT00209
REC000435,RETAIL_CBS,Vasantha Mukehrjee,7996573993,BEHSA4756L,"839, Layout, Nagpur, Maharashtra - 619462",ACC00331,ENT00210
REC000436,RETAIL_CBS,VASANTHA MUKHERJEE,7996573993,,"839, Layout, Nagpur, Maharashtra - 619462",ACC00331,ENT00210
REC000437,CORPORATE_BANKING,Nitin Jshi,,EVDHZ1493P,,ACC00332,ENT00211
REC000438,CORPORATE_BANKING,GOPAL DAS,7059503790,ERQSC0869C,,ACC00333,ENT00212
REC000439,RETAIL_CBS,G. Das,7059503790,ERQSC0869C,"738, Layout, Nagpur, Maharashtra - 684088",ACC00334,ENT00212
REC000440,CORPORATE_BANKING,Bose Shreya,9032008304,HIRKS6674W,"256, Cross Street, Lucknow, Uttar Pradesh - 130910",ACC00338,ENT00213
REC000441,RETAIL_CBS,Shreya Bose,9032008304,HIRKS6674W,"256, Cross Street, Lucknow, Uttar Pradesh - 130910",ACC00338,ENT00213
REC000442,RETAIL_CBS,H. Trivedi,6873672387,,"793, Nagar, Bhopal, Madhya Pradesh - 484080",ACC00339,ENT00214
REC000443,RETAIL_CBS,Pillai & Sons Geeta,,COXTC4088P,"152, Colony, Bengaluru, Karnataka - 258541",ACC00340,ENT00215
REC000444,CORPORATE_BANKING,Geeta Pillai  &Sons,,COXTC4088P,"152, Colony, Bengaluru, Karnataka - 258541",ACC00341,ENT00215
REC000445,RETAIL_CBS,Verma Zeenat,9177801712,KYRSH7798L,,ACC00342,ENT00216
REC000446,RETAIL_CBS,ZEENAT VERMA,9177801712,KYRSH7798L,,ACC00343,ENT00216
REC000447,CORPORATE_BANKING,Ritu Reddy & Sons,9105642358,RBOUN6431S,"938, Avenue, Mumbai, Maharashtra - 158939",ACC00344,ENT00217
REC000448,CORPORATE_BANKING,Reddy Ritu,9105642358,RBOUN6431S,"938, Avenue, Mumbai, Maharashtra - 158939",ACC00345,ENT00217
REC000449,RETAIL_CBS,Ritu Redy,9105642358,,"938, Avenue, Mumbai, Maharashtra - 158939",ACC00344,ENT00217
REC000450,RETAIL_CBS,Shobha Iyer & Sons,,RDWHZ5315H,,ACC00346,ENT00218
REC000451,RETAIL_CBS,SHOBHA IYER,,RDWHZ5315H,"199, Cross Street, Pune, Maharashtra - 437795",ACC00347,ENT00218
REC000452,RETAIL_CBS,Kritika Thomas,,KSCJT5649Z,"840, Nagar, Surat, Gujarat - 679464",ACC00348,ENT00219
REC000453,RETAIL_CBS,Kritika Thmas,6314845544,KSCJT5649Z,"840, Nagar, Surat, Gujarat - 679464",ACC00348,ENT00219
REC000454,RETAIL_CBS,Ajay Thoms,8750221055,HHZVM3035E,"937, Layout, Delhi, Delhi - 616300",ACC00349,ENT00220
REC000455,CORPORATE_BANKING,A. Thomas,,HHZVM3035E,,ACC00350,ENT00220
REC000456,RETAIL_CBS,Sneha Sengupta,9798033891,HNIND7028R,"808, Layout, Mumbai, Maharashtra - 623774",ACC00351,ENT00221
REC000457,CORPORATE_BANKING,Sneha Sengputa,,HNIND7028R,"808, Layout, Mumbai, Maharashtra - 623774",ACC00351,ENT00221
REC000458,RETAIL_CBS,Sengupta Sneha,,HNIND7028R,"808, Layout, Mumbai, Maharashtra - 623774",ACC00351,ENT00221
REC000459,CORPORATE_BANKING,Trivedi Faisal,,GFYOF5904J,"171, Cross Street, Surat, Gujarat - 361529",ACC00352,ENT00222
REC000460,RETAIL_CBS,FAISAL TRIVEDI,,GFYOF5904J,"171, Cross Street, Surat, Gujarat - 361529",ACC00352,ENT00222
REC000461,CORPORATE_BANKING,Faisal Trivdei,,,"171, Cross Street, Surat, Gujarat - 361529",ACC00352,ENT00222
REC000462,RETAIL_CBS,Nair Jyoti,,,"56, Extension, Nagpur, Maharashtra - 211114",ACC00353,ENT00223
REC000463,CORPORATE_BANKING,Preethi Mahotra,8462673490,,"36, Avenue, Patna, Bihar - 623627",ACC00355,ENT00224
REC000464,RETAIL_CBS,Malhotra Preethi,8462673490,,,ACC00355,ENT00224
REC000465,CORPORATE_BANKING,Thomas Brar & Sons,,,"789, Avenue, Hyderabad, Telangana - 618223",ACC00356,ENT00225
REC000466,RETAIL_CBS,Brar Thomas,,,"789, Avenue, Hyderabad, Telangana - 618223",ACC00357,ENT00225
REC000467,RETAIL_CBS,Ansari Mary,7295232481,,"980, Colony, Madurai, Tamil Nadu - 223904",ACC00358,ENT00226
REC000468,RETAIL_CBS,M. Ansari,,SATBF8185Z,"980, Colony, Madurai, Tamil Nadu - 223904",ACC00358,ENT00226
REC000469,RETAIL_CBS,Mary Ansari & Sons,7295232481,SATBF8185Z,,ACC00358,ENT00226
REC000470,RETAIL_CBS,Singh Sarita,6203076403,AUFYW6062B,"927, Main Road, Chandigarh, Punjab - 479237",ACC00359,ENT00227
REC000471,RETAIL_CBS,SARITA SINGH,,AUFYW6062B,"927, Main Road, Chandigarh, Punjab - 479237",ACC00359,ENT00227
REC000472,RETAIL_CBS,S. Singh,6203076403,AUFYW6062B,"927, Main Road, Chandigarh, Punjab - 479237",ACC00359,ENT00227
REC000473,CORPORATE_BANKING,Srinivas Sandhu & Sons,9040271718,XQPGX5095O,,ACC00360,ENT00228
REC000474,RETAIL_CBS,Srinivas Sandu,9040271718,XQPGX5095O,"564, Avenue, Ahmedabad, Gujarat - 337950",ACC00361,ENT00228
REC000475,CORPORATE_BANKING,S. Sandhu,9040271718,XQPGX5095O,"564, Avenue, Ahmedabad, Gujarat - 337950",ACC00360,ENT00228
REC000476,RETAIL_CBS,A. Singh,,RCVFP6437R,,ACC00362,ENT00229
REC000477,CORPORATE_BANKING,ASHOK SINGH,8091967293,,,ACC00363,ENT00229
REC000478,CORPORATE_BANKING,Ashok Snigh,8091967293,RCVFP6437R,"129, Avenue, Chandigarh, Punjab - 106409",ACC00362,ENT00229
REC000479,CORPORATE_BANKING,Ashok Kuar,6699972255,UKDCL4358N,"391, Cross Street, Thiruvananthapuram, Kerala - 614755",ACC00364,ENT00230
REC000480,RETAIL_CBS,Ashok Kaur,6699972255,UKDCL4358N,"391, Cross Street, Thiruvananthapuram, Kerala - 614755",ACC00364,ENT00230
REC000481,CORPORATE_BANKING,Kaur Ashok,6699972255,UKDCL4358N,,ACC00364,ENT00230
REC000482,CORPORATE_BANKING,Rajesh Meta,8981346617,YQTLV0362Y,"26, Avenue, Pune, Maharashtra - 600416",ACC00365,ENT00231
REC000483,CORPORATE_BANKING,Sandeep Khan,7109112834,,"828, Extension, Ahmedabad, Gujarat - 135893",ACC00366,ENT00232
REC000484,CORPORATE_BANKING,Amandeep Nidu,8046023129,KEIQJ1918C,"487, Layout, Lucknow, Uttar Pradesh - 246800",ACC00367,ENT00233
REC000485,RETAIL_CBS,Rahul Rao & Sons,8346047603,VELRX3013T,"790, Avenue, Chandigarh, Punjab - 441071",ACC00368,ENT00234
REC000486,RETAIL_CBS,Khan Manpreet,,TUVZP2645O,"894, Layout, Hyderabad, Telangana - 339382",ACC00369,ENT00235
REC000487,CORPORATE_BANKING,Manpreet Khan,8356903121,,"894, Layout, Hyderabad, Telangana - 339382",ACC00369,ENT00235
REC000488,RETAIL_CBS,Manpreet Kahn,8356903121,TUVZP2645O,"894, Layout, Hyderabad, Telangana - 339382",ACC00369,ENT00235
REC000489,RETAIL_CBS,Sengupta Nitin,9498078574,DAHEA4461K,,ACC00370,ENT00236
REC000490,RETAIL_CBS,ZUBAIR VERMA,,WHLPG9477G,,ACC00372,ENT00237
REC000491,CORPORATE_BANKING,Zubair Verma & Sons,9289057082,WHLPG9477G,"823, Nagar, Kolkata, West Bengal - 407987",ACC00373,ENT00237
REC000492,RETAIL_CBS,Mukherjee Naveen,,,"706, Layout, Mysuru, Karnataka - 233223",ACC00375,ENT00238
REC000493,RETAIL_CBS,NAVEEN MUKHERJEE,8117539017,,,ACC00376,ENT00238
REC000494,RETAIL_CBS,Anjali Sharma & Sons,8219468060,,"616, Nagar, Thiruvananthapuram, Kerala - 658594",ACC00377,ENT00239
REC000495,RETAIL_CBS,Ashok Naiud,9904613138,,"508, Nagar, Madurai, Tamil Nadu - 242511",ACC00378,ENT00240
REC000496,RETAIL_CBS,Manoj Baerjee,7729935152,ETSXI3404V,"491, Extension, Thiruvananthapuram, Kerala - 360440",ACC00380,ENT00241
REC000497,CORPORATE_BANKING,R. Kaur,9558455457,BHXBL8955B,"476, Cross Street, Nagpur, Maharashtra - 385756",ACC00381,ENT00242
REC000498,CORPORATE_BANKING,Radha Kaur & Sons,9558455457,BHXBL8955B,"476, Cross Street, Nagpur, Maharashtra - 385756",ACC00381,ENT00242
REC000499,RETAIL_CBS,Kaur Radha,9558455457,BHXBL8955B,"476, Cross Street, Nagpur, Maharashtra - 385756",ACC00381,ENT00242
REC000500,RETAIL_CBS,SANDEEP DAS,8573661336,,"893, Colony, Kochi, Kerala - 245635",ACC00382,ENT00243
REC000501,RETAIL_CBS,Simran Bose,8395130475,UPVXK9803N,"686, Layout, Ahmedabad, Gujarat - 332772",ACC00383,ENT00244
REC000502,CORPORATE_BANKING,S. Bose,8395130475,UPVXK9803N,,ACC00383,ENT00244
REC000503,CORPORATE_BANKING,Manoj Kumar & Sons,7106384680,IYERK6087K,"981, Layout, Pune, Maharashtra - 585954",ACC00384,ENT00245
REC000504,CORPORATE_BANKING,Kumar Manoj,7106384680,IYERK6087K,"981, Layout, Pune, Maharashtra - 585954",ACC00384,ENT00245
REC000505,CORPORATE_BANKING,Pankaj Kapoor & Sons,,,"29, Colony, Surat, Gujarat - 645957",ACC00385,ENT00246
REC000506,RETAIL_CBS,PANKAJ KAPOOR,6444751271,HIYNO7220Q,"29, Colony, Surat, Gujarat - 645957",ACC00386,ENT00246
REC000507,RETAIL_CBS,Kapoor Pankaj,6444751271,HIYNO7220Q,"29, Colony, Surat, Gujarat - 645957",ACC00385,ENT00246
REC000508,RETAIL_CBS,Varghese Ashok,6202974702,TYUBZ1979C,"575, Cross Street, Lucknow, Uttar Pradesh - 560822",ACC00387,ENT00247
REC000509,CORPORATE_BANKING,Ashok Varhese,6202974702,TYUBZ1979C,"575, Cross Street, Lucknow, Uttar Pradesh - 560822",ACC00387,ENT00247
REC000510,CORPORATE_BANKING,Ashok Varghees,6202974702,TYUBZ1979C,,ACC00387,ENT00247
REC000511,RETAIL_CBS,Manpreet Bnaerjee,6234562717,,"841, Layout, Delhi, Delhi - 417185",ACC00388,ENT00248
REC000512,RETAIL_CBS,MANISHA KAPOOR,,AAIQH9141B,"633, Cross Street, Hyderabad, Telangana - 123679",ACC00389,ENT00249
REC000513,RETAIL_CBS,Manisha Kapoor & Sons,8010241085,AAIQH9141B,,ACC00390,ENT00249
REC000514,RETAIL_CBS,Manisha Kaopor,,AAIQH9141B,"633, Cross Street, Hyderabad, Telangana - 123679",ACC00389,ENT00249
REC000515,RETAIL_CBS,Z. Iyengar,8097356418,GCCTM3853J,,ACC00391,ENT00250
REC000516,RETAIL_CBS,Desai Ramesh,7850776303,OWYSR4169D,"780, Cross Street, Pune, Maharashtra - 172291",ACC00392,ENT00251
REC000517,CORPORATE_BANKING,Ramesh Desi,7850776303,,"780, Cross Street, Pune, Maharashtra - 172291",ACC00392,ENT00251
REC000518,RETAIL_CBS,SABIHA ANSARI,8696613496,UHRMA4225D,,ACC00393,ENT00252
REC000519,RETAIL_CBS,S. Ansari,8696613496,UHRMA4225D,,ACC00393,ENT00252
REC000520,RETAIL_CBS,Sabiha Ansari & Sons,8696613496,UHRMA4225D,"898, Main Road, Hyderabad, Telangana - 610061",ACC00393,ENT00252
REC000521,CORPORATE_BANKING,SANDEEP IYER,8034838374,SAPOP7805X,"523, Avenue, Ahmedabad, Gujarat - 507748",ACC00394,ENT00253
REC000522,CORPORATE_BANKING,Sandeep Iyre,8034838374,SAPOP7805X,,ACC00394,ENT00253
REC000523,CORPORATE_BANKING,RAJWINDER KUMAR,7698231409,FKRPJ3742Z,"532, Avenue, Jaipur, Rajasthan - 641955",ACC00395,ENT00254
REC000524,CORPORATE_BANKING,R. Kumar,7698231409,FKRPJ3742Z,"532, Avenue, Jaipur, Rajasthan - 641955",ACC00396,ENT00254
REC000525,RETAIL_CBS,Kumar Rajwinder,7698231409,,"532, Avenue, Jaipur, Rajasthan - 641955",ACC00395,ENT00254
REC000526,RETAIL_CBS,Sunil Banerje,7396433933,GODJA1776G,"315, Main Road, Chennai, Tamil Nadu - 265023",ACC00397,ENT00255
REC000527,CORPORATE_BANKING,Pankaj Meha,8705180632,DOXFY9686C,"203, Main Road, Mysuru, Karnataka - 653234",ACC00400,ENT00256
REC000528,CORPORATE_BANKING,Pankaj Mehta & Sons,,DOXFY9686C,"203, Main Road, Mysuru, Karnataka - 653234",ACC00400,ENT00256
REC000529,CORPORATE_BANKING,Rohit Boes,,YDFJN2835B,"114, Cross Street, Jaipur, Rajasthan - 624402",ACC00401,ENT00257
REC000530,CORPORATE_BANKING,Rohit Bose & Sons,,,"114, Cross Street, Jaipur, Rajasthan - 624402",ACC00402,ENT00257
REC000531,RETAIL_CBS,Neha Qureshi,9304571772,MLGDQ0662W,"826, Main Road, Nagpur, Maharashtra - 519424",ACC00403,ENT00258
REC000532,CORPORATE_BANKING,PANKAJ SHEIKH,9195582866,PARMB5708F,,ACC00404,ENT00259
REC000533,CORPORATE_BANKING,Pankaj Sheikh & Sons,9195582866,PARMB5708F,,ACC00404,ENT00259
REC000534,CORPORATE_BANKING,Sheikh Pankaj,9195582866,PARMB5708F,"865, Nagar, Thiruvananthapuram, Kerala - 154798",ACC00404,ENT00259
REC000535,CORPORATE_BANKING,Manpreet Trivdi,9106556238,ALLPL6893J,,ACC00405,ENT00260
REC000536,CORPORATE_BANKING,Manpreet Trivedi,9106556238,ALLPL6893J,"982, Layout, Delhi, Delhi - 695336",ACC00405,ENT00260
REC000537,RETAIL_CBS,M. Trivedi,9106556238,ALLPL6893J,"982, Layout, Delhi, Delhi - 695336",ACC00405,ENT00260
REC000538,RETAIL_CBS,Irfan Ghosh,9884227921,,,ACC00406,ENT00261
REC000539,CORPORATE_BANKING,Irfan Ghosh & Sons,9884227921,CMLVD4724G,"600, Colony, Kolkata, West Bengal - 685505",ACC00407,ENT00261
REC000540,RETAIL_CBS,Vasantha Mhta,6052819272,KJYTD7165T,"597, Cross Street, Bhopal, Madhya Pradesh - 160175",ACC00408,ENT00262
REC000541,RETAIL_CBS,Mehta Vasantha,6052819272,KJYTD7165T,"597, Cross Street, Bhopal, Madhya Pradesh - 160175",ACC00408,ENT00262
REC000542,RETAIL_CBS,Naveen Pillai &S ons,8158991335,YQORV3616Q,"931, Avenue, Delhi, Delhi - 413859",ACC00409,ENT00263
REC000543,RETAIL_CBS,Pillai & Sons Naveen,8158991335,YQORV3616Q,"931, Avenue, Delhi, Delhi - 413859",ACC00409,ENT00263
REC000544,CORPORATE_BANKING,ARJUN TIWARI,6690369090,WRKBR6899A,"169, Avenue, Chandigarh, Punjab - 573749",ACC00410,ENT00264
REC000545,CORPORATE_BANKING,Arjun Tiwai,6690369090,WRKBR6899A,"169, Avenue, Chandigarh, Punjab - 573749",ACC00410,ENT00264
REC000546,RETAIL_CBS,Ajay Sidhu & Sons,,,,ACC00411,ENT00265
REC000547,RETAIL_CBS,Prakash Gill,6161056704,TNLVG8946S,,ACC00412,ENT00266
REC000548,RETAIL_CBS,PRAKASH GILL,,,"77, Avenue, Madurai, Tamil Nadu - 534432",ACC00413,ENT00266
REC000549,CORPORATE_BANKING,Shreya Amhed,7797106026,,"24, Extension, Surat, Gujarat - 442983",ACC00414,ENT00267
REC000550,CORPORATE_BANKING,SHREYA AHMED,7797106026,HOJYZ3483O,"24, Extension, Surat, Gujarat - 442983",ACC00414,ENT00267
REC000551,RETAIL_CBS,L. Qureshi,6345211765,LHYBY9733S,,ACC00415,ENT00268
REC000552,CORPORATE_BANKING,Qureshi Lakshmi,6345211765,LHYBY9733S,"265, Main Road, Madurai, Tamil Nadu - 285810",ACC00415,ENT00268
REC000553,RETAIL_CBS,Lakshmi Quresi,,,"265, Main Road, Madurai, Tamil Nadu - 285810",ACC00415,ENT00268
REC000554,RETAIL_CBS,Kritika Khan,9720746696,SWIPA8974X,"604, Extension, Lucknow, Uttar Pradesh - 304147",ACC00416,ENT00269
REC000555,CORPORATE_BANKING,K. Khan,9720746696,SWIPA8974X,,ACC00417,ENT00269
REC000556,RETAIL_CBS,Agarwal Shobha,,KYEBO6379M,"530, Avenue, Nagpur, Maharashtra - 504547",ACC00418,ENT00270
REC000557,RETAIL_CBS,SHOBHA AGARWAL,6642517794,,"530, Avenue, Nagpur, Maharashtra - 504547",ACC00418,ENT00270
REC000558,CORPORATE_BANKING,Shobha Agarwal,6642517794,,"530, Avenue, Nagpur, Maharashtra - 504547",ACC00418,ENT00270
REC000559,CORPORATE_BANKING,Amit Yadav & Sons,,GZWNM4115V,"77, Layout, Bengaluru, Karnataka - 514076",ACC00419,ENT00271
REC000560,CORPORATE_BANKING,Harish Bsoe,8137984549,ZGZNU7651P,"266, Colony, Hyderabad, Telangana - 601287",ACC00420,ENT00272
REC000561,CORPORATE_BANKING,D. Kaur,,,"197, Cross Street, Pune, Maharashtra - 365511",ACC00421,ENT00273
REC000562,RETAIL_CBS,Deepa Kaur & Sons,9002492945,ETKCJ6935X,"197, Cross Street, Pune, Maharashtra - 365511",ACC00421,ENT00273
REC000563,CORPORATE_BANKING,Malik Sunita,7980349268,HGUWK8760W,"442, Colony, Lucknow, Uttar Pradesh - 431848",ACC00422,ENT00274
REC000564,CORPORATE_BANKING,SUNITA MALIK,7980349268,HGUWK8760W,"442, Colony, Lucknow, Uttar Pradesh - 431848",ACC00422,ENT00274
REC000565,RETAIL_CBS,Sunita Maik,7980349268,HGUWK8760W,"442, Colony, Lucknow, Uttar Pradesh - 431848",ACC00422,ENT00274
REC000566,CORPORATE_BANKING,Pandey Simran,6828264592,,"601, Cross Street, Surat, Gujarat - 440469",ACC00423,ENT00275
REC000567,CORPORATE_BANKING,Simran Pandy,6828264592,KBJEJ8245J,"601, Cross Street, Surat, Gujarat - 440469",ACC00424,ENT00275
REC000568,CORPORATE_BANKING,R. Dubey,9405486401,JEOVG2658W,"641, Nagar, Madurai, Tamil Nadu - 308067",ACC00425,ENT00276
REC000569,RETAIL_CBS,Radha Duby,9405486401,JEOVG2658W,"641, Nagar, Madurai, Tamil Nadu - 308067",ACC00425,ENT00276
REC000570,CORPORATE_BANKING,Muthu Agarawl,,IHBDQ6543T,"743, Main Road, Jaipur, Rajasthan - 491928",ACC00426,ENT00277
REC000571,CORPORATE_BANKING,Muthu Agarwal,6465675309,IHBDQ6543T,"743, Main Road, Jaipur, Rajasthan - 491928",ACC00426,ENT00277
REC000572,CORPORATE_BANKING,MUTHU AGARWAL,6465675309,IHBDQ6543T,"743, Main Road, Jaipur, Rajasthan - 491928",ACC00426,ENT00277
REC000573,RETAIL_CBS,Geeta Bhatt,9953517101,JAQUP8652N,"554, Cross Street, Mumbai, Maharashtra - 267968",ACC00427,ENT00278
REC000574,CORPORATE_BANKING,Ansari Kalpana,7406299089,,,ACC00428,ENT00279
REC000575,RETAIL_CBS,K. Ansari,,,"214, Colony, Ahmedabad, Gujarat - 622162",ACC00428,ENT00279
REC000576,RETAIL_CBS,KALPANA ANSARI,7406299089,QKWIY8854W,"214, Colony, Ahmedabad, Gujarat - 622162",ACC00428,ENT00279
REC000577,CORPORATE_BANKING,Deepak Ghsh,,,"895, Nagar, Hyderabad, Telangana - 284299",ACC00429,ENT00280
REC000578,RETAIL_CBS,DEEPAK GHOSH,8564591834,,"895, Nagar, Hyderabad, Telangana - 284299",ACC00429,ENT00280
REC000579,RETAIL_CBS,Mukherjee Kiran,8629986292,WGCGP5402D,"196, Extension, Delhi, Delhi - 609247",ACC00430,ENT00281
REC000580,CORPORATE_BANKING,Kiran Mukerjee,8629986292,,"196, Extension, Delhi, Delhi - 609247",ACC00430,ENT00281
REC000581,RETAIL_CBS,KIRAN MUKHERJEE,8629986292,WGCGP5402D,"196, Extension, Delhi, Delhi - 609247",ACC00430,ENT00281
REC000582,RETAIL_CBS,Saxena Gaurav,,CJKOG1574P,"636, Cross Street, Kolkata, West Bengal - 600890",ACC00431,ENT00282
REC000583,CORPORATE_BANKING,Gaurav Saxena & Sons,7097771389,,,ACC00431,ENT00282
REC000584,RETAIL_CBS,Gaurav Saexna,7097771389,CJKOG1574P,"636, Cross Street, Kolkata, West Bengal - 600890",ACC00431,ENT00282
REC000585,RETAIL_CBS,Pillai & Sons Anita,9879326217,,"807, Main Road, Nagpur, Maharashtra - 173767",ACC00432,ENT00283
REC000586,RETAIL_CBS,ANITA PILLAI & SONS,9879326217,QMUZW1015I,"807, Main Road, Nagpur, Maharashtra - 173767",ACC00432,ENT00283
REC000587,CORPORATE_BANKING,Anita Pillai & Sons,9879326217,,"807, Main Road, Nagpur, Maharashtra - 173767",ACC00432,ENT00283
REC000588,CORPORATE_BANKING,Anjali Shekh,6297583151,CZZPC6805H,,ACC00433,ENT00284
REC000589,RETAIL_CBS,Anjali Sheihk,6297583151,CZZPC6805H,"976, Extension, Madurai, Tamil Nadu - 163859",ACC00433,ENT00284
REC000590,RETAIL_CBS,Yadav Suresh,6402174552,,"662, Cross Street, Mumbai, Maharashtra - 576071",ACC00434,ENT00285
REC000591,CORPORATE_BANKING,Suresh Yadva,,DSLCF5133T,"662, Cross Street, Mumbai, Maharashtra - 576071",ACC00434,ENT00285
REC000592,CORPORATE_BANKING,HARLEEN DESAI,6732699718,RMSFR8183N,"993, Cross Street, Kolkata, West Bengal - 196067",ACC00435,ENT00286
REC000593,CORPORATE_BANKING,Harleen Desai & Sons,,,"993, Cross Street, Kolkata, West Bengal - 196067",ACC00436,ENT00286
REC000594,CORPORATE_BANKING,Harleen Desai,6732699718,,,ACC00435,ENT00286
REC000595,CORPORATE_BANKING,Sabiha Iyengar,8942909862,SFWNS6866K,"104, Colony, Jaipur, Rajasthan - 407327",ACC00437,ENT00287
REC000596,CORPORATE_BANKING,S. Iyengar,,SFWNS6866K,"104, Colony, Jaipur, Rajasthan - 407327",ACC00438,ENT00287
REC000597,CORPORATE_BANKING,Iyengar Sabiha,,SFWNS6866K,"104, Colony, Jaipur, Rajasthan - 407327",ACC00439,ENT00287
REC000598,CORPORATE_BANKING,Padma Kumar & Sons,8655059028,VNBDR4763Y,"916, Main Road, Jaipur, Rajasthan - 182910",ACC00440,ENT00288
REC000599,CORPORATE_BANKING,Srinivas Verma & Sons,8081289391,EAPMK8179A,,ACC00442,ENT00289
REC000600,CORPORATE_BANKING,Srinivas Veram,8081289391,EAPMK8179A,"388, Main Road, Jaipur, Rajasthan - 443465",ACC00443,ENT00289
REC000601,CORPORATE_BANKING,Mahesh Iyengar,,,,ACC00444,ENT00290
REC000602,RETAIL_CBS,Gupta Sunil,,OBCKJ5485M,"97, Nagar, Kolkata, West Bengal - 369056",ACC00445,ENT00291
REC000603,RETAIL_CBS,Sunil Gupta,6326841328,OBCKJ5485M,"97, Nagar, Kolkata, West Bengal - 369056",ACC00446,ENT00291
REC000604,CORPORATE_BANKING,Sunil Gupa,6326841328,OBCKJ5485M,"97, Nagar, Kolkata, West Bengal - 369056",ACC00445,ENT00291
REC000605,CORPORATE_BANKING,Agarwal Sabiha,7339450203,FYJDL4030N,,ACC00447,ENT00292
REC000606,CORPORATE_BANKING,H. Sidhu,7856965949,,,ACC00449,ENT00293
REC000607,CORPORATE_BANKING,Harleen Sidhu & Sons,7856965949,CWVLO3932J,"416, Nagar, Nagpur, Maharashtra - 263213",ACC00450,ENT00293
REC000608,RETAIL_CBS,A. Mishra,7962609565,SKPFD3851H,"132, Nagar, Madurai, Tamil Nadu - 471728",ACC00451,ENT00294
REC000609,RETAIL_CBS,Mishra Ashok,7962609565,SKPFD3851H,"132, Nagar, Madurai, Tamil Nadu - 471728",ACC00451,ENT00294
REC000610,RETAIL_CBS,Ashok Mishar,,SKPFD3851H,,ACC00451,ENT00294
REC000611,RETAIL_CBS,Nithya Ahmed & Sons,6032388993,PYQQM1159C,"66, Cross Street, Jaipur, Rajasthan - 630813",ACC00452,ENT00295
REC000612,RETAIL_CBS,Pillai & Sons Ayesha,8745393809,,"133, Layout, Pune, Maharashtra - 245667",ACC00453,ENT00296
REC000613,RETAIL_CBS,AYESHA PILLAI & SONS,8745393809,KOFPT9718U,,ACC00453,ENT00296
REC000614,CORPORATE_BANKING,A. Pillai & Sons,8745393809,KOFPT9718U,"133, Layout, Pune, Maharashtra - 245667",ACC00453,ENT00296
REC000615,CORPORATE_BANKING,MANPREET NAIR,8483792799,IMBBP1710G,"835, Avenue, Madurai, Tamil Nadu - 103950",ACC00454,ENT00297
REC000616,CORPORATE_BANKING,VIJAY MALIK,,TAZFZ2318V,"590, Main Road, Bengaluru, Karnataka - 216897",ACC00456,ENT00298
REC000617,CORPORATE_BANKING,V. Malik,6657388037,TAZFZ2318V,"590, Main Road, Bengaluru, Karnataka - 216897",ACC00456,ENT00298
REC000618,CORPORATE_BANKING,V. Trivedi,6618524557,OEUZL3661S,,ACC00457,ENT00299
REC000619,RETAIL_CBS,Vinod Trivedi & Sons,,OEUZL3661S,"340, Main Road, Kolkata, West Bengal - 486048",ACC00457,ENT00299
REC000620,CORPORATE_BANKING,Dinesh Thoams,8728894468,CTYAV7951M,"731, Colony, Coimbatore, Tamil Nadu - 446641",ACC00458,ENT00300
REC000621,RETAIL_CBS,Anita Dihllon,9639039192,YIFCY4825T,"257, Cross Street, Chandigarh, Punjab - 546613",ACC00459,ENT00301
REC000622,RETAIL_CBS,Rajesh Chauhan & Sons,8252589450,,"142, Cross Street, Ahmedabad, Gujarat - 528433",ACC00460,ENT00302
REC000623,RETAIL_CBS,Iyer Sandeep,6442117905,DGDMG9698N,"244, Cross Street, Thiruvananthapuram, Kerala - 386050",ACC00461,ENT00303
REC000624,RETAIL_CBS,Sandeep Ieyr,6442117905,DGDMG9698N,,ACC00461,ENT00303
REC000625,RETAIL_CBS,Arjun Sidhu & Sons,8270291434,,"962, Main Road, Hyderabad, Telangana - 203967",ACC00462,ENT00304
REC000626,RETAIL_CBS,ZEENAT GHOSH,8399053411,NZBGG8794K,"837, Main Road, Thiruvananthapuram, Kerala - 391695",ACC00463,ENT00305
REC000627,RETAIL_CBS,Zeenat Ghohs,8399053411,NZBGG8794K,"837, Main Road, Thiruvananthapuram, Kerala - 391695",ACC00463,ENT00305
REC000628,RETAIL_CBS,N. Qureshi,8188766534,PRMQT6874Y,"303, Extension, Madurai, Tamil Nadu - 691403",ACC00464,ENT00306
REC000629,RETAIL_CBS,Nithya Qureshi & Sons,8188766534,,,ACC00464,ENT00306
REC000630,RETAIL_CBS,NITHYA QURESHI,,PRMQT6874Y,"303, Extension, Madurai, Tamil Nadu - 691403",ACC00464,ENT00306
REC000631,RETAIL_CBS,Mehta Karthik,8222319004,IUUFR0961H,"952, Avenue, Mumbai, Maharashtra - 622575",ACC00465,ENT00307
REC000632,CORPORATE_BANKING,Karthik Mehta,8222319004,IUUFR0961H,"952, Avenue, Mumbai, Maharashtra - 622575",ACC00465,ENT00307
REC000633,CORPORATE_BANKING,Karthik Mehta & Sons,8222319004,IUUFR0961H,"952, Avenue, Mumbai, Maharashtra - 622575",ACC00465,ENT00307
REC000634,RETAIL_CBS,IMRAN GILL,,DJSVI4718I,,ACC00466,ENT00308
REC000635,RETAIL_CBS,Imran Gill,7299363014,,"771, Cross Street, Nagpur, Maharashtra - 345218",ACC00466,ENT00308
REC000636,CORPORATE_BANKING,Ritu Jsohi,6221522741,HGYUS0229C,"387, Extension, Nagpur, Maharashtra - 598537",ACC00467,ENT00309
REC000637,RETAIL_CBS,R. Joshi,6221522741,HGYUS0229C,"387, Extension, Nagpur, Maharashtra - 598537",ACC00467,ENT00309
REC000638,RETAIL_CBS,Ritu Joshi & Sons,,HGYUS0229C,"387, Extension, Nagpur, Maharashtra - 598537",ACC00467,ENT00309
REC000639,CORPORATE_BANKING,S. Brar,8714374294,,"446, Layout, Mumbai, Maharashtra - 286504",ACC00468,ENT00310
REC000640,RETAIL_CBS,Naveen Sharma & Sons,8199398277,MLIWK2269S,"295, Avenue, Mysuru, Karnataka - 109265",ACC00470,ENT00311
REC000641,CORPORATE_BANKING,NAVEEN SHARMA,8199398277,MLIWK2269S,"295, Avenue, Mysuru, Karnataka - 109265",ACC00471,ENT00311
REC000642,CORPORATE_BANKING,VINOD AHMED,6002668328,OZABK7682P,,ACC00473,ENT00312
REC000643,RETAIL_CBS,Vinod Ahmed,6002668328,OZABK7682P,,ACC00473,ENT00312
REC000644,RETAIL_CBS,Ahmed Vinod,6002668328,OZABK7682P,,ACC00473,ENT00312
REC000645,RETAIL_CBS,Thomas Anna,9719857117,NEYZP7831O,"85, Main Road, Jaipur, Rajasthan - 359443",ACC00474,ENT00313
REC000646,RETAIL_CBS,Anna Thomas,9719857117,NEYZP7831O,,ACC00475,ENT00313
REC000647,RETAIL_CBS,V. Bose,7777728271,KUXWW8262V,"220, Layout, Lucknow, Uttar Pradesh - 349306",ACC00476,ENT00314
REC000648,RETAIL_CBS,Vijay Bose,7777728271,KUXWW8262V,,ACC00476,ENT00314
REC000649,CORPORATE_BANKING,Vijay Bsoe,,,,ACC00476,ENT00314
REC000650,RETAIL_CBS,Sengupta Vasantha,,QCCCM4733D,"645, Main Road, Bengaluru, Karnataka - 328493",ACC00477,ENT00315
REC000651,CORPORATE_BANKING,Vasantha Senugpta,6808825435,QCCCM4733D,"645, Main Road, Bengaluru, Karnataka - 328493",ACC00477,ENT00315
REC000652,RETAIL_CBS,Vasantha Sengupta,6808825435,QCCCM4733D,,ACC00477,ENT00315
REC000653,CORPORATE_BANKING,SHOBHA SIDHU,,XDYPD6806V,,ACC00478,ENT00316
REC000654,RETAIL_CBS,Shobha Sidhu,8238389785,,,ACC00479,ENT00316
REC000655,RETAIL_CBS,Nitin Qureshi & Sons,7329157363,QTGDU9280G,"160, Extension, Bengaluru, Karnataka - 255599",ACC00480,ENT00317
REC000656,CORPORATE_BANKING,Sarita Chauahn,9610204880,,"772, Main Road, Mumbai, Maharashtra - 110518",ACC00481,ENT00318
REC000657,RETAIL_CBS,S. Chauhan,,,"772, Main Road, Mumbai, Maharashtra - 110518",ACC00481,ENT00318
REC000658,CORPORATE_BANKING,Sarita Chauhan & Sons,9610204880,,"772, Main Road, Mumbai, Maharashtra - 110518",ACC00481,ENT00318
REC000659,CORPORATE_BANKING,I. Iyengar,7814795273,FPNTJ1940Q,"911, Avenue, Kolkata, West Bengal - 300998",ACC00482,ENT00319
REC000660,CORPORATE_BANKING,Irfan Iyengr,7814795273,FPNTJ1940Q,"911, Avenue, Kolkata, West Bengal - 300998",ACC00483,ENT00319
REC000661,RETAIL_CBS,F. Brar,9462335901,SQTMC4108J,"272, Avenue, Kochi, Kerala - 357344",ACC00484,ENT00320
REC000662,CORPORATE_BANKING,Faisal Brar,,SQTMC4108J,"272, Avenue, Kochi, Kerala - 357344",ACC00484,ENT00320
REC000663,RETAIL_CBS,Sangeeta Brar & Sons,6630377935,QCBHY7471R,"757, Extension, Thiruvananthapuram, Kerala - 464629",ACC00485,ENT00321
REC000664,RETAIL_CBS,Brar Sangeeta,,QCBHY7471R,,ACC00485,ENT00321
REC000665,RETAIL_CBS,Sangeeta Brar,6630377935,QCBHY7471R,"757, Extension, Thiruvananthapuram, Kerala - 464629",ACC00485,ENT00321
REC000666,CORPORATE_BANKING,Rekha Khan & Sons,7445837111,QNDLO8076B,"881, Cross Street, Coimbatore, Tamil Nadu - 590814",ACC00486,ENT00322
REC000667,RETAIL_CBS,R. Khan,7445837111,,,ACC00486,ENT00322
REC000668,RETAIL_CBS,Rao Sangeeta,6782692407,,"858, Cross Street, Nagpur, Maharashtra - 358974",ACC00487,ENT00323
REC000669,CORPORATE_BANKING,Sangeeta Rao,6782692407,LLGFM2574M,"858, Cross Street, Nagpur, Maharashtra - 358974",ACC00487,ENT00323
REC000670,CORPORATE_BANKING,Sabiha Naiu,8816615668,KBHVV9694S,"86, Avenue, Jaipur, Rajasthan - 432019",ACC00488,ENT00324
REC000671,CORPORATE_BANKING,Sabiha Naidu,,KBHVV9694S,"86, Avenue, Jaipur, Rajasthan - 432019",ACC00488,ENT00324
REC000672,RETAIL_CBS,Tiwari Susan,9200499242,BWKDN4447E,"969, Extension, Lucknow, Uttar Pradesh - 685437",ACC00489,ENT00325
REC000673,CORPORATE_BANKING,Kiran Brar & Sons,6110812384,HCKQA6206F,"185, Nagar, Surat, Gujarat - 543591",ACC00490,ENT00326
REC000674,RETAIL_CBS,Sanjay Sarma,7947533944,VGVLA4822Q,,ACC00491,ENT00327
REC000675,CORPORATE_BANKING,SANJAY SHARMA,7947533944,VGVLA4822Q,"515, Layout, Lucknow, Uttar Pradesh - 178057",ACC00491,ENT00327
REC000676,CORPORATE_BANKING,Sanjay Shamra,,VGVLA4822Q,,ACC00491,ENT00327
REC000677,RETAIL_CBS,S. Agarwal,8491895119,ZDYLE6041V,"955, Avenue, Lucknow, Uttar Pradesh - 447478",ACC00492,ENT00328
REC000678,CORPORATE_BANKING,Sandeep Agarwal,8491895119,ZDYLE6041V,"955, Avenue, Lucknow, Uttar Pradesh - 447478",ACC00492,ENT00328
REC000679,CORPORATE_BANKING,Sandeep Agawral,8491895119,,"955, Avenue, Lucknow, Uttar Pradesh - 447478",ACC00492,ENT00328
REC000680,CORPORATE_BANKING,Dinesh Qureshi,8608120314,IIJNQ6166P,"817, Main Road, Kolkata, West Bengal - 219453",ACC00493,ENT00329
REC000681,RETAIL_CBS,Dinesh Quresi,8608120314,IIJNQ6166P,"817, Main Road, Kolkata, West Bengal - 219453",ACC00493,ENT00329
REC000682,CORPORATE_BANKING,Qureshi Dinesh,8608120314,IIJNQ6166P,"817, Main Road, Kolkata, West Bengal - 219453",ACC00493,ENT00329
REC000683,RETAIL_CBS,BALAJI SENGUPTA,7997389807,,"824, Colony, Chennai, Tamil Nadu - 252116",ACC00494,ENT00330
REC000684,RETAIL_CBS,Vasantha Vrema,7517020642,UXFBA8546C,"33, Avenue, Mumbai, Maharashtra - 482272",ACC00496,ENT00331
REC000685,RETAIL_CBS,Vasantha Verma,7517020642,UXFBA8546C,"33, Avenue, Mumbai, Maharashtra - 482272",ACC00497,ENT00331
REC000686,CORPORATE_BANKING,Verma Vasantha,7517020642,UXFBA8546C,"33, Avenue, Mumbai, Maharashtra - 482272",ACC00498,ENT00331
REC000687,RETAIL_CBS,Dinesh Mukehrjee,7172371227,,,ACC00499,ENT00332
REC000688,RETAIL_CBS,Ritu Seikh,6635796616,DOCRG6216S,"486, Cross Street, Mysuru, Karnataka - 577782",ACC00502,ENT00333
REC000689,RETAIL_CBS,Ritu Sheikh & Sons,,DOCRG6216S,"486, Cross Street, Mysuru, Karnataka - 577782",ACC00503,ENT00333
REC000690,CORPORATE_BANKING,Sheikh Ritu,6635796616,DOCRG6216S,"486, Cross Street, Mysuru, Karnataka - 577782",ACC00502,ENT00333
REC000691,CORPORATE_BANKING,USHA DHILLON,8350590115,BKVRX9202U,"388, Layout, Pune, Maharashtra - 694736",ACC00504,ENT00334
REC000692,RETAIL_CBS,Usha Dhlilon,8350590115,BKVRX9202U,,ACC00504,ENT00334
REC000693,RETAIL_CBS,Usha Dhillon,8350590115,BKVRX9202U,"388, Layout, Pune, Maharashtra - 694736",ACC00504,ENT00334
REC000694,RETAIL_CBS,Preethi Malik,7664628052,MIQQN1741K,"312, Colony, Kochi, Kerala - 610320",ACC00505,ENT00335
REC000695,CORPORATE_BANKING,Kapoor Vijay,8254776820,,,ACC00507,ENT00336
REC000696,RETAIL_CBS,V. Kapoor,8254776820,ZXBMH3582L,"572, Nagar, Mumbai, Maharashtra - 325947",ACC00507,ENT00336
REC000697,CORPORATE_BANKING,Vijay Kapoor,8254776820,ZXBMH3582L,,ACC00507,ENT00336
REC000698,RETAIL_CBS,ZUBAIR SANDHU,6735548777,,,ACC00508,ENT00337
REC000699,CORPORATE_BANKING,Z. Sandhu,,,"530, Cross Street, Delhi, Delhi - 413801",ACC00508,ENT00337
REC000700,CORPORATE_BANKING,Zubair Sanhdu,6735548777,GUGOQ1216R,"530, Cross Street, Delhi, Delhi - 413801",ACC00508,ENT00337
REC000701,RETAIL_CBS,Harpreet Pilli & Sons,7078046232,OVEEA0515F,"623, Layout, Kolkata, West Bengal - 490574",ACC00509,ENT00338
REC000702,CORPORATE_BANKING,Harpreet Pillai  &Sons,7078046232,,,ACC00510,ENT00338
REC000703,CORPORATE_BANKING,Kalpana Thomas & Sons,6053916742,INLVA9519F,"761, Nagar, Mumbai, Maharashtra - 191250",ACC00511,ENT00339
REC000704,CORPORATE_BANKING,KALPANA THOMAS,6053916742,INLVA9519F,"761, Nagar, Mumbai, Maharashtra - 191250",ACC00511,ENT00339
REC000705,CORPORATE_BANKING,HARPREET VARGHESE,6252301723,XUPHA8273S,"21, Cross Street, Chennai, Tamil Nadu - 119620",ACC00512,ENT00340
REC000706,CORPORATE_BANKING,Harpreet Varhese,6252301723,XUPHA8273S,"21, Cross Street, Chennai, Tamil Nadu - 119620",ACC00512,ENT00340
REC000707,CORPORATE_BANKING,Joseph Veram,,EMMGA3990F,"895, Nagar, Hyderabad, Telangana - 611909",ACC00513,ENT00341
REC000708,RETAIL_CBS,Meena Shha,,MRCWW6051V,"655, Extension, Lucknow, Uttar Pradesh - 338752",ACC00514,ENT00342
REC000709,RETAIL_CBS,M. Shah,6029984596,MRCWW6051V,"655, Extension, Lucknow, Uttar Pradesh - 338752",ACC00514,ENT00342
REC000710,CORPORATE_BANKING,MEENA SHAH,,MRCWW6051V,"655, Extension, Lucknow, Uttar Pradesh - 338752",ACC00514,ENT00342
REC000711,RETAIL_CBS,Vinod Kmuar,8211077018,BGLTX8992Y,"59, Layout, Bengaluru, Karnataka - 477864",ACC00515,ENT00343
REC000712,RETAIL_CBS,V. Kumar,8211077018,BGLTX8992Y,,ACC00515,ENT00343
REC000713,RETAIL_CBS,Kumar Vinod,8211077018,BGLTX8992Y,"59, Layout, Bengaluru, Karnataka - 477864",ACC00515,ENT00343
REC000714,RETAIL_CBS,S. Das,,XDWZG5591M,,ACC00516,ENT00344
REC000715,CORPORATE_BANKING,S. Das,7878987932,YPXPB1632K,,ACC00517,ENT00345
REC000716,CORPORATE_BANKING,Das Sarita,7878987932,,"432, Nagar, Coimbatore, Tamil Nadu - 443066",ACC00517,ENT00345
REC000717,RETAIL_CBS,Sarita Dhlilon,8282179010,,"706, Colony, Ahmedabad, Gujarat - 388630",ACC00518,ENT00346
REC000718,RETAIL_CBS,SARITA DHILLON,8282179010,BURUG9984O,"706, Colony, Ahmedabad, Gujarat - 388630",ACC00518,ENT00346
REC000719,RETAIL_CBS,Sarita Dhillon,8282179010,BURUG9984O,"706, Colony, Ahmedabad, Gujarat - 388630",ACC00518,ENT00346
REC000720,RETAIL_CBS,Deepak Thomas,,XIQRS2490R,"310, Layout, Hyderabad, Telangana - 119179",ACC00519,ENT00347
REC000721,RETAIL_CBS,Deepak Thmoas,9506294232,XIQRS2490R,"310, Layout, Hyderabad, Telangana - 119179",ACC00519,ENT00347
REC000722,CORPORATE_BANKING,Thomas Deepak,,XIQRS2490R,"310, Layout, Hyderabad, Telangana - 119179",ACC00519,ENT00347
REC000723,RETAIL_CBS,H. Ahmed,,KSCFQ0839W,"364, Colony, Jaipur, Rajasthan - 496630",ACC00520,ENT00348
REC000724,CORPORATE_BANKING,Ahmed Harish,8375559301,,"364, Colony, Jaipur, Rajasthan - 496630",ACC00520,ENT00348
REC000725,CORPORATE_BANKING,Kavita Khan & Sons,6695933787,MHBBA5362R,"325, Layout, Chandigarh, Punjab - 344110",ACC00521,ENT00349
REC000726,CORPORATE_BANKING,K. Khan,6695933787,MHBBA5362R,"325, Layout, Chandigarh, Punjab - 344110",ACC00522,ENT00349
REC000727,RETAIL_CBS,Vasantha Iyer,9647787024,RUSGP3384S,,ACC00523,ENT00350
REC000728,RETAIL_CBS,VASANTHA IYER,9647787024,RUSGP3384S,,ACC00524,ENT00350
REC000729,RETAIL_CBS,Ramesh Malotra,7546584245,YYEET7259N,"691, Extension, Surat, Gujarat - 216956",ACC00525,ENT00351
REC000730,CORPORATE_BANKING,RAMESH MALHOTRA,,YYEET7259N,,ACC00526,ENT00351
REC000731,CORPORATE_BANKING,Ramesh Malhorta,7546584245,YYEET7259N,"691, Extension, Surat, Gujarat - 216956",ACC00525,ENT00351
REC000732,CORPORATE_BANKING,Tiwari Sanjay,,,"520, Avenue, Mysuru, Karnataka - 495025",ACC00527,ENT00352
REC000733,CORPORATE_BANKING,Agarwal Joseph,,HXHXS1015Z,"708, Layout, Mumbai, Maharashtra - 356248",ACC00528,ENT00353
REC000734,RETAIL_CBS,Joseph Agawral,9851137831,HXHXS1015Z,"708, Layout, Mumbai, Maharashtra - 356248",ACC00529,ENT00353
REC000735,CORPORATE_BANKING,Srinivas Pillai & Sons,7893153647,,,ACC00531,ENT00354
REC000736,CORPORATE_BANKING,SRINIVAS PILLAI,,JGIMS9437C,"246, Main Road, Thiruvananthapuram, Kerala - 539199",ACC00532,ENT00354
REC000737,RETAIL_CBS,Srinivas Pillai,7893153647,JGIMS9437C,"246, Main Road, Thiruvananthapuram, Kerala - 539199",ACC00531,ENT00354
REC000738,RETAIL_CBS,S. Mehta,,,"130, Avenue, Patna, Bihar - 277973",ACC00533,ENT00355
REC000739,RETAIL_CBS,Sarita Mehat,6403092963,,,ACC00533,ENT00355
REC000740,CORPORATE_BANKING,Sarita Mehta & Sons,6403092963,YAIBY3767J,"130, Avenue, Patna, Bihar - 277973",ACC00533,ENT00355
REC000741,RETAIL_CBS,J. Chatterjee,9524125535,RWEGD4494S,,ACC00534,ENT00356
REC000742,CORPORATE_BANKING,Jaspreet Chatterjee & Sons,9524125535,RWEGD4494S,"280, Cross Street, Chandigarh, Punjab - 141616",ACC00534,ENT00356
REC000743,CORPORATE_BANKING,Anil Kahn,9414957932,GTBBY7181H,"183, Layout, Chandigarh, Punjab - 639607",ACC00535,ENT00357
REC000744,RETAIL_CBS,Khan Anil,9414957932,GTBBY7181H,"183, Layout, Chandigarh, Punjab - 639607",ACC00535,ENT00357
REC000745,RETAIL_CBS,A. Khan,9414957932,GTBBY7181H,"183, Layout, Chandigarh, Punjab - 639607",ACC00535,ENT00357
REC000746,RETAIL_CBS,Deepa Sahrma,8753055616,,"917, Nagar, Jaipur, Rajasthan - 527278",ACC00536,ENT00358
REC000747,RETAIL_CBS,Deepa Sharma,,CGIVM6231T,"917, Nagar, Jaipur, Rajasthan - 527278",ACC00536,ENT00358
REC000748,RETAIL_CBS,D. Sharma,8753055616,,"917, Nagar, Jaipur, Rajasthan - 527278",ACC00536,ENT00358
REC000749,CORPORATE_BANKING,Das Vijay,8566975260,HYYKA2744E,"757, Avenue, Delhi, Delhi - 326211",ACC00537,ENT00359
REC000750,RETAIL_CBS,V. Das,8566975260,HYYKA2744E,"757, Avenue, Delhi, Delhi - 326211",ACC00537,ENT00359
REC000751,RETAIL_CBS,Nisha Brar,6688187817,QICVZ6858T,,ACC00538,ENT00360
REC000752,CORPORATE_BANKING,Brar Nisha,6688187817,QICVZ6858T,,ACC00538,ENT00360
REC000753,CORPORATE_BANKING,Sandhu Padma,,ULJNG0927O,,ACC00539,ENT00361
REC000754,RETAIL_CBS,Divya Sxena,9590236719,DWVWU6686D,,ACC00540,ENT00362
REC000755,RETAIL_CBS,D. Saxena,9590236719,DWVWU6686D,,ACC00540,ENT00362
REC000756,CORPORATE_BANKING,Divya Saxena,9590236719,DWVWU6686D,"710, Avenue, Ahmedabad, Gujarat - 265917",ACC00540,ENT00362
REC000757,RETAIL_CBS,Amandeep Khan,8633713924,MIAUV9846G,"781, Colony, Bengaluru, Karnataka - 486454",ACC00541,ENT00363
REC000758,CORPORATE_BANKING,Gopal Ansari & Sons,,,,ACC00542,ENT00364
REC000759,CORPORATE_BANKING,G. Ansari,8587408524,PWYVG8690G,"588, Nagar, Nagpur, Maharashtra - 685549",ACC00543,ENT00364
REC000760,RETAIL_CBS,Shobha Kmuar,,FHDOM4156I,"638, Avenue, Mumbai, Maharashtra - 357035",ACC00544,ENT00365
REC000761,RETAIL_CBS,SHOBHA KUMAR,8744472870,,"638, Avenue, Mumbai, Maharashtra - 357035",ACC00544,ENT00365
REC000762,CORPORATE_BANKING,Shobha Kumar,8744472870,,,ACC00544,ENT00365
REC000763,RETAIL_CBS,Anjali Iyer,6147122988,,"307, Cross Street, Chandigarh, Punjab - 591951",ACC00545,ENT00366
REC000764,RETAIL_CBS,Prakash Shah,9482654827,,"949, Colony, Jaipur, Rajasthan - 264796",ACC00546,ENT00367
REC000765,RETAIL_CBS,Shah Prakash,9482654827,AJNQM2583D,"949, Colony, Jaipur, Rajasthan - 264796",ACC00546,ENT00367
REC000766,RETAIL_CBS,SABIHA VARGHESE,9745553548,BDTRN1302N,"400, Layout, Lucknow, Uttar Pradesh - 590595",ACC00547,ENT00368
REC000767,CORPORATE_BANKING,Varghese Sabiha,9745553548,BDTRN1302N,,ACC00548,ENT00368
REC000768,CORPORATE_BANKING,Nitin Malik,8929350995,,"742, Main Road, Madurai, Tamil Nadu - 256455",ACC00549,ENT00369
REC000769,CORPORATE_BANKING,Nitin Malik & Sons,8929350995,,,ACC00549,ENT00369
REC000770,RETAIL_CBS,Malik Nitin,,FFSGE0194F,"742, Main Road, Madurai, Tamil Nadu - 256455",ACC00549,ENT00369
REC000771,RETAIL_CBS,M. Saxena,8258636351,,,ACC00550,ENT00370
REC000772,CORPORATE_BANKING,Manisha Saxena & Sons,,QNQRI1899U,,ACC00550,ENT00370
REC000773,RETAIL_CBS,Sabiha Dhilln,9047356618,MBDJD1378F,,ACC00551,ENT00371
REC000774,CORPORATE_BANKING,Dhillon Sabiha,,MBDJD1378F,"830, Avenue, Mumbai, Maharashtra - 591145",ACC00551,ENT00371
REC000775,RETAIL_CBS,SABIHA DHILLON,,MBDJD1378F,"830, Avenue, Mumbai, Maharashtra - 591145",ACC00551,ENT00371
REC000776,RETAIL_CBS,PRAKASH KAPOOR,9964311259,UQHOX1813K,,ACC00552,ENT00372
REC000777,CORPORATE_BANKING,Nithya Chattereje,8337329338,HBJNA2350U,,ACC00555,ENT00373
REC000778,CORPORATE_BANKING,Zubair Tiwair,6527340875,SCUPJ2648J,"494, Layout, Coimbatore, Tamil Nadu - 299167",ACC00556,ENT00374
REC000779,CORPORATE_BANKING,Zubair Tiwari,,SCUPJ2648J,"494, Layout, Coimbatore, Tamil Nadu - 299167",ACC00556,ENT00374
REC000780,RETAIL_CBS,ZUBAIR TIWARI,6527340875,SCUPJ2648J,,ACC00556,ENT00374
REC000781,RETAIL_CBS,Usha Ghosh & Sons,6650657470,EPBUE3173H,"956, Main Road, Ahmedabad, Gujarat - 330424",ACC00557,ENT00375
REC000782,RETAIL_CBS,Sheikh Anjali,7347432419,ZGGOE6869F,,ACC00558,ENT00376
REC000783,RETAIL_CBS,A. Sheikh,,ZGGOE6869F,"821, Nagar, Jaipur, Rajasthan - 527320",ACC00558,ENT00376
REC000784,CORPORATE_BANKING,Rohit Dhillon & Sons,9375551341,ZTPBD8874A,"240, Extension, Coimbatore, Tamil Nadu - 542063",ACC00559,ENT00377
REC000785,RETAIL_CBS,Mishra Vasantha,7303890220,,"492, Colony, Ahmedabad, Gujarat - 405560",ACC00560,ENT00378
REC000786,CORPORATE_BANKING,VASANTHA MISHRA,7303890220,OLIJP0798T,,ACC00560,ENT00378
REC000787,CORPORATE_BANKING,VINOD MALHOTRA,8265375471,,"838, Layout, Delhi, Delhi - 335334",ACC00561,ENT00379
REC000788,RETAIL_CBS,Suresh Bhatt & Sons,,PJAJQ9006H,"658, Layout, Bhopal, Madhya Pradesh - 162659",ACC00562,ENT00380
REC000789,CORPORATE_BANKING,SURESH BHATT,9637743214,PJAJQ9006H,,ACC00563,ENT00380
REC000790,RETAIL_CBS,Suresh Bhatt,,PJAJQ9006H,"658, Layout, Bhopal, Madhya Pradesh - 162659",ACC00562,ENT00380
REC000791,RETAIL_CBS,D. Nair,,VUILY0662K,"792, Cross Street, Kochi, Kerala - 422836",ACC00564,ENT00381
REC000792,CORPORATE_BANKING,Ravi Sheih,8676682119,URBQU3434Y,,ACC00565,ENT00382
REC000793,CORPORATE_BANKING,RAVI SHEIKH,8676682119,URBQU3434Y,,ACC00565,ENT00382
REC000794,CORPORATE_BANKING,Ravi Sehikh,8676682119,URBQU3434Y,"905, Layout, Nagpur, Maharashtra - 184201",ACC00565,ENT00382
REC000795,CORPORATE_BANKING,S. Brar,7803150693,JANWG2062R,"119, Extension, Delhi, Delhi - 664133",ACC00566,ENT00383
REC000796,RETAIL_CBS,KARTHIK PILLAI & SONS,6131673441,RSSGR0477D,"681, Layout, Jaipur, Rajasthan - 279171",ACC00568,ENT00384
REC000797,CORPORATE_BANKING,Karthik Pillai & Sons & Sons,6131673441,RSSGR0477D,"681, Layout, Jaipur, Rajasthan - 279171",ACC00569,ENT00384
REC000798,RETAIL_CBS,Rekha Gill,7375523443,QJMKI5056F,"139, Layout, Bengaluru, Karnataka - 550616",ACC00570,ENT00385
REC000799,RETAIL_CBS,Rekha Glil,7375523443,QJMKI5056F,"139, Layout, Bengaluru, Karnataka - 550616",ACC00570,ENT00385
REC000800,RETAIL_CBS,R. Gill,7375523443,,"139, Layout, Bengaluru, Karnataka - 550616",ACC00570,ENT00385
REC000801,RETAIL_CBS,ZEENAT DESAI,7459915452,NSGFG4019R,"516, Main Road, Chennai, Tamil Nadu - 657896",ACC00571,ENT00386
REC000802,RETAIL_CBS,Zeenat Dsai,,NSGFG4019R,"516, Main Road, Chennai, Tamil Nadu - 657896",ACC00572,ENT00386
REC000803,RETAIL_CBS,Zeenat Desai,7459915452,NSGFG4019R,"516, Main Road, Chennai, Tamil Nadu - 657896",ACC00573,ENT00386
REC000804,CORPORATE_BANKING,Sabiha Iyer & Sons,,,"326, Layout, Hyderabad, Telangana - 247583",ACC00574,ENT00387
REC000805,CORPORATE_BANKING,Iyer Sabiha,8685525485,,,ACC00575,ENT00387
REC000806,CORPORATE_BANKING,RAMESH BRAR,7751339356,VDAXR5428L,"701, Nagar, Pune, Maharashtra - 585877",ACC00576,ENT00388
REC000807,RETAIL_CBS,Brar Ramesh,7751339356,VDAXR5428L,"701, Nagar, Pune, Maharashtra - 585877",ACC00577,ENT00388
REC000808,CORPORATE_BANKING,R. Brar,7751339356,,"701, Nagar, Pune, Maharashtra - 585877",ACC00576,ENT00388
REC000809,CORPORATE_BANKING,Bansal Imran,7015160352,UHPVR2715Z,,ACC00578,ENT00389
REC000810,RETAIL_CBS,ASHOK VARGHESE,8235071792,,,ACC00579,ENT00390
REC000811,CORPORATE_BANKING,ANNA PANDEY,6117402748,HMCSM9887D,"943, Colony, Chennai, Tamil Nadu - 155528",ACC00580,ENT00391
REC000812,CORPORATE_BANKING,Anna Pandey & Sons,,HMCSM9887D,,ACC00580,ENT00391
REC000813,RETAIL_CBS,Anna Pandey,6117402748,,"943, Colony, Chennai, Tamil Nadu - 155528",ACC00580,ENT00391
REC000814,RETAIL_CBS,L. Iyer,,PWMUN6087D,"354, Layout, Pune, Maharashtra - 167089",ACC00581,ENT00392
REC000815,CORPORATE_BANKING,Ahmed Arun,6590996845,FINOG8987T,,ACC00582,ENT00393
REC000816,RETAIL_CBS,G. Ghosh,6282681062,QNCWQ4221G,"936, Nagar, Mysuru, Karnataka - 310438",ACC00583,ENT00394
REC000817,CORPORATE_BANKING,Sangeeta Bhtt,6301447867,,"961, Colony, Chennai, Tamil Nadu - 438603",ACC00585,ENT00395
REC000818,CORPORATE_BANKING,S. Bhatt,6301447867,UCXTL3311Q,"961, Colony, Chennai, Tamil Nadu - 438603",ACC00586,ENT00395
REC000819,RETAIL_CBS,Sangeeta Bhatt,6301447867,UCXTL3311Q,"961, Colony, Chennai, Tamil Nadu - 438603",ACC00585,ENT00395
REC000820,CORPORATE_BANKING,Nithya Nair & Sons,9264573303,SHIXQ9950A,"796, Nagar, Mumbai, Maharashtra - 497533",ACC00587,ENT00396
REC000821,CORPORATE_BANKING,Nair Nithya,9264573303,SHIXQ9950A,"796, Nagar, Mumbai, Maharashtra - 497533",ACC00588,ENT00396
REC000822,CORPORATE_BANKING,Rohit Iyengar & Sons,9277477189,,,ACC00589,ENT00397
REC000823,CORPORATE_BANKING,Sarita Qureshi,,LTVTV4435R,"75, Main Road, Kochi, Kerala - 622449",ACC00590,ENT00398
REC000824,RETAIL_CBS,Sarita Qureshi & Sons,,LTVTV4435R,"75, Main Road, Kochi, Kerala - 622449",ACC00590,ENT00398
REC000825,RETAIL_CBS,A. Brar,6148356230,NOYCF8992V,"128, Extension, Nagpur, Maharashtra - 170016",ACC00591,ENT00399
REC000826,CORPORATE_BANKING,Anita Brar & Sons,6148356230,,"128, Extension, Nagpur, Maharashtra - 170016",ACC00591,ENT00399
REC000827,RETAIL_CBS,Bansal Geeta,6128349289,,"383, Main Road, Surat, Gujarat - 355312",ACC00592,ENT00400
REC000828,RETAIL_CBS,Iyer Mahesh,7732729414,HAKOJ3565E,"362, Avenue, Jaipur, Rajasthan - 490233",ACC00593,ENT00401
REC000829,CORPORATE_BANKING,MAHESH IYER,7732729414,HAKOJ3565E,"362, Avenue, Jaipur, Rajasthan - 490233",ACC00593,ENT00401
REC000830,RETAIL_CBS,Mahesh Iyer,7732729414,HAKOJ3565E,"362, Avenue, Jaipur, Rajasthan - 490233",ACC00593,ENT00401
REC000831,RETAIL_CBS,Rajwinder Bansl,6561912336,ZTJQG7774B,"60, Main Road, Delhi, Delhi - 642202",ACC00594,ENT00402
REC000832,CORPORATE_BANKING,Bansal Rajwinder,6561912336,ZTJQG7774B,"60, Main Road, Delhi, Delhi - 642202",ACC00594,ENT00402
REC000833,CORPORATE_BANKING,Thomas Gohsh,,JSNTI1779O,,ACC00595,ENT00403
REC000834,CORPORATE_BANKING,Ghosh Thomas,6845236658,JSNTI1779O,"432, Nagar, Lucknow, Uttar Pradesh - 203835",ACC00595,ENT00403
REC000835,RETAIL_CBS,Swati Singh & Sons,6554254464,JTAWG2228Z,"84, Nagar, Thiruvananthapuram, Kerala - 489473",ACC00596,ENT00404
REC000836,CORPORATE_BANKING,VENKATESH RAO,6469399757,,"155, Avenue, Patna, Bihar - 531650",ACC00597,ENT00405
REC000837,RETAIL_CBS,Venkatesh Rao & Sons,,,"155, Avenue, Patna, Bihar - 531650",ACC00597,ENT00405
REC000838,CORPORATE_BANKING,ANIL IYER,,QQPDG2201F,"909, Nagar, Chennai, Tamil Nadu - 699795",ACC00598,ENT00406
REC000839,CORPORATE_BANKING,PRAKASH SHEIKH,9072203805,HMWQM2833I,"106, Main Road, Mysuru, Karnataka - 316015",ACC00601,ENT00407
REC000840,RETAIL_CBS,Prakash Sheihk,9072203805,HMWQM2833I,,ACC00601,ENT00407
REC000841,RETAIL_CBS,Gupta Ramesh,8446641782,VLIFN7801G,"827, Main Road, Jaipur, Rajasthan - 388337",ACC00602,ENT00408
REC000842,RETAIL_CBS,MARY TIWARI,,,"52, Layout, Ahmedabad, Gujarat - 465738",ACC00604,ENT00409
REC000843,RETAIL_CBS,Mary Tiwai,,,,ACC00604,ENT00409
REC000844,RETAIL_CBS,Sanjay Menon & Sons,6463853820,YTXPF7205F,"330, Nagar, Madurai, Tamil Nadu - 118982",ACC00605,ENT00410
REC000845,CORPORATE_BANKING,SANJAY MENON,,YTXPF7205F,"330, Nagar, Madurai, Tamil Nadu - 118982",ACC00605,ENT00410
REC000846,RETAIL_CBS,Vijay Mukherjee & Sons,,NZZZI0092C,"36, Extension, Pune, Maharashtra - 410198",ACC00606,ENT00411
REC000847,CORPORATE_BANKING,HARISH MALIK,7921036154,,"175, Layout, Kochi, Kerala - 214683",ACC00607,ENT00412
REC000848,CORPORATE_BANKING,Harish Mailk,7921036154,LLFAX2714M,,ACC00607,ENT00412
REC000849,CORPORATE_BANKING,Harish Malik & Sons,7921036154,LLFAX2714M,"175, Layout, Kochi, Kerala - 214683",ACC00607,ENT00412
REC000850,CORPORATE_BANKING,Balaji Vargehse,,VGJZH2894U,"602, Main Road, Jaipur, Rajasthan - 385862",ACC00608,ENT00413
REC000851,RETAIL_CBS,Varghese Balaji,,VGJZH2894U,,ACC00608,ENT00413
REC000852,RETAIL_CBS,Thomas Lakshmi,7962318510,GERGF1181W,"337, Nagar, Madurai, Tamil Nadu - 166840",ACC00609,ENT00414
REC000853,RETAIL_CBS,Gopal Sharma,6605557678,DTWXE6535U,,ACC00610,ENT00415
REC000854,RETAIL_CBS,Gopal Sharam,,,"993, Main Road, Mysuru, Karnataka - 449147",ACC00610,ENT00415
REC000855,RETAIL_CBS,G. Sharma,6605557678,,,ACC00610,ENT00415
REC000856,CORPORATE_BANKING,Kumar Nisha,6205968246,,"381, Extension, Mumbai, Maharashtra - 586983",ACC00611,ENT00416
REC000857,RETAIL_CBS,Nisha Kumar,6205968246,TAHBI6912L,"381, Extension, Mumbai, Maharashtra - 586983",ACC00612,ENT00416
REC000858,RETAIL_CBS,Nisha Kumar & Sons,6205968246,TAHBI6912L,"381, Extension, Mumbai, Maharashtra - 586983",ACC00611,ENT00416
REC000859,CORPORATE_BANKING,Sandeep Gupta,9596876977,ZDHSL3026X,"112, Extension, Ahmedabad, Gujarat - 624080",ACC00613,ENT00417
REC000860,RETAIL_CBS,AMANDEEP MALIK,6175035492,DOMMC6317T,,ACC00614,ENT00418
REC000861,RETAIL_CBS,B. Shah,,OLPFI3406H,"315, Extension, Pune, Maharashtra - 526966",ACC00615,ENT00419
REC000862,RETAIL_CBS,Sanjay Singh,,JGCRB1226I,"523, Avenue, Mumbai, Maharashtra - 361357",ACC00616,ENT00420
REC000863,CORPORATE_BANKING,Sanjay Sigh,8722857998,,,ACC00617,ENT00420
REC000864,RETAIL_CBS,Sanjay Singh & Sons,8722857998,JGCRB1226I,"523, Avenue, Mumbai, Maharashtra - 361357",ACC00616,ENT00420
REC000865,RETAIL_CBS,AMIT KAUR,9206576643,QWVNR3617N,"575, Cross Street, Hyderabad, Telangana - 196233",ACC00618,ENT00421
REC000866,RETAIL_CBS,Amit Kaur,9206576643,QWVNR3617N,"575, Cross Street, Hyderabad, Telangana - 196233",ACC00618,ENT00421
REC000867,CORPORATE_BANKING,Amit Kaur & Sons,9206576643,QWVNR3617N,"575, Cross Street, Hyderabad, Telangana - 196233",ACC00618,ENT00421
REC000868,RETAIL_CBS,SIMRAN MUKHERJEE,,,"244, Nagar, Patna, Bihar - 268353",ACC00619,ENT00422
REC000869,CORPORATE_BANKING,Simran Mukerjee,8423215593,QGMSN2243Y,"244, Nagar, Patna, Bihar - 268353",ACC00619,ENT00422
REC000870,RETAIL_CBS,Simran Mukherjee,8423215593,QGMSN2243Y,,ACC00619,ENT00422
REC000871,CORPORATE_BANKING,Sangeeta Pilai & Sons,9122771724,WMUVU8908R,"434, Cross Street, Kochi, Kerala - 141056",ACC00620,ENT00423
REC000872,CORPORATE_BANKING,Pillai & Sons Sangeeta,9122771724,WMUVU8908R,"434, Cross Street, Kochi, Kerala - 141056",ACC00621,ENT00423
REC000873,RETAIL_CBS,S. Pillai & Sons,,WMUVU8908R,"434, Cross Street, Kochi, Kerala - 141056",ACC00622,ENT00423
REC000874,RETAIL_CBS,Anjali Brar,6598073504,SXNUG8586V,,ACC00623,ENT00424
REC000875,CORPORATE_BANKING,ANJALI BRAR,,,"41, Cross Street, Hyderabad, Telangana - 283939",ACC00624,ENT00424
REC000876,CORPORATE_BANKING,Anjali Brar & Sons,6598073504,SXNUG8586V,"41, Cross Street, Hyderabad, Telangana - 283939",ACC00623,ENT00424
REC000877,RETAIL_CBS,FATIMA GHOSH,,MHKKF9225V,"17, Cross Street, Kochi, Kerala - 472040",ACC00625,ENT00425
REC000878,CORPORATE_BANKING,Irfan Johsi,7994377939,JHOYM5832D,"784, Layout, Mysuru, Karnataka - 660550",ACC00627,ENT00426
REC000879,CORPORATE_BANKING,Irfan Joshi & Sons,7994377939,JHOYM5832D,,ACC00627,ENT00426
REC000880,RETAIL_CBS,Dhillon Kiran,,YYITD2191Z,"298, Cross Street, Ahmedabad, Gujarat - 196195",ACC00628,ENT00427
REC000881,RETAIL_CBS,Kiran Dhiloln,8810287057,,"298, Cross Street, Ahmedabad, Gujarat - 196195",ACC00628,ENT00427
REC000882,RETAIL_CBS,Kiran Dhillon & Sons,8810287057,YYITD2191Z,"298, Cross Street, Ahmedabad, Gujarat - 196195",ACC00628,ENT00427
REC000883,RETAIL_CBS,Sneha Malhotra,7509772108,RHOQJ0867E,"166, Avenue, Chandigarh, Punjab - 346160",ACC00629,ENT00428
REC000884,RETAIL_CBS,Dinesh Nair & Sons,7778433091,AFMVD2044T,"692, Avenue, Kochi, Kerala - 290132",ACC00630,ENT00429
REC000885,CORPORATE_BANKING,Irfan Ahmed & Sons,8724508707,AWGSZ9694V,,ACC00632,ENT00430
REC000886,RETAIL_CBS,Pankaj Yadav,8479611803,MNAIJ6979F,"739, Avenue, Chennai, Tamil Nadu - 251082",ACC00633,ENT00431
REC000887,RETAIL_CBS,Trivedi Irfan,8915455004,,,ACC00634,ENT00432
REC000888,RETAIL_CBS,IRFAN TRIVEDI,8915455004,,,ACC00634,ENT00432
REC000889,CORPORATE_BANKING,I. Trivedi,,,,ACC00634,ENT00432
REC000890,CORPORATE_BANKING,Jaspreet Shrama,6144494488,PHXVO7203H,"906, Nagar, Madurai, Tamil Nadu - 210670",ACC00635,ENT00433
REC000891,CORPORATE_BANKING,J. Sharma,6144494488,PHXVO7203H,"906, Nagar, Madurai, Tamil Nadu - 210670",ACC00635,ENT00433
REC000892,CORPORATE_BANKING,Sharma Jaspreet,6144494488,PHXVO7203H,"906, Nagar, Madurai, Tamil Nadu - 210670",ACC00635,ENT00433
REC000893,CORPORATE_BANKING,Balaji Aagrwal,,,"186, Main Road, Madurai, Tamil Nadu - 318230",ACC00636,ENT00434
REC000894,CORPORATE_BANKING,Balaji Agarwal & Sons,7913317331,MHQNV7716H,,ACC00636,ENT00434
REC000895,CORPORATE_BANKING,Kaur Vandana,7836762656,,"195, Layout, Chandigarh, Punjab - 523849",ACC00637,ENT00435
REC000896,RETAIL_CBS,MANPREET JOSHI,6080780534,LVLJV3381S,"224, Layout, Chandigarh, Punjab - 351779",ACC00638,ENT00436
REC000897,RETAIL_CBS,Manpreet Joshi,6080780534,LVLJV3381S,"224, Layout, Chandigarh, Punjab - 351779",ACC00639,ENT00436
REC000898,RETAIL_CBS,Sabiha Varghese & Sons,8665964805,UXIXF0350X,"771, Cross Street, Lucknow, Uttar Pradesh - 137435",ACC00641,ENT00437
REC000899,CORPORATE_BANKING,Sabiha Vargehse,8665964805,UXIXF0350X,"771, Cross Street, Lucknow, Uttar Pradesh - 137435",ACC00641,ENT00437
REC000900,RETAIL_CBS,Sabiha Vaghese,8665964805,UXIXF0350X,,ACC00641,ENT00437
REC000901,CORPORATE_BANKING,Neha Bose & Sons,8732679562,SFPWW4674X,"481, Extension, Pune, Maharashtra - 217788",ACC00642,ENT00438
REC000902,RETAIL_CBS,R. Pillai & Sons,8005218172,,"545, Main Road, Pune, Maharashtra - 105617",ACC00643,ENT00439
REC000903,CORPORATE_BANKING,Rahul Sxena,9315249632,PLAXU5214N,"616, Layout, Delhi, Delhi - 133812",ACC00645,ENT00440
REC000904,RETAIL_CBS,Rahul Sxaena,9315249632,PLAXU5214N,,ACC00645,ENT00440
REC000905,CORPORATE_BANKING,ANJALI PILLAI & SONS,6537561247,FSEIU4715J,"861, Main Road, Mumbai, Maharashtra - 631509",ACC00646,ENT00441
REC000906,CORPORATE_BANKING,Anjali Pael,,JDPRW7737I,"695, Layout, Bengaluru, Karnataka - 648954",ACC00647,ENT00442
REC000907,RETAIL_CBS,Vikram Bhtat,9210094067,RSGQC4448U,,ACC00648,ENT00443
REC000908,RETAIL_CBS,Vikram Bhatt,,RSGQC4448U,"306, Extension, Bhopal, Madhya Pradesh - 491911",ACC00648,ENT00443
REC000909,CORPORATE_BANKING,V. Bhatt,,RSGQC4448U,"306, Extension, Bhopal, Madhya Pradesh - 491911",ACC00648,ENT00443
REC000910,CORPORATE_BANKING,Amandeep Iyegnar,8165465724,HHRPJ6233L,"461, Avenue, Bhopal, Madhya Pradesh - 125371",ACC00649,ENT00444
REC000911,CORPORATE_BANKING,Amandeep Iyngar,8165465724,HHRPJ6233L,"461, Avenue, Bhopal, Madhya Pradesh - 125371",ACC00649,ENT00444
REC000912,RETAIL_CBS,Amandeep Iyengar & Sons,,HHRPJ6233L,"461, Avenue, Bhopal, Madhya Pradesh - 125371",ACC00649,ENT00444
REC000913,RETAIL_CBS,Manpreet Ieyr,8029868332,,"992, Extension, Delhi, Delhi - 646926",ACC00650,ENT00445
REC000914,RETAIL_CBS,Iyer Manpreet,8029868332,BQNYD9759L,"992, Extension, Delhi, Delhi - 646926",ACC00650,ENT00445
REC000915,CORPORATE_BANKING,MANPREET IYER,,BQNYD9759L,"992, Extension, Delhi, Delhi - 646926",ACC00650,ENT00445
REC000916,CORPORATE_BANKING,DEEPA GILL,,VTXLK4291S,"677, Avenue, Delhi, Delhi - 483634",ACC00651,ENT00446
REC000917,CORPORATE_BANKING,A. Kaur,,LTHCT5186I,"83, Layout, Bengaluru, Karnataka - 247969",ACC00652,ENT00447
REC000918,CORPORATE_BANKING,Sunil Mlahotra,,IAKJF0827A,"563, Nagar, Bhopal, Madhya Pradesh - 421395",ACC00654,ENT00448
REC000919,RETAIL_CBS,Malhotra Sunil,6323941546,,"563, Nagar, Bhopal, Madhya Pradesh - 421395",ACC00654,ENT00448
REC000920,CORPORATE_BANKING,Kapoor Harish,8414531358,VQDMN2101Y,"624, Nagar, Delhi, Delhi - 293621",ACC00655,ENT00449
REC000921,RETAIL_CBS,Harish Kaoor,,VQDMN2101Y,"624, Nagar, Delhi, Delhi - 293621",ACC00655,ENT00449
REC000922,CORPORATE_BANKING,VANDANA BANERJEE,,TSJDV2279I,"270, Colony, Jaipur, Rajasthan - 184872",ACC00656,ENT00450
REC000923,CORPORATE_BANKING,Vijay Karu,8969364737,,"597, Nagar, Lucknow, Uttar Pradesh - 369590",ACC00657,ENT00451
REC000924,RETAIL_CBS,Vijay Kaur,8969364737,TPDQK0021S,"597, Nagar, Lucknow, Uttar Pradesh - 369590",ACC00657,ENT00451
REC000925,CORPORATE_BANKING,Vijay Kaur & Sons,,TPDQK0021S,"597, Nagar, Lucknow, Uttar Pradesh - 369590",ACC00657,ENT00451
REC000926,RETAIL_CBS,Bhatt Ajay,9154253207,CSSYF4294T,"7, Avenue, Patna, Bihar - 577856",ACC00658,ENT00452
REC000927,RETAIL_CBS,AJAY BHATT,9154253207,,,ACC00658,ENT00452
REC000928,CORPORATE_BANKING,Susan Pillai & Sons & Sons,6146685814,ETGPB4049W,,ACC00659,ENT00453
REC000929,CORPORATE_BANKING,Susan Pillai & Snos,,,"438, Nagar, Mumbai, Maharashtra - 239754",ACC00660,ENT00453
REC000930,RETAIL_CBS,S. Pillai & Sons,6146685814,ETGPB4049W,"438, Nagar, Mumbai, Maharashtra - 239754",ACC00661,ENT00453
REC000931,RETAIL_CBS,Vinod Singh,7214569402,,"619, Layout, Delhi, Delhi - 340165",ACC00662,ENT00454
REC000932,RETAIL_CBS,Vinod Sinhg,7214569402,JYODD6851P,"619, Layout, Delhi, Delhi - 340165",ACC00662,ENT00454
REC000933,CORPORATE_BANKING,Srinivas Gill,9682690951,BZSCQ4476L,"231, Main Road, Kolkata, West Bengal - 373201",ACC00663,ENT00455
REC000934,RETAIL_CBS,S. Gill,,BZSCQ4476L,,ACC00663,ENT00455
REC000935,CORPORATE_BANKING,Irfan Saxena & Sons,7779365683,FWEDT3853K,"744, Nagar, Kochi, Kerala - 518391",ACC00664,ENT00456
REC000936,CORPORATE_BANKING,Irfan Saexna,,FWEDT3853K,"744, Nagar, Kochi, Kerala - 518391",ACC00664,ENT00456
REC000937,RETAIL_CBS,Irfan Saxna,7779365683,FWEDT3853K,,ACC00664,ENT00456
REC000938,CORPORATE_BANKING,SHOBHA CHATTERJEE,6138177230,MYFBI6435D,"626, Nagar, Kochi, Kerala - 470327",ACC00665,ENT00457
REC000939,RETAIL_CBS,Shobha Chatterjee,,MYFBI6435D,,ACC00665,ENT00457
REC000940,RETAIL_CBS,FAISAL TRIVEDI,6905019410,QEGCB8576H,"288, Layout, Ahmedabad, Gujarat - 379620",ACC00666,ENT00458
REC000941,CORPORATE_BANKING,Vandana Anasri,6023421950,NIJFT9064B,"173, Colony, Ahmedabad, Gujarat - 553090",ACC00668,ENT00459
REC000942,RETAIL_CBS,Ansari Vandana,,NIJFT9064B,"173, Colony, Ahmedabad, Gujarat - 553090",ACC00668,ENT00459
REC000943,RETAIL_CBS,V. Ansari,6023421950,NIJFT9064B,,ACC00668,ENT00459
REC000944,CORPORATE_BANKING,Balaji Chatterjee & Sons,9331661175,XYKLD1540E,"612, Main Road, Ahmedabad, Gujarat - 210974",ACC00669,ENT00460
REC000945,RETAIL_CBS,Chatterjee Balaji,9331661175,XYKLD1540E,,ACC00670,ENT00460
REC000946,CORPORATE_BANKING,Ajay Quresi,8675436855,GKTUG9844F,"696, Main Road, Ahmedabad, Gujarat - 496596",ACC00671,ENT00461
REC000947,RETAIL_CBS,Harleen Khan & Sons,7560386027,LRWHI1468W,"485, Nagar, Chandigarh, Punjab - 441061",ACC00672,ENT00462
REC000948,CORPORATE_BANKING,Amit Kapoor,6137505997,RXMHJ8614R,"96, Nagar, Nagpur, Maharashtra - 574689",ACC00673,ENT00463
REC000949,CORPORATE_BANKING,Amit Kapoor & Sons,6137505997,,"96, Nagar, Nagpur, Maharashtra - 574689",ACC00674,ENT00463
REC000950,RETAIL_CBS,Padma Dhilon,7318807665,,"329, Extension, Bengaluru, Karnataka - 189883",ACC00675,ENT00464
REC000951,CORPORATE_BANKING,Dhillon Padma,7318807665,,"329, Extension, Bengaluru, Karnataka - 189883",ACC00675,ENT00464
REC000952,RETAIL_CBS,Thomas Mukherjee & Sons,7868067936,WXVDC4783C,"294, Extension, Hyderabad, Telangana - 373278",ACC00676,ENT00465
REC000953,CORPORATE_BANKING,Manoj Sharma,,DYYGR1427L,"926, Nagar, Thiruvananthapuram, Kerala - 121899",ACC00678,ENT00466
REC000954,RETAIL_CBS,Gaurav Pandey & Sons,8362599205,UZMHB7603S,"550, Colony, Patna, Bihar - 525298",ACC00679,ENT00467
REC000955,RETAIL_CBS,Gaurav Padney,8362599205,,,ACC00680,ENT00467
REC000956,RETAIL_CBS,G. Pillai,6768695409,YUXGC1045Z,,ACC00681,ENT00468
REC000957,RETAIL_CBS,Gaurav Pilali,6768695409,,"364, Avenue, Thiruvananthapuram, Kerala - 652728",ACC00681,ENT00468
REC000958,RETAIL_CBS,P. Chatterjee,6311898172,EGIWA1602K,"104, Nagar, Bhopal, Madhya Pradesh - 100536",ACC00682,ENT00469
REC000959,RETAIL_CBS,Chatterjee Preethi,6311898172,EGIWA1602K,"104, Nagar, Bhopal, Madhya Pradesh - 100536",ACC00682,ENT00469
REC000960,CORPORATE_BANKING,Preethi Chatterje,6311898172,EGIWA1602K,"104, Nagar, Bhopal, Madhya Pradesh - 100536",ACC00682,ENT00469
REC000961,RETAIL_CBS,Usha Kapor,9072487704,,"441, Colony, Mumbai, Maharashtra - 581636",ACC00683,ENT00470
REC000962,CORPORATE_BANKING,Usha Kapoor,9072487704,HGPLF3040N,"441, Colony, Mumbai, Maharashtra - 581636",ACC00684,ENT00470
REC000963,CORPORATE_BANKING,Das Anita,8732432960,,"484, Colony, Thiruvananthapuram, Kerala - 570592",ACC00685,ENT00471
REC000964,CORPORATE_BANKING,Anjali Duby,7314911346,WWCFS1134N,,ACC00686,ENT00472
REC000965,CORPORATE_BANKING,A. Dubey,7314911346,,"551, Main Road, Kochi, Kerala - 226771",ACC00687,ENT00472
REC000966,CORPORATE_BANKING,Sengupta Ayesha,7196492781,XFZLM2183E,"869, Layout, Jaipur, Rajasthan - 234341",ACC00688,ENT00473
REC000967,CORPORATE_BANKING,AYESHA SENGUPTA,7196492781,XFZLM2183E,"869, Layout, Jaipur, Rajasthan - 234341",ACC00688,ENT00473
REC000968,RETAIL_CBS,Venkatesh Iyer,,CAHEN2486Y,"702, Colony, Bengaluru, Karnataka - 176467",ACC00689,ENT00474
REC000969,CORPORATE_BANKING,Iyer Venkatesh,7019172060,CAHEN2486Y,"702, Colony, Bengaluru, Karnataka - 176467",ACC00689,ENT00474
REC000970,CORPORATE_BANKING,V. Iyer,7019172060,CAHEN2486Y,,ACC00689,ENT00474
REC000971,CORPORATE_BANKING,J. Kaur,7445587122,GIXCJ4923U,,ACC00690,ENT00475
REC000972,CORPORATE_BANKING,Kaur Joseph,,GIXCJ4923U,"392, Nagar, Kolkata, West Bengal - 570763",ACC00690,ENT00475
REC000973,RETAIL_CBS,Sunil Kapoor,,,,ACC00691,ENT00476
REC000974,RETAIL_CBS,Sunil Kpoor,7272787365,ZVPSO6815J,"839, Nagar, Mysuru, Karnataka - 399843",ACC00691,ENT00476
REC000975,RETAIL_CBS,Arun Segnupta,7931780689,HJMPJ7915C,"144, Nagar, Jaipur, Rajasthan - 242369",ACC00692,ENT00477
REC000976,CORPORATE_BANKING,A. Sengupta,7931780689,HJMPJ7915C,"144, Nagar, Jaipur, Rajasthan - 242369",ACC00692,ENT00477
REC000977,CORPORATE_BANKING,Arun Senupta,7931780689,,"144, Nagar, Jaipur, Rajasthan - 242369",ACC00692,ENT00477
REC000978,CORPORATE_BANKING,Bhavana Ansai,8997424203,JBHTK2485S,,ACC00693,ENT00478
REC000979,CORPORATE_BANKING,Bhavana Ansari & Sons,8997424203,JBHTK2485S,"475, Nagar, Surat, Gujarat - 227781",ACC00693,ENT00478
REC000980,CORPORATE_BANKING,Bhavana Asnari,,JBHTK2485S,"475, Nagar, Surat, Gujarat - 227781",ACC00693,ENT00478
REC000981,CORPORATE_BANKING,Srinivas Chauhan,7102503358,DBJKS3792M,,ACC00694,ENT00479
REC000982,RETAIL_CBS,Srinivas Chahuan,,,"830, Main Road, Ahmedabad, Gujarat - 517164",ACC00694,ENT00479
REC000983,RETAIL_CBS,D. Ahmed,,TVVQQ0943C,"423, Colony, Bhopal, Madhya Pradesh - 492629",ACC00695,ENT00480
REC000984,CORPORATE_BANKING,Divya Ahmde,6363015646,TVVQQ0943C,"423, Colony, Bhopal, Madhya Pradesh - 492629",ACC00695,ENT00480
REC000985,CORPORATE_BANKING,Divya Ahmed & Sons,,TVVQQ0943C,,ACC00695,ENT00480
REC000986,CORPORATE_BANKING,Brar Manpreet,7216580984,,"164, Avenue, Kolkata, West Bengal - 450569",ACC00696,ENT00481
REC000987,CORPORATE_BANKING,M. Brar,7216580984,TNFBE4583T,"164, Avenue, Kolkata, West Bengal - 450569",ACC00697,ENT00481
REC000988,RETAIL_CBS,Manpreet Barr,,TNFBE4583T,"164, Avenue, Kolkata, West Bengal - 450569",ACC00696,ENT00481
REC000989,RETAIL_CBS,LAKSHMI KHAN,9186281415,,"325, Nagar, Patna, Bihar - 178192",ACC00698,ENT00482
REC000990,RETAIL_CBS,H. Malhotra,6146650047,DTHEH2606O,"727, Avenue, Jaipur, Rajasthan - 314046",ACC00699,ENT00483
REC000991,RETAIL_CBS,Harpreet Malhtra,,DTHEH2606O,"727, Avenue, Jaipur, Rajasthan - 314046",ACC00700,ENT00483
REC000992,RETAIL_CBS,Harpreet Malhotra & Sons,,DTHEH2606O,,ACC00699,ENT00483
REC000993,RETAIL_CBS,Sabiha Saxea,6098690125,IJNVH7084K,"649, Colony, Mumbai, Maharashtra - 186104",ACC00701,ENT00484
REC000994,CORPORATE_BANKING,Sanjay Ahmed & Sons,7170237939,MEEFZ1389K,"464, Cross Street, Surat, Gujarat - 441268",ACC00702,ENT00485
REC000995,RETAIL_CBS,S. Ahmed,7170237939,,"464, Cross Street, Surat, Gujarat - 441268",ACC00702,ENT00485
REC000996,CORPORATE_BANKING,Sanjay Ahmde,,MEEFZ1389K,,ACC00702,ENT00485
REC000997,RETAIL_CBS,Jaspreet Sengutpa,,YVMLD6275Z,"107, Colony, Chennai, Tamil Nadu - 189270",ACC00703,ENT00486
REC000998,RETAIL_CBS,Sengupta Jaspreet,9541877875,YVMLD6275Z,,ACC00704,ENT00486
REC000999,RETAIL_CBS,Gurpreet Nair & Sons,6432061086,VKBNQ5665S,,ACC00706,ENT00487
REC001000,RETAIL_CBS,Venkatesh Agarwal & Sons,,,"186, Colony, Bhopal, Madhya Pradesh - 564063",ACC00707,ENT00488
REC001001,RETAIL_CBS,Venkatesh Agarawl,,ROODE5344U,"186, Colony, Bhopal, Madhya Pradesh - 564063",ACC00707,ENT00488
REC001002,RETAIL_CBS,Venkatesh Agrwal,,,"186, Colony, Bhopal, Madhya Pradesh - 564063",ACC00707,ENT00488
REC001003,CORPORATE_BANKING,Malik Priya,,,"324, Extension, Surat, Gujarat - 504920",ACC00708,ENT00489
REC001004,CORPORATE_BANKING,Balaji Agawral,8933019554,,"758, Cross Street, Ahmedabad, Gujarat - 673854",ACC00709,ENT00490
REC001005,CORPORATE_BANKING,Mishra Muthu,,JGXKK9052D,"978, Colony, Bhopal, Madhya Pradesh - 490128",ACC00710,ENT00491
REC001006,CORPORATE_BANKING,Vijay Sharma & Sons,8717180930,EULCO3383W,"309, Cross Street, Coimbatore, Tamil Nadu - 490909",ACC00711,ENT00492
REC001007,RETAIL_CBS,AJAY MALIK,9158011606,JRGMV8102P,,ACC00712,ENT00493
REC001008,CORPORATE_BANKING,Ajay Malik,9158011606,JRGMV8102P,,ACC00712,ENT00493
REC001009,RETAIL_CBS,A. Malik,,JRGMV8102P,"969, Nagar, Thiruvananthapuram, Kerala - 575820",ACC00712,ENT00493
REC001010,RETAIL_CBS,Nitin Gupta,7959878455,TGWWL3793J,"292, Main Road, Surat, Gujarat - 379392",ACC00713,ENT00494
REC001011,RETAIL_CBS,Nitin Gupta & Sons,7959878455,TGWWL3793J,"292, Main Road, Surat, Gujarat - 379392",ACC00713,ENT00494
REC001012,CORPORATE_BANKING,KRITIKA KHAN,,MMQIG8221L,"773, Colony, Chandigarh, Punjab - 274940",ACC00714,ENT00495
REC001013,RETAIL_CBS,Khan Kritika,,,,ACC00714,ENT00495
REC001014,CORPORATE_BANKING,Kritika Khan,8480760186,MMQIG8221L,"773, Colony, Chandigarh, Punjab - 274940",ACC00714,ENT00495
REC001015,CORPORATE_BANKING,Suresh Jain & Sons,7315222250,IGZYB2299T,"912, Layout, Pune, Maharashtra - 152391",ACC00715,ENT00496
REC001016,RETAIL_CBS,SURESH JAIN,,IGZYB2299T,"912, Layout, Pune, Maharashtra - 152391",ACC00716,ENT00496
REC001017,RETAIL_CBS,Suresh Jain,7315222250,,"912, Layout, Pune, Maharashtra - 152391",ACC00717,ENT00496
REC001018,CORPORATE_BANKING,P. Ghosh,7516195345,XEMAD9442K,,ACC00718,ENT00497
REC001019,RETAIL_CBS,POOJA GHOSH,,XEMAD9442K,"689, Colony, Chandigarh, Punjab - 564975",ACC00719,ENT00497
REC001020,CORPORATE_BANKING,Pooja Ghoh,7516195345,,"689, Colony, Chandigarh, Punjab - 564975",ACC00720,ENT00497
REC001021,RETAIL_CBS,MANISHA AGARWAL,,YQDZR3921F,"867, Cross Street, Nagpur, Maharashtra - 120798",ACC00721,ENT00498
REC001022,RETAIL_CBS,M. Agarwal,,YQDZR3921F,"867, Cross Street, Nagpur, Maharashtra - 120798",ACC00722,ENT00498
REC001023,CORPORATE_BANKING,Manisha Aagrwal,7384287741,YQDZR3921F,"867, Cross Street, Nagpur, Maharashtra - 120798",ACC00721,ENT00498
REC001024,CORPORATE_BANKING,B. Malhotra,8636124424,MVDGC5699F,"559, Nagar, Hyderabad, Telangana - 239064",ACC00723,ENT00499
REC001025,CORPORATE_BANKING,Bhavana Malhora,8636124424,MVDGC5699F,,ACC00724,ENT00499
REC001026,CORPORATE_BANKING,Karthik Chauhan,6318790585,,"364, Avenue, Coimbatore, Tamil Nadu - 292069",ACC00725,ENT00500
REC001027,RETAIL_CBS,KARTHIK CHAUHAN,,TYIQD2395Q,,ACC00725,ENT00500
REC001028,CORPORATE_BANKING,K. Chauhan,6318790585,TYIQD2395Q,"364, Avenue, Coimbatore, Tamil Nadu - 292069",ACC00725,ENT00500
REC001029,RETAIL_CBS,P. Iyer,7307427123,,"750, Colony, Chandigarh, Punjab - 687142",ACC00726,ENT00501
REC001030,RETAIL_CBS,Padma Ieyr,7307427123,WVBFH2348J,"750, Colony, Chandigarh, Punjab - 687142",ACC00727,ENT00501
REC001031,RETAIL_CBS,George Barr,9784555177,JDUKH8004Y,"576, Colony, Kochi, Kerala - 350638",ACC00728,ENT00502
REC001032,CORPORATE_BANKING,GEORGE BRAR,9784555177,JDUKH8004Y,"576, Colony, Kochi, Kerala - 350638",ACC00728,ENT00502
REC001033,CORPORATE_BANKING,Iyer Nitin,8472867466,,"203, Avenue, Chandigarh, Punjab - 128410",ACC00729,ENT00503
REC001034,CORPORATE_BANKING,N. Iyer,8472867466,,"203, Avenue, Chandigarh, Punjab - 128410",ACC00730,ENT00503
REC001035,RETAIL_CBS,Nitin Iyre,8472867466,,"203, Avenue, Chandigarh, Punjab - 128410",ACC00729,ENT00503
REC001036,CORPORATE_BANKING,Gurpreet Naidu,,SUUFR1809K,"568, Cross Street, Madurai, Tamil Nadu - 199641",ACC00731,ENT00504
REC001037,RETAIL_CBS,K. Tiwari,7520275214,,"923, Colony, Bhopal, Madhya Pradesh - 135821",ACC00732,ENT00505
REC001038,RETAIL_CBS,Kiran Tiwari & Sons,7520275214,NUPQL5515P,"923, Colony, Bhopal, Madhya Pradesh - 135821",ACC00732,ENT00505
REC001039,CORPORATE_BANKING,Kiran Tiwari,7520275214,NUPQL5515P,"923, Colony, Bhopal, Madhya Pradesh - 135821",ACC00732,ENT00505
REC001040,CORPORATE_BANKING,Anjali Varghee,8518809856,ZPEBU5584F,,ACC00733,ENT00506
REC001041,CORPORATE_BANKING,Anjali Varghsee,8518809856,ZPEBU5584F,"990, Colony, Pune, Maharashtra - 292159",ACC00734,ENT00506
REC001042,RETAIL_CBS,Anil Nair,6966570459,ENGIC5871K,"734, Extension, Chennai, Tamil Nadu - 504520",ACC00735,ENT00507
REC001043,CORPORATE_BANKING,Anil Nair & Sons,6966570459,,"734, Extension, Chennai, Tamil Nadu - 504520",ACC00736,ENT00507
REC001044,CORPORATE_BANKING,Balaji Rddy,9310139369,NYXAO5811D,"89, Main Road, Bhopal, Madhya Pradesh - 453750",ACC00737,ENT00508
REC001045,RETAIL_CBS,Kavita Kumr,,,"485, Layout, Bhopal, Madhya Pradesh - 690373",ACC00739,ENT00509
REC001046,RETAIL_CBS,Kavita Kuamr,7942999486,NCRTG9024H,"485, Layout, Bhopal, Madhya Pradesh - 690373",ACC00739,ENT00509
REC001047,CORPORATE_BANKING,Priya Pilai,,,"571, Cross Street, Chennai, Tamil Nadu - 373747",ACC00740,ENT00510
REC001048,RETAIL_CBS,Priya Pillai,,,"571, Cross Street, Chennai, Tamil Nadu - 373747",ACC00740,ENT00510
REC001049,RETAIL_CBS,Thomas Sdihu,6664556429,QOAVO1935V,"381, Avenue, Thiruvananthapuram, Kerala - 565741",ACC00741,ENT00511
REC001050,RETAIL_CBS,Sidhu Thomas,6664556429,QOAVO1935V,"381, Avenue, Thiruvananthapuram, Kerala - 565741",ACC00741,ENT00511
REC001051,RETAIL_CBS,Ravi Pillai & Sons,7899937677,ACLBC0483E,"783, Colony, Bengaluru, Karnataka - 219348",ACC00742,ENT00512
REC001052,RETAIL_CBS,M. Nair,8251647417,UTQTN1179L,"398, Colony, Patna, Bihar - 651260",ACC00745,ENT00513
REC001053,RETAIL_CBS,M. Das,7428774162,LDTAN4269Y,"270, Layout, Coimbatore, Tamil Nadu - 578115",ACC00748,ENT00514
REC001054,RETAIL_CBS,Muthu Das,,,"270, Layout, Coimbatore, Tamil Nadu - 578115",ACC00748,ENT00514
REC001055,RETAIL_CBS,Kalpana Gupta & Sons,8037005643,UWQLI2452Z,"822, Nagar, Thiruvananthapuram, Kerala - 618222",ACC00749,ENT00515
REC001056,RETAIL_CBS,Gupta Kalpana,8037005643,UWQLI2452Z,"822, Nagar, Thiruvananthapuram, Kerala - 618222",ACC00749,ENT00515
REC001057,CORPORATE_BANKING,Kalpana Gupta,8037005643,,"822, Nagar, Thiruvananthapuram, Kerala - 618222",ACC00749,ENT00515
REC001058,RETAIL_CBS,Susan Twari,,POFRJ5333T,"970, Layout, Nagpur, Maharashtra - 121085",ACC00750,ENT00516
REC001059,RETAIL_CBS,KARTHIK NAIR,,,"272, Avenue, Delhi, Delhi - 642347",ACC00751,ENT00517
REC001060,RETAIL_CBS,H. Sheikh,8814278655,EFTSW7769K,"455, Extension, Coimbatore, Tamil Nadu - 670815",ACC00752,ENT00518
REC001061,RETAIL_CBS,HARPREET SHEIKH,,EFTSW7769K,"455, Extension, Coimbatore, Tamil Nadu - 670815",ACC00752,ENT00518
REC001062,RETAIL_CBS,Sheikh Harpreet,8814278655,,"455, Extension, Coimbatore, Tamil Nadu - 670815",ACC00752,ENT00518
REC001063,RETAIL_CBS,Tiwari Deepak,,OZBHO2002D,"185, Extension, Surat, Gujarat - 531763",ACC00753,ENT00519
REC001064,RETAIL_CBS,Deepak Tiwari,8488271257,OZBHO2002D,"185, Extension, Surat, Gujarat - 531763",ACC00753,ENT00519
REC001065,RETAIL_CBS,Deepak Tiwri,8488271257,OZBHO2002D,"185, Extension, Surat, Gujarat - 531763",ACC00753,ENT00519
REC001066,CORPORATE_BANKING,S. Iyengar,7796371627,ZAUSV8414G,,ACC00754,ENT00520
REC001067,RETAIL_CBS,Iyengar Sandeep,7796371627,ZAUSV8414G,"186, Avenue, Jaipur, Rajasthan - 155341",ACC00754,ENT00520
REC001068,CORPORATE_BANKING,Sandeep Iyengar & Sons,7796371627,ZAUSV8414G,"186, Avenue, Jaipur, Rajasthan - 155341",ACC00754,ENT00520
REC001069,RETAIL_CBS,Sandeep Ghsoh,7202495815,,,ACC00755,ENT00521
REC001070,RETAIL_CBS,Sandeep Ghosh & Sons,7202495815,,,ACC00755,ENT00521
REC001071,CORPORATE_BANKING,Pandey Ravi,6847675790,QEBJO9495M,"956, Nagar, Chandigarh, Punjab - 622811",ACC00756,ENT00522
REC001072,RETAIL_CBS,RAVI PANDEY,6847675790,QEBJO9495M,"956, Nagar, Chandigarh, Punjab - 622811",ACC00756,ENT00522
REC001073,RETAIL_CBS,Ravi Pnadey,6847675790,QEBJO9495M,"956, Nagar, Chandigarh, Punjab - 622811",ACC00756,ENT00522
REC001074,CORPORATE_BANKING,Gurpreet Iyer,7681828072,TRVXB6533M,,ACC00757,ENT00523
REC001075,CORPORATE_BANKING,VASANTHA JAIN,8469290362,ZGIBG0461A,"38, Layout, Hyderabad, Telangana - 145894",ACC00759,ENT00524
REC001076,CORPORATE_BANKING,Vasantha Jain,8469290362,,"38, Layout, Hyderabad, Telangana - 145894",ACC00759,ENT00524
REC001077,RETAIL_CBS,Jain Vasantha,8469290362,ZGIBG0461A,"38, Layout, Hyderabad, Telangana - 145894",ACC00759,ENT00524
REC001078,CORPORATE_BANKING,Dubey Deepa,9953974716,IEPYC1862T,,ACC00760,ENT00525
REC001079,CORPORATE_BANKING,B. Das,9749204889,IKXUH1464R,,ACC00762,ENT00526
REC001080,RETAIL_CBS,Bhavana Das & Sons,9749204889,IKXUH1464R,"297, Avenue, Kolkata, West Bengal - 665446",ACC00762,ENT00526
REC001081,RETAIL_CBS,Verma Harpreet,6215477660,,"509, Avenue, Chennai, Tamil Nadu - 343470",ACC00763,ENT00527
REC001082,CORPORATE_BANKING,Harpreet Verma,6215477660,,"509, Avenue, Chennai, Tamil Nadu - 343470",ACC00763,ENT00527
REC001083,RETAIL_CBS,HARPREET VERMA,,CGFCX8767J,"509, Avenue, Chennai, Tamil Nadu - 343470",ACC00763,ENT00527
REC001084,RETAIL_CBS,THOMAS PILLAI,,OPYLJ7387E,,ACC00764,ENT00528
REC001085,CORPORATE_BANKING,Thomas Pillai & Sons,9719711831,,"855, Nagar, Ahmedabad, Gujarat - 181912",ACC00765,ENT00528
REC001086,CORPORATE_BANKING,SIMRAN DUBEY,8124072016,,"509, Cross Street, Bengaluru, Karnataka - 685386",ACC00766,ENT00529
REC001087,RETAIL_CBS,Balaji Das,9090557108,,"119, Cross Street, Hyderabad, Telangana - 598540",ACC00767,ENT00530
REC001088,CORPORATE_BANKING,Balaji Das & Sons,,ABLXP6540Z,,ACC00767,ENT00530
REC001089,RETAIL_CBS,B. Das,9090557108,ABLXP6540Z,"119, Cross Street, Hyderabad, Telangana - 598540",ACC00767,ENT00530
REC001090,RETAIL_CBS,S. Ansari,7283248394,PSTGG1849X,"415, Nagar, Bengaluru, Karnataka - 417639",ACC00768,ENT00531
REC001091,RETAIL_CBS,Shobha Anasri,7283248394,PSTGG1849X,"415, Nagar, Bengaluru, Karnataka - 417639",ACC00768,ENT00531
REC001092,RETAIL_CBS,Simran Dsai,,JKTGP1455I,,ACC00769,ENT00532
REC001093,RETAIL_CBS,Simran Desai & Sons,7105492296,JKTGP1455I,"312, Layout, Lucknow, Uttar Pradesh - 155698",ACC00769,ENT00532
REC001094,CORPORATE_BANKING,S. Desai,,,,ACC00769,ENT00532
REC001095,RETAIL_CBS,GURPREET JOSHI,9119853320,HSUNO9179K,"863, Main Road, Lucknow, Uttar Pradesh - 529388",ACC00770,ENT00533
REC001096,RETAIL_CBS,Zeenat Varghese,8517965263,HYVCE1256O,"30, Extension, Kochi, Kerala - 412537",ACC00772,ENT00534
REC001097,RETAIL_CBS,Zeenat Varghese & Sons,,HYVCE1256O,"30, Extension, Kochi, Kerala - 412537",ACC00772,ENT00534
REC001098,RETAIL_CBS,Zeenat Vargehse,8517965263,HYVCE1256O,"30, Extension, Kochi, Kerala - 412537",ACC00772,ENT00534
REC001099,RETAIL_CBS,Usha Yadav,6445764504,LGMJT6846W,"563, Colony, Nagpur, Maharashtra - 644042",ACC00773,ENT00535
REC001100,CORPORATE_BANKING,Rajwinder Bhatt,,ASFOY4232T,"216, Extension, Pune, Maharashtra - 182696",ACC00775,ENT00536
REC001101,CORPORATE_BANKING,Rajwinder Bhatt & Sons,,ASFOY4232T,,ACC00775,ENT00536
REC001102,CORPORATE_BANKING,R. Bhatt,7303689867,ASFOY4232T,"216, Extension, Pune, Maharashtra - 182696",ACC00775,ENT00536
REC001103,CORPORATE_BANKING,Manpreet Shah,8755617969,DWUOM7547G,"797, Extension, Delhi, Delhi - 235667",ACC00776,ENT00537
REC001104,RETAIL_CBS,Manpreet Shah & Sons,8755617969,DWUOM7547G,,ACC00777,ENT00537
REC001105,CORPORATE_BANKING,Shah Manpreet,8755617969,,"797, Extension, Delhi, Delhi - 235667",ACC00776,ENT00537
REC001106,CORPORATE_BANKING,N. Qureshi,9470321667,ATDOL7416L,"811, Extension, Pune, Maharashtra - 504309",ACC00778,ENT00538
REC001107,RETAIL_CBS,Nisha Quershi,,,"811, Extension, Pune, Maharashtra - 504309",ACC00778,ENT00538
REC001108,CORPORATE_BANKING,Nisha Qureshi,9470321667,ATDOL7416L,,ACC00778,ENT00538
REC001109,CORPORATE_BANKING,ANJALI VARGHESE,8290148760,IFRVX8465U,"23, Colony, Jaipur, Rajasthan - 444001",ACC00779,ENT00539
REC001110,RETAIL_CBS,Anjali Varghese & Sons,,IFRVX8465U,"23, Colony, Jaipur, Rajasthan - 444001",ACC00780,ENT00539
REC001111,RETAIL_CBS,NAVEEN PILLAI,6137303319,,,ACC00782,ENT00540
REC001112,CORPORATE_BANKING,Pillai Naveen,6137303319,DWAAE0283T,"499, Colony, Hyderabad, Telangana - 429775",ACC00782,ENT00540
REC001113,RETAIL_CBS,Naveen Pillai,6137303319,DWAAE0283T,"499, Colony, Hyderabad, Telangana - 429775",ACC00782,ENT00540
REC001114,RETAIL_CBS,Meena Kmuar,6663705878,KTADR2364T,"148, Avenue, Hyderabad, Telangana - 505954",ACC00783,ENT00541
REC001115,CORPORATE_BANKING,Rajwinder Nari,7497486959,MNXEP4342J,"718, Extension, Chennai, Tamil Nadu - 405262",ACC00784,ENT00542
REC001116,RETAIL_CBS,R. Nair,,,"718, Extension, Chennai, Tamil Nadu - 405262",ACC00784,ENT00542
REC001117,RETAIL_CBS,GEORGE MENON,,HALTU4445G,"209, Layout, Ahmedabad, Gujarat - 103620",ACC00785,ENT00543
REC001118,RETAIL_CBS,Padma Varghese & Sons,6867725421,,"766, Main Road, Kochi, Kerala - 230101",ACC00787,ENT00544
REC001119,CORPORATE_BANKING,Padma Varghees,6867725421,,"766, Main Road, Kochi, Kerala - 230101",ACC00787,ENT00544
REC001120,CORPORATE_BANKING,Shobha Brra,7268216251,DASCX2748E,"236, Extension, Chennai, Tamil Nadu - 225150",ACC00788,ENT00545
REC001121,CORPORATE_BANKING,Brar Shobha,7268216251,DASCX2748E,"236, Extension, Chennai, Tamil Nadu - 225150",ACC00788,ENT00545
REC001122,RETAIL_CBS,Nithya Bose,,YVDWI0466B,,ACC00789,ENT00546
REC001123,RETAIL_CBS,S. Qureshi,8955988673,BGAIA0863N,,ACC00790,ENT00547
REC001124,RETAIL_CBS,Susan Qureshi,8955988673,,"543, Nagar, Lucknow, Uttar Pradesh - 145298",ACC00790,ENT00547
REC001125,CORPORATE_BANKING,Usha Malki,6287386882,DXNWZ7314T,,ACC00791,ENT00548
REC001126,CORPORATE_BANKING,Usha Mishra,9253909940,GIFVW8619X,"170, Layout, Chennai, Tamil Nadu - 345564",ACC00792,ENT00549
REC001127,RETAIL_CBS,Usha Mshra,9253909940,,,ACC00792,ENT00549
REC001128,RETAIL_CBS,Usha Mishar,9253909940,GIFVW8619X,,ACC00792,ENT00549
REC001129,CORPORATE_BANKING,Sabiha Kmuar,8345035300,CINZC7265Q,"207, Avenue, Ahmedabad, Gujarat - 691770",ACC00793,ENT00550
REC001130,CORPORATE_BANKING,Shah Kalpana,9013596371,,"960, Main Road, Hyderabad, Telangana - 466289",ACC00795,ENT00551
REC001131,CORPORATE_BANKING,Anita Joshi & Sons,7506286310,,"438, Cross Street, Mysuru, Karnataka - 629313",ACC00796,ENT00552
REC001132,RETAIL_CBS,Anita Jsohi,7506286310,CMCOI3105U,"438, Cross Street, Mysuru, Karnataka - 629313",ACC00797,ENT00552
REC001133,RETAIL_CBS,ANITA JOSHI,7506286310,CMCOI3105U,"438, Cross Street, Mysuru, Karnataka - 629313",ACC00796,ENT00552
REC001134,CORPORATE_BANKING,Kritika Agarwal & Sons,8042660759,AHIIA0670Q,"85, Main Road, Ahmedabad, Gujarat - 503555",ACC00798,ENT00553
REC001135,RETAIL_CBS,KRITIKA AGARWAL,8042660759,AHIIA0670Q,"85, Main Road, Ahmedabad, Gujarat - 503555",ACC00798,ENT00553
REC001136,RETAIL_CBS,Sunil Ptael,8588649070,,"839, Colony, Kolkata, West Bengal - 179898",ACC00799,ENT00554
REC001137,CORPORATE_BANKING,Sunil Patel & Sons,8588649070,JFVMQ8718P,,ACC00800,ENT00554
REC001138,CORPORATE_BANKING,SUNIL PATEL,8588649070,JFVMQ8718P,,ACC00801,ENT00554
REC001139,CORPORATE_BANKING,Padma Queshi,9335395312,VLWEU5019F,"290, Cross Street, Thiruvananthapuram, Kerala - 337062",ACC00802,ENT00555
REC001140,RETAIL_CBS,PADMA QURESHI,9335395312,VLWEU5019F,"290, Cross Street, Thiruvananthapuram, Kerala - 337062",ACC00802,ENT00555
REC001141,RETAIL_CBS,Vasantha Banerjee,7885683724,MJFJI3034E,"114, Avenue, Jaipur, Rajasthan - 203289",ACC00803,ENT00556
REC001142,RETAIL_CBS,AYESHA AHMED,7577638725,AVTRY7560U,"411, Colony, Pune, Maharashtra - 129276",ACC00804,ENT00557
REC001143,CORPORATE_BANKING,Dinesh Gill,9767431610,HPKGQ2831H,,ACC00806,ENT00558
REC001144,CORPORATE_BANKING,Dinesh Glil,9767431610,HPKGQ2831H,,ACC00807,ENT00558
REC001145,RETAIL_CBS,Dinesh Gill & Sons,9767431610,HPKGQ2831H,"536, Colony, Delhi, Delhi - 325260",ACC00806,ENT00558
REC001146,RETAIL_CBS,Amit Queshi,9339891896,DAPGZ1504E,"327, Nagar, Bengaluru, Karnataka - 203741",ACC00808,ENT00559
REC001147,CORPORATE_BANKING,Qureshi Amit,9339891896,DAPGZ1504E,"327, Nagar, Bengaluru, Karnataka - 203741",ACC00808,ENT00559
REC001148,RETAIL_CBS,A. Qureshi,9339891896,DAPGZ1504E,"327, Nagar, Bengaluru, Karnataka - 203741",ACC00808,ENT00559
REC001149,CORPORATE_BANKING,Sunil Mishra & Sons,8118384292,MWNJS1849R,"450, Nagar, Chennai, Tamil Nadu - 458571",ACC00809,ENT00560
REC001150,CORPORATE_BANKING,SUNIL MISHRA,8118384292,MWNJS1849R,"450, Nagar, Chennai, Tamil Nadu - 458571",ACC00809,ENT00560
REC001151,RETAIL_CBS,Mishra Sunil,8118384292,MWNJS1849R,"450, Nagar, Chennai, Tamil Nadu - 458571",ACC00809,ENT00560
REC001152,RETAIL_CBS,Banerjee Manpreet,,XXIYD2750T,"104, Main Road, Lucknow, Uttar Pradesh - 188877",ACC00810,ENT00561
REC001153,CORPORATE_BANKING,M. Banerjee,7765736613,,,ACC00810,ENT00561
REC001154,RETAIL_CBS,Manpreet Banerje,,XXIYD2750T,"104, Main Road, Lucknow, Uttar Pradesh - 188877",ACC00810,ENT00561
REC001155,RETAIL_CBS,Mary Iyengar & Sons,9972021999,WOAAB3243V,"727, Cross Street, Ahmedabad, Gujarat - 418513",ACC00811,ENT00562
REC001156,RETAIL_CBS,Deepa Dhillon,7604735351,,,ACC00813,ENT00563
REC001157,CORPORATE_BANKING,Deepa Dihllon,7604735351,,"663, Layout, Chandigarh, Punjab - 282988",ACC00813,ENT00563
REC001158,RETAIL_CBS,Dhillon Deepa,,MGOPZ0630R,,ACC00813,ENT00563
REC001159,RETAIL_CBS,Rahul Khan & Sons,6704974863,QHQZL7415L,"536, Colony, Surat, Gujarat - 663674",ACC00814,ENT00564
REC001160,RETAIL_CBS,Rahul Khna,6704974863,,"536, Colony, Surat, Gujarat - 663674",ACC00814,ENT00564
REC001161,RETAIL_CBS,RAHUL KHAN,6704974863,,,ACC00814,ENT00564
REC001162,CORPORATE_BANKING,Priya Pandey,,UVTKM6551X,,ACC00815,ENT00565
REC001163,RETAIL_CBS,P. Pandey,,UVTKM6551X,"52, Avenue, Madurai, Tamil Nadu - 687328",ACC00815,ENT00565
REC001164,CORPORATE_BANKING,L. Patel,9000214504,GOYLA9291U,"700, Main Road, Surat, Gujarat - 304189",ACC00816,ENT00566
REC001165,CORPORATE_BANKING,Lakshmi Pael,,GOYLA9291U,"700, Main Road, Surat, Gujarat - 304189",ACC00816,ENT00566
REC001166,RETAIL_CBS,Patel Lakshmi,9000214504,GOYLA9291U,"700, Main Road, Surat, Gujarat - 304189",ACC00816,ENT00566
REC001167,RETAIL_CBS,Iyer Ravi,6797944004,TTMXT2031T,,ACC00817,ENT00567
REC001168,CORPORATE_BANKING,Ravi Iyer & Sons,6797944004,,"513, Extension, Kochi, Kerala - 480613",ACC00818,ENT00567
REC001169,RETAIL_CBS,Ravi Ieyr,6797944004,TTMXT2031T,"513, Extension, Kochi, Kerala - 480613",ACC00817,ENT00567
REC001170,RETAIL_CBS,Rohit Bhatt,,GFJBG7875T,"480, Layout, Ahmedabad, Gujarat - 254442",ACC00819,ENT00568
REC001171,RETAIL_CBS,ROHIT BHATT,9762643212,GFJBG7875T,"480, Layout, Ahmedabad, Gujarat - 254442",ACC00820,ENT00568
REC001172,CORPORATE_BANKING,Rohit Bhtat,9762643212,GFJBG7875T,"480, Layout, Ahmedabad, Gujarat - 254442",ACC00819,ENT00568
REC001173,RETAIL_CBS,Simran Gupat,6518167360,TVWEB2046P,"664, Main Road, Bengaluru, Karnataka - 589601",ACC00821,ENT00569
REC001174,CORPORATE_BANKING,Simran Gupta & Sons,,TVWEB2046P,"664, Main Road, Bengaluru, Karnataka - 589601",ACC00822,ENT00569
REC001175,RETAIL_CBS,Ghosh Deepak,8555007813,VBWYE2060Z,,ACC00823,ENT00570
REC001176,RETAIL_CBS,Vikram Jain,8711945239,RLZYU2961Q,"283, Main Road, Ahmedabad, Gujarat - 463119",ACC00824,ENT00571
REC001177,RETAIL_CBS,V. Jain,8711945239,RLZYU2961Q,,ACC00825,ENT00571
REC001178,CORPORATE_BANKING,Shah Rajwinder,6975229793,LVNRH4770R,,ACC00826,ENT00572
REC001179,CORPORATE_BANKING,Rajwinder Shah,6975229793,LVNRH4770R,"128, Main Road, Bengaluru, Karnataka - 315358",ACC00827,ENT00572
REC001180,CORPORATE_BANKING,RAJWINDER SHAH,6975229793,LVNRH4770R,"128, Main Road, Bengaluru, Karnataka - 315358",ACC00828,ENT00572
REC001181,CORPORATE_BANKING,Gopal Shah & Sons,8375322441,VACRA7634E,"919, Colony, Patna, Bihar - 215952",ACC00829,ENT00573
REC001182,RETAIL_CBS,Gopal Shha,8375322441,,"919, Colony, Patna, Bihar - 215952",ACC00829,ENT00573
REC001183,CORPORATE_BANKING,Nithya Das & Sons,7402267965,MSOQO7612X,,ACC00830,ENT00574
REC001184,CORPORATE_BANKING,Das Nithya,7402267965,MSOQO7612X,,ACC00831,ENT00574
REC001185,RETAIL_CBS,Brar Shobha,7778951250,,,ACC00832,ENT00575
REC001186,RETAIL_CBS,ARUN KHAN,9298961575,WAKTE0460D,,ACC00833,ENT00576
REC001187,CORPORATE_BANKING,ANITA DAS,8050788391,VZWKM0103W,"190, Colony, Thiruvananthapuram, Kerala - 294325",ACC00836,ENT00577
REC001188,RETAIL_CBS,Anjali Aarwal,9449555753,KVVJF9497R,"610, Extension, Bengaluru, Karnataka - 341640",ACC00838,ENT00578
REC001189,RETAIL_CBS,Kalpana Basnal,,,"251, Colony, Patna, Bihar - 160265",ACC00839,ENT00579
REC001190,CORPORATE_BANKING,Manisha Patel,,CFMED8156W,"73, Extension, Bhopal, Madhya Pradesh - 577973",ACC00840,ENT00580
REC001191,RETAIL_CBS,G. Iyer,,BDFSH9849K,"664, Main Road, Nagpur, Maharashtra - 637245",ACC00842,ENT00581
REC001192,CORPORATE_BANKING,Gopal Iyer,7120848136,BDFSH9849K,"664, Main Road, Nagpur, Maharashtra - 637245",ACC00843,ENT00581
REC001193,RETAIL_CBS,Iyer Gopal,,BDFSH9849K,"664, Main Road, Nagpur, Maharashtra - 637245",ACC00842,ENT00581
REC001194,RETAIL_CBS,Vijay Agarwal,6888096768,NCFKO1493X,,ACC00844,ENT00582
REC001195,CORPORATE_BANKING,Vijay Agarwl,6888096768,,,ACC00845,ENT00582
REC001196,RETAIL_CBS,VIJAY AGARWAL,6888096768,NCFKO1493X,"62, Cross Street, Nagpur, Maharashtra - 670669",ACC00844,ENT00582
REC001197,CORPORATE_BANKING,Kiran Dihllon,7319854423,PDGFT8829Z,"806, Layout, Kolkata, West Bengal - 402284",ACC00846,ENT00583
REC001198,RETAIL_CBS,Dhillon Kiran,,PDGFT8829Z,"806, Layout, Kolkata, West Bengal - 402284",ACC00846,ENT00583
REC001199,CORPORATE_BANKING,Venkatesh Agarwal,8911825318,HLVVP7330A,"219, Cross Street, Patna, Bihar - 225575",ACC00847,ENT00584
REC001200,CORPORATE_BANKING,VENKATESH AGARWAL,8911825318,HLVVP7330A,"219, Cross Street, Patna, Bihar - 225575",ACC00847,ENT00584
REC001201,CORPORATE_BANKING,Rao Arun,,YMDMB2264U,,ACC00848,ENT00585
REC001202,CORPORATE_BANKING,Arun Rao & Sons,6578655646,YMDMB2264U,"285, Colony, Chennai, Tamil Nadu - 215940",ACC00848,ENT00585
REC001203,RETAIL_CBS,KAVITA GUPTA,6195167870,,"974, Layout, Surat, Gujarat - 584380",ACC00849,ENT00586
REC001204,CORPORATE_BANKING,Gupta Kavita,6195167870,ULMKD7837X,,ACC00849,ENT00586
REC001205,CORPORATE_BANKING,K. Gupta,6195167870,ULMKD7837X,,ACC00849,ENT00586
REC001206,CORPORATE_BANKING,Ashok Iyengar,7691510991,NUJAH1528M,,ACC00850,ENT00587
REC001207,CORPORATE_BANKING,Iyengar Ashok,7691510991,NUJAH1528M,"852, Layout, Chandigarh, Punjab - 386565",ACC00850,ENT00587
REC001208,RETAIL_CBS,Rajesh Pandey,,VFEVE3771W,"773, Nagar, Ahmedabad, Gujarat - 653329",ACC00851,ENT00588
REC001209,CORPORATE_BANKING,Zeenat Menon & Sons,8664649324,RYDEM3909X,"449, Avenue, Mumbai, Maharashtra - 201432",ACC00852,ENT00589
REC001210,RETAIL_CBS,Z. Menon,8664649324,RYDEM3909X,"449, Avenue, Mumbai, Maharashtra - 201432",ACC00852,ENT00589
REC001211,CORPORATE_BANKING,Zeenat Mnon,8664649324,RYDEM3909X,"449, Avenue, Mumbai, Maharashtra - 201432",ACC00852,ENT00589
REC001212,CORPORATE_BANKING,Kaur Mary,7372674787,QHPWY1406B,"523, Avenue, Patna, Bihar - 587153",ACC00853,ENT00590
REC001213,RETAIL_CBS,Mary Kaur,7372674787,,"523, Avenue, Patna, Bihar - 587153",ACC00853,ENT00590
REC001214,RETAIL_CBS,Pooja Chauhan,9789086528,TJBRR7470D,,ACC00854,ENT00591
REC001215,RETAIL_CBS,P. Chauhan,9789086528,TJBRR7470D,"359, Layout, Mysuru, Karnataka - 231551",ACC00854,ENT00591
REC001216,CORPORATE_BANKING,R. Gupta,9900977259,JEFHM5794S,,ACC00855,ENT00592
REC001217,RETAIL_CBS,MANPREET KHAN,6884282413,,"492, Extension, Bengaluru, Karnataka - 436282",ACC00856,ENT00593
REC001218,CORPORATE_BANKING,M. Khan,,KKYSI9221P,,ACC00857,ENT00593
REC001219,RETAIL_CBS,Sangeeta Sandhu,7169118878,FKZAN6431F,"728, Avenue, Kochi, Kerala - 262004",ACC00858,ENT00594
REC001220,RETAIL_CBS,S. Sandhu,,FKZAN6431F,"728, Avenue, Kochi, Kerala - 262004",ACC00858,ENT00594
REC001221,RETAIL_CBS,Sangeeta Sandhu & Sons,7169118878,FKZAN6431F,,ACC00858,ENT00594
REC001222,RETAIL_CBS,M. Bansal,9450975503,VKNYT4730R,"50, Main Road, Pune, Maharashtra - 117309",ACC00859,ENT00595
REC001223,RETAIL_CBS,MANOJ BANSAL,9450975503,VKNYT4730R,"50, Main Road, Pune, Maharashtra - 117309",ACC00859,ENT00595
REC001224,RETAIL_CBS,Manoj Bansla,,VKNYT4730R,"50, Main Road, Pune, Maharashtra - 117309",ACC00859,ENT00595
REC001225,RETAIL_CBS,Thomas Zubair,,ZWCJH2047L,"569, Avenue, Pune, Maharashtra - 283005",ACC00860,ENT00596
REC001226,RETAIL_CBS,Z. Thomas,,ZWCJH2047L,"569, Avenue, Pune, Maharashtra - 283005",ACC00861,ENT00596
REC001227,CORPORATE_BANKING,Mary Meon,,CSPUW5723F,"528, Colony, Lucknow, Uttar Pradesh - 568847",ACC00864,ENT00597
REC001228,CORPORATE_BANKING,M. Menon,8845531350,CSPUW5723F,"528, Colony, Lucknow, Uttar Pradesh - 568847",ACC00864,ENT00597
REC001229,CORPORATE_BANKING,Harleen Sigh,8685032341,TOIOB0776R,"546, Extension, Chennai, Tamil Nadu - 477795",ACC00865,ENT00598
REC001230,CORPORATE_BANKING,Harleen Sinhg,8685032341,TOIOB0776R,"546, Extension, Chennai, Tamil Nadu - 477795",ACC00866,ENT00598
REC001231,RETAIL_CBS,JOSEPH KHAN,8248279297,,"228, Layout, Lucknow, Uttar Pradesh - 186334",ACC00867,ENT00599
REC001232,RETAIL_CBS,Khan Joseph,8248279297,WSVMO3063U,"228, Layout, Lucknow, Uttar Pradesh - 186334",ACC00867,ENT00599
REC001233,CORPORATE_BANKING,J. Khan,8248279297,WSVMO3063U,"228, Layout, Lucknow, Uttar Pradesh - 186334",ACC00867,ENT00599
REC001234,CORPORATE_BANKING,Karthik Vrema,6257487536,XOGBF2058T,"936, Avenue, Hyderabad, Telangana - 525931",ACC00868,ENT00600
REC001235,RETAIL_CBS,Karthik Verma & Sons,6257487536,,,ACC00868,ENT00600
REC001236,CORPORATE_BANKING,Bansal Sanjay,,IJLWB1139O,"68, Extension, Kochi, Kerala - 384204",ACC00869,ENT00601
REC001237,CORPORATE_BANKING,SANJAY BANSAL,9989765398,IJLWB1139O,"68, Extension, Kochi, Kerala - 384204",ACC00870,ENT00601
REC001238,CORPORATE_BANKING,Ravi Mlaik,7680185400,OWAFD9068I,"801, Nagar, Nagpur, Maharashtra - 407907",ACC00871,ENT00602
REC001239,RETAIL_CBS,Rao Divya,7173700999,CNXTL3386W,"945, Nagar, Bhopal, Madhya Pradesh - 539973",ACC00872,ENT00603
REC001240,CORPORATE_BANKING,D. Rao,7173700999,CNXTL3386W,"945, Nagar, Bhopal, Madhya Pradesh - 539973",ACC00872,ENT00603
REC001241,CORPORATE_BANKING,DIVYA RAO,7173700999,CNXTL3386W,,ACC00872,ENT00603
REC001242,CORPORATE_BANKING,Geeta Chatterjee,,RIDQK3919F,,ACC00873,ENT00604
REC001243,CORPORATE_BANKING,G. Chatterjee,7370410387,RIDQK3919F,"315, Main Road, Surat, Gujarat - 592955",ACC00874,ENT00604
REC001244,RETAIL_CBS,Khan Karthik,9439320147,AZQXL9233X,"378, Main Road, Thiruvananthapuram, Kerala - 364014",ACC00875,ENT00605
REC001245,RETAIL_CBS,Das Aarti,6961579659,LBJZH5227O,"720, Avenue, Jaipur, Rajasthan - 270565",ACC00876,ENT00606
REC001246,CORPORATE_BANKING,Sandeep Gill,,,,ACC00878,ENT00607
REC001247,RETAIL_CBS,F. Tiwari,6928136014,BRVAL0870E,"862, Main Road, Hyderabad, Telangana - 269674",ACC00879,ENT00608
REC001248,RETAIL_CBS,F. Desai,,THYFT2954Z,"935, Avenue, Jaipur, Rajasthan - 240945",ACC00880,ENT00609
REC001249,CORPORATE_BANKING,Fatima Desi,7062379395,THYFT2954Z,"935, Avenue, Jaipur, Rajasthan - 240945",ACC00880,ENT00609
REC001250,CORPORATE_BANKING,Fatima Desai,7062379395,THYFT2954Z,"935, Avenue, Jaipur, Rajasthan - 240945",ACC00880,ENT00609
REC001251,CORPORATE_BANKING,DINESH SANDHU,,KSAVB2973F,"455, Cross Street, Lucknow, Uttar Pradesh - 192217",ACC00881,ENT00610
REC001252,CORPORATE_BANKING,Dinesh Sndhu,9589934042,KSAVB2973F,"455, Cross Street, Lucknow, Uttar Pradesh - 192217",ACC00882,ENT00610
REC001253,CORPORATE_BANKING,Dinesh Sandhu,9589934042,KSAVB2973F,,ACC00881,ENT00610
REC001254,CORPORATE_BANKING,Ravi Naiud,,OIICB7145M,,ACC00883,ENT00611
REC001255,RETAIL_CBS,Naidu Ravi,,,"185, Extension, Bhopal, Madhya Pradesh - 372892",ACC00883,ENT00611
REC001256,CORPORATE_BANKING,S. Gill,9295278532,JOXFG5354W,,ACC00884,ENT00612
REC001257,CORPORATE_BANKING,SWATI GILL,,JOXFG5354W,"142, Cross Street, Coimbatore, Tamil Nadu - 398385",ACC00885,ENT00612
REC001258,CORPORATE_BANKING,Rao Sowmya,6644067160,OEDPV5095I,"977, Extension, Bhopal, Madhya Pradesh - 304707",ACC00886,ENT00613
REC001259,CORPORATE_BANKING,SOWMYA RAO,6644067160,OEDPV5095I,"977, Extension, Bhopal, Madhya Pradesh - 304707",ACC00886,ENT00613
REC001260,RETAIL_CBS,Faisal Brar & Sons,8204490628,UHBHS5519J,"389, Colony, Bengaluru, Karnataka - 311985",ACC00887,ENT00614
REC001261,CORPORATE_BANKING,Sarita Verma & Sons,7750499753,,,ACC00888,ENT00615
REC001262,CORPORATE_BANKING,S. Verma,7750499753,,,ACC00888,ENT00615
REC001263,CORPORATE_BANKING,Sarita Veram,7750499753,,"592, Avenue, Lucknow, Uttar Pradesh - 691091",ACC00888,ENT00615
REC001264,CORPORATE_BANKING,THOMAS SANDHU,8305491120,,,ACC00889,ENT00616
REC001265,CORPORATE_BANKING,Thomas Sadnhu,,SPHZB6320E,"183, Nagar, Kochi, Kerala - 528731",ACC00889,ENT00616
REC001266,CORPORATE_BANKING,Thomas Sandhu & Sons,8305491120,,"183, Nagar, Kochi, Kerala - 528731",ACC00889,ENT00616
REC001267,CORPORATE_BANKING,Muthu Dubey & Sons,8279020917,MIDEQ1056S,"363, Layout, Mysuru, Karnataka - 275497",ACC00890,ENT00617
REC001268,RETAIL_CBS,Muthu Dubye,8279020917,MIDEQ1056S,"363, Layout, Mysuru, Karnataka - 275497",ACC00890,ENT00617
REC001269,RETAIL_CBS,Muthu Dubey,8279020917,MIDEQ1056S,"363, Layout, Mysuru, Karnataka - 275497",ACC00890,ENT00617
REC001270,RETAIL_CBS,Nair Deepa,8795538385,,,ACC00891,ENT00618
REC001271,CORPORATE_BANKING,AMIT DAS,9212485119,,"112, Extension, Patna, Bihar - 218393",ACC00894,ENT00619
REC001272,RETAIL_CBS,Das Amit,9212485119,TIIGK4547U,"112, Extension, Patna, Bihar - 218393",ACC00894,ENT00619
REC001273,CORPORATE_BANKING,Amit Das,9212485119,,"112, Extension, Patna, Bihar - 218393",ACC00894,ENT00619
REC001274,CORPORATE_BANKING,Simran Khna,8493269391,XHTUY8254G,,ACC00895,ENT00620
REC001275,RETAIL_CBS,SIMRAN KHAN,8493269391,XHTUY8254G,"912, Main Road, Delhi, Delhi - 565190",ACC00895,ENT00620
REC001276,RETAIL_CBS,PRAKASH PILLAI & SONS,8950050646,,"773, Layout, Delhi, Delhi - 477331",ACC00896,ENT00621
REC001277,CORPORATE_BANKING,BALAJI DHILLON,,RFEXN5532C,"660, Nagar, Madurai, Tamil Nadu - 465512",ACC00897,ENT00622
REC001278,RETAIL_CBS,Balaji Dhiloln,,RFEXN5532C,"660, Nagar, Madurai, Tamil Nadu - 465512",ACC00897,ENT00622
REC001279,RETAIL_CBS,Balaji Dhillon & Sons,8731324704,RFEXN5532C,"660, Nagar, Madurai, Tamil Nadu - 465512",ACC00897,ENT00622
REC001280,CORPORATE_BANKING,Pooja Sharma,9395859886,YKRZT4137W,"15, Layout, Coimbatore, Tamil Nadu - 302521",ACC00898,ENT00623
REC001281,CORPORATE_BANKING,Ghosh Ashok,9770330345,WUXVI5760W,,ACC00900,ENT00624
REC001282,CORPORATE_BANKING,Amit Agarwal & Sons,8741157347,XVMPM4525I,"551, Nagar, Coimbatore, Tamil Nadu - 667123",ACC00901,ENT00625
REC001283,CORPORATE_BANKING,Nithya Nair,8378631159,LISIP2344R,"333, Layout, Bhopal, Madhya Pradesh - 594194",ACC00904,ENT00626
REC001284,CORPORATE_BANKING,Kalpana Naidu,8524207382,TCTCD0168R,"906, Cross Street, Mysuru, Karnataka - 506305",ACC00905,ENT00627
REC001285,RETAIL_CBS,Naidu Kalpana,8524207382,TCTCD0168R,"906, Cross Street, Mysuru, Karnataka - 506305",ACC00905,ENT00627
REC001286,CORPORATE_BANKING,Arjun Nair & Sons,8669846172,ZKKCP2912Q,"758, Nagar, Coimbatore, Tamil Nadu - 126227",ACC00906,ENT00628
REC001287,CORPORATE_BANKING,Arjun Nair,8669846172,ZKKCP2912Q,"758, Nagar, Coimbatore, Tamil Nadu - 126227",ACC00906,ENT00628
REC001288,RETAIL_CBS,Ahmed Sanjay,,QNHCY6845B,,ACC00907,ENT00629
REC001289,RETAIL_CBS,Sanjay Amed,9071983110,QNHCY6845B,"44, Colony, Kochi, Kerala - 463461",ACC00908,ENT00629
REC001290,RETAIL_CBS,Sanjay Ahmed,9071983110,QNHCY6845B,"44, Colony, Kochi, Kerala - 463461",ACC00909,ENT00629
REC001291,CORPORATE_BANKING,THOMAS BOSE,,,"327, Layout, Patna, Bihar - 359155",ACC00910,ENT00630
REC001292,CORPORATE_BANKING,Bose Thomas,9447318873,GKMJI4383B,"327, Layout, Patna, Bihar - 359155",ACC00910,ENT00630
REC001293,RETAIL_CBS,Thomas Bose,9447318873,GKMJI4383B,"327, Layout, Patna, Bihar - 359155",ACC00910,ENT00630
REC001294,CORPORATE_BANKING,Agarwal Anjali,,HWFTR5675O,"145, Layout, Chandigarh, Punjab - 412938",ACC00911,ENT00631
REC001295,CORPORATE_BANKING,Sneha Bhatt,,OHSCQ6410L,"302, Extension, Ahmedabad, Gujarat - 554265",ACC00912,ENT00632
REC001296,CORPORATE_BANKING,A. Kapoor,8146444204,NGIAC3993A,"247, Extension, Nagpur, Maharashtra - 365458",ACC00913,ENT00633
REC001297,RETAIL_CBS,Ashok Kapoor & Sons,8146444204,NGIAC3993A,"247, Extension, Nagpur, Maharashtra - 365458",ACC00914,ENT00633
REC001298,CORPORATE_BANKING,A. Mukherjee,,,"88, Main Road, Patna, Bihar - 532726",ACC00915,ENT00634
REC001299,RETAIL_CBS,ANITA MUKHERJEE,6560502610,EJTZJ5984E,,ACC00915,ENT00634
REC001300,CORPORATE_BANKING,Chatterjee George,6551075637,JCBHP5536M,"561, Layout, Chandigarh, Punjab - 339915",ACC00916,ENT00635
REC001301,RETAIL_CBS,George Chatterjee & Sons,,JCBHP5536M,"561, Layout, Chandigarh, Punjab - 339915",ACC00916,ENT00635
REC001302,CORPORATE_BANKING,George Chatteree,6551075637,,"561, Layout, Chandigarh, Punjab - 339915",ACC00916,ENT00635
REC001303,RETAIL_CBS,Anita Desai,8908795498,HPJCM3184A,"355, Extension, Pune, Maharashtra - 505877",ACC00917,ENT00636
REC001304,RETAIL_CBS,Anita Dsai,8908795498,HPJCM3184A,"355, Extension, Pune, Maharashtra - 505877",ACC00917,ENT00636
REC001305,CORPORATE_BANKING,Desai Anita,8908795498,HPJCM3184A,"355, Extension, Pune, Maharashtra - 505877",ACC00917,ENT00636
REC001306,RETAIL_CBS,K. Mukherjee,6297653252,KQXZM8036P,"347, Layout, Thiruvananthapuram, Kerala - 633437",ACC00918,ENT00637
REC001307,RETAIL_CBS,Kritika Mukherjee & Sons,6297653252,KQXZM8036P,"347, Layout, Thiruvananthapuram, Kerala - 633437",ACC00919,ENT00637
REC001308,RETAIL_CBS,Mukherjee Kritika,,KQXZM8036P,"347, Layout, Thiruvananthapuram, Kerala - 633437",ACC00918,ENT00637
REC001309,CORPORATE_BANKING,Nithya Bose & Sons,9157695423,,"302, Cross Street, Nagpur, Maharashtra - 308922",ACC00920,ENT00638
REC001310,CORPORATE_BANKING,Bose Nithya,9157695423,XPUXD6331B,"302, Cross Street, Nagpur, Maharashtra - 308922",ACC00920,ENT00638
REC001311,CORPORATE_BANKING,Simran Tiari,6086453034,,"762, Colony, Delhi, Delhi - 250664",ACC00921,ENT00639
REC001312,CORPORATE_BANKING,SIMRAN TIWARI,6086453034,AIZCU6301H,,ACC00922,ENT00639
REC001313,RETAIL_CBS,RAJWINDER SIDHU,9415602783,,,ACC00924,ENT00640
REC001314,CORPORATE_BANKING,Sidhu Rajwinder,9415602783,WFUAE6057S,,ACC00924,ENT00640
REC001315,RETAIL_CBS,SUNIL NAIR,6712594746,PZFKO8225E,"893, Extension, Kochi, Kerala - 196683",ACC00925,ENT00641
REC001316,RETAIL_CBS,H. Desai,,YTLWA9035E,"20, Main Road, Bhopal, Madhya Pradesh - 185064",ACC00926,ENT00642
REC001317,CORPORATE_BANKING,Harish Deai,7908248155,,"20, Main Road, Bhopal, Madhya Pradesh - 185064",ACC00926,ENT00642
REC001318,RETAIL_CBS,Harish Dseai,7908248155,YTLWA9035E,,ACC00926,ENT00642
REC001319,RETAIL_CBS,THOMAS RAO,9750837622,GIPLK0182M,"20, Main Road, Bhopal, Madhya Pradesh - 667475",ACC00927,ENT00643
REC001320,CORPORATE_BANKING,Pooja Barr,,DQVWU5538D,"381, Cross Street, Pune, Maharashtra - 560605",ACC00928,ENT00644
REC001321,CORPORATE_BANKING,Pooja Brar & Sons,8102220585,DQVWU5538D,"381, Cross Street, Pune, Maharashtra - 560605",ACC00928,ENT00644
REC001322,CORPORATE_BANKING,Agarwal Harish,7429078409,PBZJV5573D,"933, Layout, Pune, Maharashtra - 252293",ACC00929,ENT00645
REC001323,CORPORATE_BANKING,Ravi Mukherjee,,AAMKN0703B,"797, Layout, Kochi, Kerala - 532973",ACC00930,ENT00646
REC001324,CORPORATE_BANKING,RAVI MUKHERJEE,7450636617,AAMKN0703B,"797, Layout, Kochi, Kerala - 532973",ACC00930,ENT00646
REC001325,CORPORATE_BANKING,Naveen Kumar & Sons,7605398992,INRLU6120J,"812, Colony, Kochi, Kerala - 124594",ACC00931,ENT00647
REC001326,CORPORATE_BANKING,NAVEEN KUMAR,7605398992,INRLU6120J,"812, Colony, Kochi, Kerala - 124594",ACC00931,ENT00647
REC001327,CORPORATE_BANKING,NISHA KHAN,9511415441,SSGWW6505G,"131, Main Road, Jaipur, Rajasthan - 445974",ACC00932,ENT00648
REC001328,CORPORATE_BANKING,Nisha Khan,9511415441,SSGWW6505G,"131, Main Road, Jaipur, Rajasthan - 445974",ACC00932,ENT00648
REC001329,CORPORATE_BANKING,N. Khan,,SSGWW6505G,"131, Main Road, Jaipur, Rajasthan - 445974",ACC00932,ENT00648
REC001330,RETAIL_CBS,ROHIT CHAUHAN,9739287495,,"248, Layout, Bhopal, Madhya Pradesh - 608346",ACC00933,ENT00649
REC001331,CORPORATE_BANKING,R. Chauhan,9739287495,,,ACC00933,ENT00649
REC001332,CORPORATE_BANKING,Rohit Chauahn,9739287495,GZZCA4159M,"248, Layout, Bhopal, Madhya Pradesh - 608346",ACC00933,ENT00649
REC001333,CORPORATE_BANKING,Nitin Paetl,6086777106,PXIIC4387V,"584, Extension, Delhi, Delhi - 442661",ACC00934,ENT00650
REC001334,CORPORATE_BANKING,SUNITA ANSARI,,XQBTN9753P,"19, Colony, Patna, Bihar - 498228",ACC00936,ENT00651
REC001335,CORPORATE_BANKING,S. Ansari,,XQBTN9753P,"19, Colony, Patna, Bihar - 498228",ACC00937,ENT00651
REC001336,CORPORATE_BANKING,Sunita Anari,6341731862,,"19, Colony, Patna, Bihar - 498228",ACC00936,ENT00651
REC001337,CORPORATE_BANKING,Pillai & Sons Sandeep,8530096510,RISDA1445K,"873, Main Road, Mysuru, Karnataka - 230711",ACC00938,ENT00652
REC001338,CORPORATE_BANKING,Sandeep Pillai & Sons,,RISDA1445K,"873, Main Road, Mysuru, Karnataka - 230711",ACC00938,ENT00652
REC001339,RETAIL_CBS,Sandeep Pillai & Snos,8530096510,RISDA1445K,"873, Main Road, Mysuru, Karnataka - 230711",ACC00938,ENT00652
REC001340,RETAIL_CBS,Arjun Senugpta,9689270161,,"45, Nagar, Chennai, Tamil Nadu - 681538",ACC00939,ENT00653
REC001341,RETAIL_CBS,ARJUN SENGUPTA,9689270161,ZRGNC5323O,"45, Nagar, Chennai, Tamil Nadu - 681538",ACC00939,ENT00653
REC001342,RETAIL_CBS,Vijay Malhota,6956292051,,,ACC00940,ENT00654
REC001343,RETAIL_CBS,Malhotra Vijay,6956292051,FVSCV0201E,"808, Layout, Nagpur, Maharashtra - 255511",ACC00941,ENT00654
REC001344,CORPORATE_BANKING,Balaji Dueby,7699884910,DYDJB4436R,"661, Nagar, Nagpur, Maharashtra - 565369",ACC00942,ENT00655
REC001345,CORPORATE_BANKING,Balaji Dubey & Sons,,,"661, Nagar, Nagpur, Maharashtra - 565369",ACC00943,ENT00655
REC001346,CORPORATE_BANKING,Balaji Duby,,,"661, Nagar, Nagpur, Maharashtra - 565369",ACC00942,ENT00655
REC001347,CORPORATE_BANKING,BHAVANA DESAI,7924555630,NATLZ3663C,,ACC00944,ENT00656
REC001348,RETAIL_CBS,Kalpana Yadav & Sons,,VBOHU2961D,"52, Nagar, Bengaluru, Karnataka - 571451",ACC00945,ENT00657
REC001349,RETAIL_CBS,Sandeep Rao,,TMOKG3098A,"612, Extension, Madurai, Tamil Nadu - 218170",ACC00946,ENT00658
REC001350,RETAIL_CBS,S. Rao,,,"612, Extension, Madurai, Tamil Nadu - 218170",ACC00947,ENT00658
REC001351,CORPORATE_BANKING,Jyoti Pillai & Sons,9288507665,,"752, Cross Street, Chennai, Tamil Nadu - 114644",ACC00948,ENT00659
REC001352,CORPORATE_BANKING,HARISH GILL,7884781626,VZZMZ5406M,"642, Avenue, Pune, Maharashtra - 528050",ACC00950,ENT00660
REC001353,RETAIL_CBS,Harish Glil,7884781626,VZZMZ5406M,"642, Avenue, Pune, Maharashtra - 528050",ACC00951,ENT00660
REC001354,RETAIL_CBS,M. Yadav,,IBASQ2378U,"703, Colony, Pune, Maharashtra - 149237",ACC00952,ENT00661
REC001355,CORPORATE_BANKING,Manpreet Yadav,8886055910,,"703, Colony, Pune, Maharashtra - 149237",ACC00952,ENT00661
REC001356,RETAIL_CBS,Anita Verma,7317356772,YEDHJ3456S,,ACC00953,ENT00662
REC001357,CORPORATE_BANKING,A. Verma,7317356772,YEDHJ3456S,"671, Avenue, Surat, Gujarat - 222277",ACC00953,ENT00662
REC001358,RETAIL_CBS,Anita Veram,7317356772,YEDHJ3456S,"671, Avenue, Surat, Gujarat - 222277",ACC00953,ENT00662
REC001359,CORPORATE_BANKING,KAVITA VARGHESE,,,,ACC00954,ENT00663
REC001360,CORPORATE_BANKING,Kavita Varghese & Sons,9873481985,QCGKD0183M,"984, Extension, Delhi, Delhi - 437252",ACC00954,ENT00663
REC001361,CORPORATE_BANKING,Kavita Varghsee,9873481985,QCGKD0183M,,ACC00954,ENT00663
REC001362,CORPORATE_BANKING,Suresh Khan & Sons,9553165763,NDOPR8260I,"35, Nagar, Madurai, Tamil Nadu - 286079",ACC00955,ENT00664
REC001363,RETAIL_CBS,Khan Suresh,9553165763,NDOPR8260I,,ACC00956,ENT00664
REC001364,CORPORATE_BANKING,Balaji Batt,9312637804,JXCKY7508Q,"122, Layout, Coimbatore, Tamil Nadu - 171520",ACC00957,ENT00665
REC001365,RETAIL_CBS,Balaji Bhatt,9312637804,JXCKY7508Q,"122, Layout, Coimbatore, Tamil Nadu - 171520",ACC00957,ENT00665
REC001366,CORPORATE_BANKING,Balaji Bhtat,,JXCKY7508Q,"122, Layout, Coimbatore, Tamil Nadu - 171520",ACC00957,ENT00665
REC001367,RETAIL_CBS,Deepa Ghosh & Sons,9635417181,,"580, Cross Street, Chandigarh, Punjab - 144891",ACC00958,ENT00666
REC001368,RETAIL_CBS,Kaur Sanjay,7006979619,PXJHI5202X,"930, Avenue, Chennai, Tamil Nadu - 187117",ACC00959,ENT00667
REC001369,CORPORATE_BANKING,SANJAY KAUR,7006979619,PXJHI5202X,"930, Avenue, Chennai, Tamil Nadu - 187117",ACC00959,ENT00667
REC001370,CORPORATE_BANKING,Ayesha Malk,7924581011,RVNNC6770F,"246, Nagar, Mysuru, Karnataka - 106997",ACC00960,ENT00668
REC001371,CORPORATE_BANKING,A. Malik,,RVNNC6770F,,ACC00960,ENT00668
REC001372,CORPORATE_BANKING,Ayesha Malik,7924581011,RVNNC6770F,,ACC00960,ENT00668
REC001373,RETAIL_CBS,Gill Sabiha,6102163685,,,ACC00961,ENT00669
REC001374,CORPORATE_BANKING,Simran Ahmd,,RELWR0415C,"148, Colony, Pune, Maharashtra - 279960",ACC00962,ENT00670
REC001375,CORPORATE_BANKING,S. Ahmed,,,"148, Colony, Pune, Maharashtra - 279960",ACC00962,ENT00670
REC001376,RETAIL_CBS,Anjali Bhatt,,,,ACC00963,ENT00671
REC001377,CORPORATE_BANKING,Anjali Bhatt & Sons,9521724283,TKDFT2574X,"224, Colony, Bhopal, Madhya Pradesh - 494555",ACC00964,ENT00671
REC001378,RETAIL_CBS,K. Tiwari,9909901124,,"896, Avenue, Madurai, Tamil Nadu - 552474",ACC00966,ENT00672
REC001379,CORPORATE_BANKING,Tiwari Kalpana,9909901124,MKYKQ9635L,"896, Avenue, Madurai, Tamil Nadu - 552474",ACC00966,ENT00672
REC001380,RETAIL_CBS,Fatima Chauhan,6580562404,,"171, Nagar, Coimbatore, Tamil Nadu - 555565",ACC00967,ENT00673
REC001381,CORPORATE_BANKING,Fatima Chuahan,6580562404,IWYZG3812C,,ACC00967,ENT00673
REC001382,RETAIL_CBS,Trivedi Irfan,7813596162,TIYTV8449Q,"362, Cross Street, Bhopal, Madhya Pradesh - 367082",ACC00968,ENT00674
REC001383,RETAIL_CBS,A. Sharma,9226649282,,"646, Colony, Coimbatore, Tamil Nadu - 170299",ACC00969,ENT00675
REC001384,CORPORATE_BANKING,Arun Shara,9226649282,JPHWI2262G,,ACC00969,ENT00675
REC001385,RETAIL_CBS,Kiran Tiwri,8750455427,QSRFZ5707O,"329, Cross Street, Chandigarh, Punjab - 258771",ACC00970,ENT00676
REC001386,CORPORATE_BANKING,Kiran Tiwrai,8750455427,QSRFZ5707O,"329, Cross Street, Chandigarh, Punjab - 258771",ACC00970,ENT00676
REC001387,RETAIL_CBS,Ayesha Sandhu,6903582162,,"521, Cross Street, Thiruvananthapuram, Kerala - 457086",ACC00971,ENT00677
REC001388,RETAIL_CBS,AYESHA SANDHU,6903582162,SDMIR5129T,"521, Cross Street, Thiruvananthapuram, Kerala - 457086",ACC00972,ENT00677
REC001389,RETAIL_CBS,Anita Mahlotra,6473576518,,"828, Extension, Delhi, Delhi - 691920",ACC00973,ENT00678
REC001390,RETAIL_CBS,Malhotra Anita,6473576518,LCUNF5404X,,ACC00974,ENT00678
REC001391,RETAIL_CBS,Priya Yadva,,,,ACC00975,ENT00679
REC001392,RETAIL_CBS,PRIYA YADAV,6683619194,,"634, Avenue, Coimbatore, Tamil Nadu - 137490",ACC00975,ENT00679
REC001393,CORPORATE_BANKING,Priya Yadav & Sons,6683619194,IZSCG5284V,"634, Avenue, Coimbatore, Tamil Nadu - 137490",ACC00975,ENT00679
REC001394,RETAIL_CBS,Joseph Qurshi,7715936624,DKHLW8841R,,ACC00976,ENT00680
REC001395,RETAIL_CBS,Joseph Qursehi,7715936624,,"779, Colony, Chennai, Tamil Nadu - 189093",ACC00976,ENT00680
REC001396,CORPORATE_BANKING,PRAKASH MISHRA,6276354875,WFCIQ0491V,,ACC00977,ENT00681
REC001397,CORPORATE_BANKING,P. Mishra,,WFCIQ0491V,"460, Layout, Thiruvananthapuram, Kerala - 587803",ACC00977,ENT00681
REC001398,RETAIL_CBS,Prakash Mishra,6276354875,WFCIQ0491V,"460, Layout, Thiruvananthapuram, Kerala - 587803",ACC00977,ENT00681
REC001399,CORPORATE_BANKING,N. Tiwari,9605207062,,"521, Extension, Patna, Bihar - 645361",ACC00978,ENT00682
REC001400,RETAIL_CBS,Tiwari Nithya,9605207062,,,ACC00978,ENT00682
REC001401,CORPORATE_BANKING,Aarti Pillai & Sons & Sons,9504857380,KTPTG3830K,"728, Layout, Bhopal, Madhya Pradesh - 598155",ACC00979,ENT00683
REC001402,RETAIL_CBS,Pillai & Sons Aarti,9504857380,KTPTG3830K,"728, Layout, Bhopal, Madhya Pradesh - 598155",ACC00980,ENT00683
REC001403,CORPORATE_BANKING,Aarti Pillai & Sons,9504857380,KTPTG3830K,"728, Layout, Bhopal, Madhya Pradesh - 598155",ACC00979,ENT00683
REC001404,RETAIL_CBS,Pooja Paney,7380295278,IURMC5949V,"727, Layout, Coimbatore, Tamil Nadu - 505679",ACC00981,ENT00684
REC001405,RETAIL_CBS,Pooja Pandye,7380295278,IURMC5949V,"727, Layout, Coimbatore, Tamil Nadu - 505679",ACC00982,ENT00684
REC001406,RETAIL_CBS,Pooja Pandey,7380295278,IURMC5949V,"727, Layout, Coimbatore, Tamil Nadu - 505679",ACC00981,ENT00684
REC001407,CORPORATE_BANKING,Imran Ydaav,,IKCPX1245T,"129, Cross Street, Mysuru, Karnataka - 360305",ACC00983,ENT00685
REC001408,RETAIL_CBS,Suresh Qureshi & Sons,,ZUBFB9898P,"927, Colony, Mumbai, Maharashtra - 335678",ACC00985,ENT00686
REC001409,RETAIL_CBS,Qureshi Suresh,7280961455,ZUBFB9898P,"927, Colony, Mumbai, Maharashtra - 335678",ACC00986,ENT00686
REC001410,RETAIL_CBS,Suresh Qureshi,7280961455,ZUBFB9898P,"927, Colony, Mumbai, Maharashtra - 335678",ACC00987,ENT00686
REC001411,RETAIL_CBS,Pillai & Sons Nitin,6443459172,,"565, Avenue, Kolkata, West Bengal - 184260",ACC00988,ENT00687
REC001412,RETAIL_CBS,Nitin Pillai & Sons,6443459172,AHXRA4080J,"565, Avenue, Kolkata, West Bengal - 184260",ACC00989,ENT00687
REC001413,RETAIL_CBS,Nitin Pillai & Sns,6443459172,,"565, Avenue, Kolkata, West Bengal - 184260",ACC00988,ENT00687
REC001414,CORPORATE_BANKING,Vijay Sengupat,,,,ACC00990,ENT00688
REC001415,CORPORATE_BANKING,Vijay Senguta,6845200058,GAANI7733I,"621, Layout, Kolkata, West Bengal - 216517",ACC00990,ENT00688
REC001416,CORPORATE_BANKING,J. Malhotra,7202282972,,,ACC00991,ENT00689
REC001417,RETAIL_CBS,G. Joshi,7843647134,,"438, Layout, Jaipur, Rajasthan - 479862",ACC00993,ENT00690
REC001418,CORPORATE_BANKING,K. Iyer,9570144707,NCMPF4656E,,ACC00994,ENT00691
REC001419,CORPORATE_BANKING,KALPANA IYER,9570144707,NCMPF4656E,"791, Colony, Lucknow, Uttar Pradesh - 131211",ACC00994,ENT00691
REC001420,RETAIL_CBS,Kalpana Iyer,9570144707,NCMPF4656E,"791, Colony, Lucknow, Uttar Pradesh - 131211",ACC00994,ENT00691
REC001421,RETAIL_CBS,Muthu Snadhu,,ZNDLN4755B,"643, Colony, Thiruvananthapuram, Kerala - 532157",ACC00995,ENT00692
REC001422,CORPORATE_BANKING,D. Dhillon,,,,ACC00997,ENT00693
REC001423,RETAIL_CBS,Dinesh Dhlilon,7337918665,NBZZE5106T,"807, Colony, Thiruvananthapuram, Kerala - 623088",ACC00998,ENT00693
REC001424,CORPORATE_BANKING,Dhillon Dinesh,7337918665,NBZZE5106T,"807, Colony, Thiruvananthapuram, Kerala - 623088",ACC00997,ENT00693
REC001425,CORPORATE_BANKING,Anjali Das & Sons,,JVBDZ0425T,"747, Avenue, Kolkata, West Bengal - 415329",ACC00999,ENT00694
REC001426,RETAIL_CBS,A. Das,,JVBDZ0425T,"747, Avenue, Kolkata, West Bengal - 415329",ACC00999,ENT00694
REC001427,CORPORATE_BANKING,Arjun Ieyngar,7558828528,EDSME9115H,"294, Main Road, Kochi, Kerala - 592093",ACC01000,ENT00695
REC001428,CORPORATE_BANKING,Arjun Iyengar & Sons,7558828528,EDSME9115H,"294, Main Road, Kochi, Kerala - 592093",ACC01000,ENT00695
REC001429,RETAIL_CBS,Priya Gputa,,,"412, Avenue, Jaipur, Rajasthan - 595902",ACC01001,ENT00696
REC001430,CORPORATE_BANKING,Kapoor Radha,,,,ACC01003,ENT00697
REC001431,RETAIL_CBS,Radha Kapoor & Sons,7781424779,HQPTU7691L,"47, Layout, Chandigarh, Punjab - 661528",ACC01003,ENT00697
REC001432,CORPORATE_BANKING,Radha Kapoor,7781424779,,"47, Layout, Chandigarh, Punjab - 661528",ACC01003,ENT00697
REC001433,RETAIL_CBS,AMIT BANERJEE,7606106247,BYQPB7695I,"447, Extension, Mumbai, Maharashtra - 294500",ACC01004,ENT00698
REC001434,RETAIL_CBS,Reddy Jaspreet,8145153385,XHKCZ2507I,"710, Layout, Bhopal, Madhya Pradesh - 658410",ACC01006,ENT00699
REC001435,CORPORATE_BANKING,J. Reddy,8145153385,XHKCZ2507I,"710, Layout, Bhopal, Madhya Pradesh - 658410",ACC01006,ENT00699
REC001436,RETAIL_CBS,Jaspreet Reddy,,,,ACC01006,ENT00699
REC001437,RETAIL_CBS,Nisha Bhatt,,,"782, Avenue, Delhi, Delhi - 451193",ACC01007,ENT00700
REC001438,RETAIL_CBS,Nisha Batt,7374387684,KPSTD3066N,"782, Avenue, Delhi, Delhi - 451193",ACC01007,ENT00700
REC001439,CORPORATE_BANKING,NISHA BHATT,,KPSTD3066N,"782, Avenue, Delhi, Delhi - 451193",ACC01007,ENT00700
REC001440,CORPORATE_BANKING,Sneha Sheikh,,PHGNB3922G,,ACC01008,ENT00701
REC001441,RETAIL_CBS,SNEHA SHEIKH,,PHGNB3922G,"828, Cross Street, Pune, Maharashtra - 144367",ACC01008,ENT00701
REC001442,RETAIL_CBS,Simran Dhillon,,ZASTA4832R,"203, Extension, Ahmedabad, Gujarat - 535818",ACC01009,ENT00702
REC001443,RETAIL_CBS,Chauhan Irfan,9812297098,XGULA6888S,,ACC01010,ENT00703
REC001444,RETAIL_CBS,Irfan Chauhn,9812297098,XGULA6888S,,ACC01010,ENT00703
REC001445,CORPORATE_BANKING,IRFAN CHAUHAN,,XGULA6888S,"320, Cross Street, Surat, Gujarat - 494709",ACC01010,ENT00703
REC001446,RETAIL_CBS,Kalpana Mhta,6204211033,LZCQJ9138W,"707, Colony, Surat, Gujarat - 204600",ACC01011,ENT00704
REC001447,RETAIL_CBS,K. Mehta,,LZCQJ9138W,"707, Colony, Surat, Gujarat - 204600",ACC01011,ENT00704
REC001448,CORPORATE_BANKING,Kalpana Mehta & Sons,6204211033,LZCQJ9138W,"707, Colony, Surat, Gujarat - 204600",ACC01011,ENT00704
REC001449,RETAIL_CBS,Karthik Tiwari & Sons,9242682238,LJTER2933Z,"165, Cross Street, Hyderabad, Telangana - 565811",ACC01012,ENT00705
REC001450,CORPORATE_BANKING,P. Banerjee,6844413443,LVTXP1949Z,,ACC01013,ENT00706
REC001451,RETAIL_CBS,Ravi Iyengar & Sons,9400523933,EGIRO3724D,"907, Extension, Delhi, Delhi - 647841",ACC01015,ENT00707
REC001452,CORPORATE_BANKING,Ravi Iyngar,9400523933,,"907, Extension, Delhi, Delhi - 647841",ACC01015,ENT00707
REC001453,CORPORATE_BANKING,Zubair Tiwari,,,,ACC01016,ENT00708
REC001454,CORPORATE_BANKING,Nithya Gutpa,,LVXXY8037M,"356, Cross Street, Bengaluru, Karnataka - 420972",ACC01017,ENT00709
REC001455,CORPORATE_BANKING,Deepa Iyengra,8340556216,ZATCY7067X,,ACC01018,ENT00710
REC001456,RETAIL_CBS,Mehta Deepa,8347190731,GYLZZ5239U,,ACC01020,ENT00711
REC001457,CORPORATE_BANKING,Deepa Mheta,,GYLZZ5239U,"378, Main Road, Mysuru, Karnataka - 254836",ACC01020,ENT00711
REC001458,RETAIL_CBS,Deepa Mhta,8347190731,GYLZZ5239U,"378, Main Road, Mysuru, Karnataka - 254836",ACC01020,ENT00711
REC001459,CORPORATE_BANKING,Sandeep Thomas,9667649877,OBIGB8691T,"923, Layout, Pune, Maharashtra - 135415",ACC01021,ENT00712
REC001460,RETAIL_CBS,SANDEEP THOMAS,9667649877,OBIGB8691T,"923, Layout, Pune, Maharashtra - 135415",ACC01021,ENT00712
REC001461,CORPORATE_BANKING,S. Thomas,9667649877,,"923, Layout, Pune, Maharashtra - 135415",ACC01021,ENT00712
REC001462,RETAIL_CBS,Usha Bahtt,9039631865,JHKMB0599H,,ACC01022,ENT00713
REC001463,CORPORATE_BANKING,U. Bhatt,9039631865,JHKMB0599H,"724, Cross Street, Bhopal, Madhya Pradesh - 254968",ACC01022,ENT00713
REC001464,RETAIL_CBS,Ashok Dhillon & Sons,6654874333,,"453, Main Road, Chandigarh, Punjab - 472183",ACC01023,ENT00714
REC001465,RETAIL_CBS,Ashok Dhillon,6654874333,ZTKIU4617T,"453, Main Road, Chandigarh, Punjab - 472183",ACC01023,ENT00714
REC001466,CORPORATE_BANKING,SWATI DUBEY,6166075700,XCQAO3366I,,ACC01024,ENT00715
REC001467,RETAIL_CBS,Swati Dueby,6166075700,XCQAO3366I,"876, Colony, Bengaluru, Karnataka - 452882",ACC01024,ENT00715
REC001468,RETAIL_CBS,Nitin Shah,,VNJER2485C,"70, Cross Street, Bengaluru, Karnataka - 613927",ACC01025,ENT00716
REC001469,RETAIL_CBS,Nitin Shah & Sons,7878069505,VNJER2485C,"70, Cross Street, Bengaluru, Karnataka - 613927",ACC01025,ENT00716
REC001470,RETAIL_CBS,Nitin Shha,7878069505,VNJER2485C,"70, Cross Street, Bengaluru, Karnataka - 613927",ACC01025,ENT00716
REC001471,CORPORATE_BANKING,Rohit Dseai,6886239877,,"928, Colony, Mysuru, Karnataka - 463780",ACC01026,ENT00717
REC001472,RETAIL_CBS,Rohit Desai & Sons,6886239877,XSRWO0787C,"928, Colony, Mysuru, Karnataka - 463780",ACC01026,ENT00717
REC001473,RETAIL_CBS,Desai Rohit,6886239877,XSRWO0787C,"928, Colony, Mysuru, Karnataka - 463780",ACC01026,ENT00717
REC001474,CORPORATE_BANKING,Shreya Iyer & Sons,6782820214,,"592, Main Road, Kochi, Kerala - 267951",ACC01027,ENT00718
REC001475,RETAIL_CBS,Pankaj Chatterjee,7850630855,OYYVU8265Y,"770, Cross Street, Bhopal, Madhya Pradesh - 432687",ACC01030,ENT00719
REC001476,RETAIL_CBS,Pankaj Chatteree,7850630855,OYYVU8265Y,"770, Cross Street, Bhopal, Madhya Pradesh - 432687",ACC01030,ENT00719
REC001477,CORPORATE_BANKING,Zeenat Pillai & Sons,9930704177,NEOMG6484T,"615, Colony, Madurai, Tamil Nadu - 637281",ACC01031,ENT00720
REC001478,RETAIL_CBS,Pillai & Sons Zeenat,9930704177,NEOMG6484T,,ACC01031,ENT00720
REC001479,RETAIL_CBS,M. Yadav,9054345358,TBIIK5810Z,"818, Avenue, Delhi, Delhi - 357807",ACC01032,ENT00721
REC001480,RETAIL_CBS,Manisha Yadav,9054345358,TBIIK5810Z,"818, Avenue, Delhi, Delhi - 357807",ACC01032,ENT00721
REC001481,RETAIL_CBS,KAVITA MISHRA,,PHQTO5127D,"680, Extension, Madurai, Tamil Nadu - 155362",ACC01033,ENT00722
REC001482,RETAIL_CBS,Kavita Mishar,8430994036,PHQTO5127D,,ACC01033,ENT00722
REC001483,RETAIL_CBS,Ashok Gohsh,9787830267,YHJFN8383H,"633, Cross Street, Lucknow, Uttar Pradesh - 424277",ACC01034,ENT00723
REC001484,RETAIL_CBS,Ghosh Ashok,9787830267,YHJFN8383H,"633, Cross Street, Lucknow, Uttar Pradesh - 424277",ACC01034,ENT00723
REC001485,RETAIL_CBS,Z. Das,,DYXMT8282A,"595, Nagar, Ahmedabad, Gujarat - 661134",ACC01035,ENT00724
REC001486,RETAIL_CBS,Das Zubair,,DYXMT8282A,"595, Nagar, Ahmedabad, Gujarat - 661134",ACC01035,ENT00724
REC001487,CORPORATE_BANKING,ZUBAIR DAS,8480746356,DYXMT8282A,,ACC01035,ENT00724
REC001488,RETAIL_CBS,Jaspreet Shrama,,,"316, Nagar, Lucknow, Uttar Pradesh - 299269",ACC01036,ENT00725
REC001489,RETAIL_CBS,Jaspreet Sharma & Sons,,,,ACC01036,ENT00725
REC001490,RETAIL_CBS,JASPREET SHARMA,9853423770,FMIFD7828W,,ACC01036,ENT00725
REC001491,RETAIL_CBS,ZUBAIR GHOSH,6075524833,YXYEN3559R,"850, Nagar, Pune, Maharashtra - 123545",ACC01037,ENT00726
REC001492,RETAIL_CBS,Zubair Ghoh,6075524833,YXYEN3559R,"850, Nagar, Pune, Maharashtra - 123545",ACC01037,ENT00726
REC001493,CORPORATE_BANKING,Zubair Ghosh & Sons,6075524833,YXYEN3559R,"850, Nagar, Pune, Maharashtra - 123545",ACC01037,ENT00726
REC001494,RETAIL_CBS,MANPREET KHAN,7443866895,CFOKT7790W,"49, Colony, Surat, Gujarat - 486887",ACC01038,ENT00727
REC001495,RETAIL_CBS,Manpreet Khan,7443866895,,,ACC01038,ENT00727
REC001496,RETAIL_CBS,M. Khan,,CFOKT7790W,"49, Colony, Surat, Gujarat - 486887",ACC01038,ENT00727
REC001497,CORPORATE_BANKING,Mary Pilli & Sons,9556260167,NGBTN2608Y,"5, Layout, Chandigarh, Punjab - 491924",ACC01039,ENT00728
REC001498,CORPORATE_BANKING,Pillai & Sons Mary,9556260167,NGBTN2608Y,,ACC01039,ENT00728
REC001499,CORPORATE_BANKING,M. Pillai & Sons,9556260167,NGBTN2608Y,"5, Layout, Chandigarh, Punjab - 491924",ACC01039,ENT00728
REC001500,RETAIL_CBS,Rajwinder Chahan,7243095149,FPZON3808W,"53, Main Road, Hyderabad, Telangana - 648984",ACC01040,ENT00729
REC001501,CORPORATE_BANKING,Amit Rao,8697046273,,,ACC01041,ENT00730
REC001502,RETAIL_CBS,AMIT RAO,,SVENW3324L,"943, Extension, Kolkata, West Bengal - 241386",ACC01041,ENT00730
REC001503,RETAIL_CBS,R. Jain,6462284522,,"37, Nagar, Patna, Bihar - 123914",ACC01042,ENT00731
REC001504,CORPORATE_BANKING,Jain Ravi,6462284522,RXBHU1452T,"37, Nagar, Patna, Bihar - 123914",ACC01042,ENT00731
REC001505,RETAIL_CBS,Ravi Jain & Sons,6462284522,,"37, Nagar, Patna, Bihar - 123914",ACC01042,ENT00731
REC001506,RETAIL_CBS,J. Patel,,LXCEW9190X,"723, Main Road, Chennai, Tamil Nadu - 453547",ACC01043,ENT00732
REC001507,CORPORATE_BANKING,Jaspreet Patel,,LXCEW9190X,,ACC01043,ENT00732
REC001508,RETAIL_CBS,F. Naidu,7037558794,QYKBS0115A,,ACC01044,ENT00733
REC001509,RETAIL_CBS,Radha Menon & Sons,,,,ACC01045,ENT00734
REC001510,CORPORATE_BANKING,Aarti Ghoh,9369637851,,,ACC01048,ENT00735
REC001511,CORPORATE_BANKING,Trivedi Arun,,VFBHM3066M,,ACC01049,ENT00736
REC001512,CORPORATE_BANKING,Arun Trivedi,7070962290,VFBHM3066M,,ACC01049,ENT00736
REC001513,RETAIL_CBS,Arun Triveid,7070962290,VFBHM3066M,"715, Nagar, Hyderabad, Telangana - 476375",ACC01049,ENT00736
REC001514,RETAIL_CBS,GAURAV BOSE,6012313227,QDUPH4511J,"72, Extension, Nagpur, Maharashtra - 271387",ACC01050,ENT00737
REC001515,CORPORATE_BANKING,Sanjay Bose & Sons,6910378025,,"157, Main Road, Mysuru, Karnataka - 361475",ACC01052,ENT00738
REC001516,CORPORATE_BANKING,Sanjay Bose,,QTQWG5978O,"157, Main Road, Mysuru, Karnataka - 361475",ACC01053,ENT00738
REC001517,RETAIL_CBS,Sanjay Bsoe,6910378025,,"157, Main Road, Mysuru, Karnataka - 361475",ACC01052,ENT00738
REC001518,RETAIL_CBS,Sanjay Ansair,,,"743, Nagar, Mysuru, Karnataka - 606512",ACC01054,ENT00739
REC001519,RETAIL_CBS,SANJAY ANSARI,6335505937,DGEQU4622B,"743, Nagar, Mysuru, Karnataka - 606512",ACC01054,ENT00739
REC001520,RETAIL_CBS,Ansari Sanjay,6335505937,DGEQU4622B,,ACC01054,ENT00739
REC001521,CORPORATE_BANKING,MEENA THOMAS,,GBUUM8031E,,ACC01055,ENT00740
REC001522,RETAIL_CBS,Karthik Sandhu,,,"308, Cross Street, Surat, Gujarat - 513893",ACC01056,ENT00741
REC001523,RETAIL_CBS,Karthik Sandu,9147135488,RJNBY9238L,"308, Cross Street, Surat, Gujarat - 513893",ACC01057,ENT00741
REC001524,CORPORATE_BANKING,Mishra Kavita,9144223912,FOBYI8744A,,ACC01059,ENT00742
REC001525,RETAIL_CBS,Kavita Mshra,,FOBYI8744A,"222, Avenue, Surat, Gujarat - 590510",ACC01059,ENT00742
REC001526,RETAIL_CBS,KAVITA MISHRA,,FOBYI8744A,,ACC01059,ENT00742
REC001527,RETAIL_CBS,V. Verma,9063361876,,"941, Colony, Nagpur, Maharashtra - 238618",ACC01060,ENT00743
REC001528,RETAIL_CBS,Venkatesh Vema,9063361876,ZAYTH6633H,"941, Colony, Nagpur, Maharashtra - 238618",ACC01060,ENT00743
REC001529,RETAIL_CBS,Venkatesh Verma & Sons,9063361876,ZAYTH6633H,"941, Colony, Nagpur, Maharashtra - 238618",ACC01060,ENT00743
REC001530,RETAIL_CBS,Harpreet Sheikh & Sons,8519722712,HUDHN3705G,"515, Main Road, Kochi, Kerala - 383647",ACC01061,ENT00744
REC001531,CORPORATE_BANKING,Thomas Mehta,6823618106,CFAHL6462X,"164, Main Road, Thiruvananthapuram, Kerala - 348635",ACC01062,ENT00745
REC001532,RETAIL_CBS,Thomas Mehta & Sons,6823618106,CFAHL6462X,"164, Main Road, Thiruvananthapuram, Kerala - 348635",ACC01062,ENT00745
REC001533,CORPORATE_BANKING,SABIHA PILLAI,8489253862,,"509, Colony, Kochi, Kerala - 666821",ACC01063,ENT00746
REC001534,RETAIL_CBS,Rajesh Kaur & Sons,9943928537,HMDCM6402X,,ACC01065,ENT00747
REC001535,CORPORATE_BANKING,Naveen Patel & Sons,,,"373, Main Road, Surat, Gujarat - 351482",ACC01067,ENT00748
REC001536,RETAIL_CBS,Patel Naveen,6483643996,,"373, Main Road, Surat, Gujarat - 351482",ACC01067,ENT00748
REC001537,RETAIL_CBS,Bhavana Guta,8220797573,,"853, Cross Street, Bhopal, Madhya Pradesh - 112474",ACC01068,ENT00749
REC001538,CORPORATE_BANKING,B. Gupta,8220797573,,"853, Cross Street, Bhopal, Madhya Pradesh - 112474",ACC01068,ENT00749
REC001539,CORPORATE_BANKING,Karthik Rao,8169673304,,,ACC01069,ENT00750
REC001540,RETAIL_CBS,KARTHIK RAO,8169673304,EGVOQ1804Y,"735, Colony, Hyderabad, Telangana - 320708",ACC01069,ENT00750
REC001541,RETAIL_CBS,Kiran Mishra & Sons,9588569676,YWQSD1851J,"379, Main Road, Bhopal, Madhya Pradesh - 209325",ACC01070,ENT00751
REC001542,CORPORATE_BANKING,KIRAN MISHRA,9588569676,YWQSD1851J,"379, Main Road, Bhopal, Madhya Pradesh - 209325",ACC01071,ENT00751
REC001543,RETAIL_CBS,Mishra Kiran,,YWQSD1851J,,ACC01070,ENT00751
REC001544,RETAIL_CBS,MANPREET MALHOTRA,9726431482,CPYEM5748Z,,ACC01072,ENT00752
REC001545,CORPORATE_BANKING,Malhotra Manpreet,,,"115, Layout, Hyderabad, Telangana - 135509",ACC01072,ENT00752
REC001546,CORPORATE_BANKING,M. Malhotra,9726431482,CPYEM5748Z,,ACC01072,ENT00752
REC001547,RETAIL_CBS,R. Sandhu,8688265211,,"38, Layout, Bhopal, Madhya Pradesh - 349251",ACC01073,ENT00753
REC001548,CORPORATE_BANKING,Radha Sandhu & Sons,,LPLNH6739D,,ACC01073,ENT00753
REC001549,RETAIL_CBS,Sandhu Radha,8688265211,LPLNH6739D,,ACC01073,ENT00753
REC001550,CORPORATE_BANKING,Sheikh Kritika,8039048378,HTOMA2656X,,ACC01074,ENT00754
REC001551,CORPORATE_BANKING,KRITIKA SHEIKH,8039048378,,,ACC01074,ENT00754
REC001552,CORPORATE_BANKING,Jyoti Sandu,,HZJPW9207S,,ACC01075,ENT00755
REC001553,CORPORATE_BANKING,Pillai Rajwinder,,,,ACC01076,ENT00756
REC001554,RETAIL_CBS,Shobha Sheihk,7630467863,VBFSR8431K,"210, Cross Street, Lucknow, Uttar Pradesh - 574237",ACC01077,ENT00757
REC001555,RETAIL_CBS,Sheikh Shobha,,,"210, Cross Street, Lucknow, Uttar Pradesh - 574237",ACC01078,ENT00757
REC001556,CORPORATE_BANKING,Shobha Shikh,7630467863,,"210, Cross Street, Lucknow, Uttar Pradesh - 574237",ACC01079,ENT00757
REC001557,CORPORATE_BANKING,JYOTI MENON,6428969452,TQZTO4297D,,ACC01081,ENT00758
REC001558,CORPORATE_BANKING,Jyoti Menn,6428969452,TQZTO4297D,"831, Cross Street, Ahmedabad, Gujarat - 145201",ACC01081,ENT00758
REC001559,RETAIL_CBS,Jyoti Menon,6428969452,TQZTO4297D,"831, Cross Street, Ahmedabad, Gujarat - 145201",ACC01081,ENT00758
REC001560,CORPORATE_BANKING,Anil Saxea,9568698904,YAGJH1433Y,,ACC01082,ENT00759
REC001561,RETAIL_CBS,SURESH BRAR,8266559149,HVUHT6589K,,ACC01083,ENT00760
REC001562,CORPORATE_BANKING,IRFAN KHAN,8219831611,CKIEZ6669V,"257, Nagar, Pune, Maharashtra - 415250",ACC01087,ENT00761
REC001563,CORPORATE_BANKING,Khan Irfan,,,"257, Nagar, Pune, Maharashtra - 415250",ACC01087,ENT00761
REC001564,CORPORATE_BANKING,Irfan Khna,8219831611,CKIEZ6669V,,ACC01087,ENT00761
REC001565,RETAIL_CBS,Rajesh Mishar,8711091475,WWADR6641J,,ACC01088,ENT00762
REC001566,RETAIL_CBS,Rajesh Mishra,8711091475,WWADR6641J,,ACC01088,ENT00762
REC001567,CORPORATE_BANKING,Mishra Rajesh,8711091475,WWADR6641J,,ACC01088,ENT00762
REC001568,CORPORATE_BANKING,S. Gill,7210663729,GGVET5579F,"452, Cross Street, Ahmedabad, Gujarat - 387224",ACC01089,ENT00763
REC001569,CORPORATE_BANKING,Gill Sanjay,7210663729,,"452, Cross Street, Ahmedabad, Gujarat - 387224",ACC01089,ENT00763
REC001570,CORPORATE_BANKING,SANJAY GILL,7210663729,GGVET5579F,,ACC01089,ENT00763
REC001571,RETAIL_CBS,Pillai & Sons Sangeeta,8224446649,EVDSM0379A,"52, Colony, Coimbatore, Tamil Nadu - 292802",ACC01090,ENT00764
REC001572,RETAIL_CBS,S. Pillai & Sons,8224446649,EVDSM0379A,"52, Colony, Coimbatore, Tamil Nadu - 292802",ACC01091,ENT00764
REC001573,CORPORATE_BANKING,Sangeeta Pillai & Sons & Sons,,EVDSM0379A,"52, Colony, Coimbatore, Tamil Nadu - 292802",ACC01092,ENT00764
REC001574,CORPORATE_BANKING,Susan Ansri,6118579943,UUYZR2928G,"381, Layout, Mumbai, Maharashtra - 458158",ACC01094,ENT00765
REC001575,RETAIL_CBS,Ansari Susan,6118579943,UUYZR2928G,"381, Layout, Mumbai, Maharashtra - 458158",ACC01094,ENT00765
REC001576,RETAIL_CBS,S. Ansari,6118579943,UUYZR2928G,,ACC01094,ENT00765
REC001577,RETAIL_CBS,Ajay Sharma,9201167021,QHLJJ5293H,"911, Extension, Kochi, Kerala - 219249",ACC01095,ENT00766
REC001578,RETAIL_CBS,Ajay Sharma & Sons,9201167021,QHLJJ5293H,,ACC01095,ENT00766
REC001579,CORPORATE_BANKING,G. Naidu,9339545616,TMUNY0252C,,ACC01096,ENT00767
REC001580,CORPORATE_BANKING,Gopal Naidu,9339545616,,"678, Avenue, Kolkata, West Bengal - 628631",ACC01097,ENT00767
REC001581,RETAIL_CBS,GOPAL NAIDU,,,"678, Avenue, Kolkata, West Bengal - 628631",ACC01096,ENT00767
REC001582,CORPORATE_BANKING,M. Varghese,,,"508, Avenue, Coimbatore, Tamil Nadu - 211589",ACC01098,ENT00768
REC001583,RETAIL_CBS,Manisha Varghese & Sons,9388809737,DKBMJ3468I,,ACC01098,ENT00768
REC001584,CORPORATE_BANKING,Manisha Varghese,9388809737,DKBMJ3468I,"508, Avenue, Coimbatore, Tamil Nadu - 211589",ACC01098,ENT00768
REC001585,CORPORATE_BANKING,Sunil Ahed,6301864498,DRRXJ4144M,"393, Nagar, Kolkata, West Bengal - 215266",ACC01099,ENT00769
REC001586,CORPORATE_BANKING,Sunil Ahmed,6301864498,DRRXJ4144M,,ACC01099,ENT00769
REC001587,CORPORATE_BANKING,Ahmed Sunil,6301864498,,"393, Nagar, Kolkata, West Bengal - 215266",ACC01099,ENT00769
REC001588,RETAIL_CBS,Nair Manpreet,6947865543,JAQRB2013C,,ACC01100,ENT00770
REC001589,RETAIL_CBS,M. Chatterjee,7279706484,,"43, Avenue, Ahmedabad, Gujarat - 581751",ACC01101,ENT00771
REC001590,RETAIL_CBS,Muthu Chatetrjee,7279706484,UULHF5376Q,"43, Avenue, Ahmedabad, Gujarat - 581751",ACC01101,ENT00771
REC001591,RETAIL_CBS,Muthu Chaterjee,7279706484,UULHF5376Q,"43, Avenue, Ahmedabad, Gujarat - 581751",ACC01101,ENT00771
REC001592,RETAIL_CBS,Rajesh Nadu,6238166617,LKZYY2198I,"618, Extension, Bhopal, Madhya Pradesh - 280985",ACC01102,ENT00772
REC001593,RETAIL_CBS,Neha Gupta & Sons,,LJXOH6271I,"316, Main Road, Kolkata, West Bengal - 421313",ACC01103,ENT00773
REC001594,CORPORATE_BANKING,Neha Gupta,,LJXOH6271I,"316, Main Road, Kolkata, West Bengal - 421313",ACC01103,ENT00773
REC001595,CORPORATE_BANKING,Neha Gpta,6231061779,LJXOH6271I,,ACC01103,ENT00773
REC001596,RETAIL_CBS,Sheikh Irfan,9719556950,YVHIP0617P,"384, Main Road, Bhopal, Madhya Pradesh - 166082",ACC01104,ENT00774
REC001597,RETAIL_CBS,IRFAN SHEIKH,9719556950,YVHIP0617P,"384, Main Road, Bhopal, Madhya Pradesh - 166082",ACC01105,ENT00774
REC001598,CORPORATE_BANKING,G. Sengupta,,GNHOB4152D,"794, Extension, Patna, Bihar - 493373",ACC01106,ENT00775
REC001599,CORPORATE_BANKING,Gurpreet Senguta,9172589735,GNHOB4152D,"794, Extension, Patna, Bihar - 493373",ACC01106,ENT00775
REC001600,CORPORATE_BANKING,Gurpreet Sengupta,,,,ACC01106,ENT00775
REC001601,RETAIL_CBS,Aarti Reddy & Sons,8251984999,,"630, Cross Street, Delhi, Delhi - 539808",ACC01107,ENT00776
REC001602,CORPORATE_BANKING,AARTI REDDY,8251984999,,,ACC01107,ENT00776
REC001603,RETAIL_CBS,PRIYA MEHTA,9525899572,,"310, Cross Street, Bhopal, Madhya Pradesh - 446514",ACC01108,ENT00777
REC001604,CORPORATE_BANKING,Priya Mehta,9525899572,VCDTQ7393R,"310, Cross Street, Bhopal, Madhya Pradesh - 446514",ACC01108,ENT00777
REC001605,RETAIL_CBS,Sowmya Iyengar,8763496342,GETNM8838C,"982, Avenue, Kochi, Kerala - 269090",ACC01109,ENT00778
REC001606,CORPORATE_BANKING,Sowmya Iyenagr,8763496342,,"982, Avenue, Kochi, Kerala - 269090",ACC01110,ENT00778
REC001607,CORPORATE_BANKING,Sanjay Pillia,6712007429,IQCEA0534D,"28, Main Road, Ahmedabad, Gujarat - 182713",ACC01112,ENT00779
REC001608,CORPORATE_BANKING,SANJAY PILLAI,6712007429,,,ACC01112,ENT00779
REC001609,RETAIL_CBS,K. Jain,9065281213,,"935, Colony, Ahmedabad, Gujarat - 295476",ACC01113,ENT00780
REC001610,CORPORATE_BANKING,Zeenat Nari,,JQLTD7673X,"137, Avenue, Chennai, Tamil Nadu - 509037",ACC01114,ENT00781
REC001611,RETAIL_CBS,Swati Thomas,8622319696,WXWVQ1990Z,"519, Layout, Surat, Gujarat - 114836",ACC01116,ENT00782
REC001612,CORPORATE_BANKING,Rahul Gupta & Sons,6904232764,EYVWU4044H,"590, Extension, Jaipur, Rajasthan - 405129",ACC01117,ENT00783
REC001613,RETAIL_CBS,Gupta Rahul,,EYVWU4044H,,ACC01117,ENT00783
REC001614,CORPORATE_BANKING,R. Gupta,6904232764,EYVWU4044H,"590, Extension, Jaipur, Rajasthan - 405129",ACC01117,ENT00783
REC001615,CORPORATE_BANKING,Shobha Tiwrai,7928131059,LZLTG7545K,"405, Layout, Nagpur, Maharashtra - 372273",ACC01118,ENT00784
REC001616,CORPORATE_BANKING,Shobha Tiwai,7928131059,LZLTG7545K,"405, Layout, Nagpur, Maharashtra - 372273",ACC01119,ENT00784
REC001617,RETAIL_CBS,Shobha Tiwari & Sons,7928131059,,"405, Layout, Nagpur, Maharashtra - 372273",ACC01118,ENT00784
REC001618,CORPORATE_BANKING,A. Khan,9941870272,HBNWL6301Q,,ACC01120,ENT00785
REC001619,RETAIL_CBS,Amandeep Plilai,,VPNRV4424I,"583, Avenue, Mysuru, Karnataka - 597489",ACC01122,ENT00786
REC001620,CORPORATE_BANKING,Rekha Sharma & Sons,7058015027,OVOQL5681W,"858, Cross Street, Bengaluru, Karnataka - 221835",ACC01123,ENT00787
REC001621,RETAIL_CBS,R. Sharma,7058015027,OVOQL5681W,"858, Cross Street, Bengaluru, Karnataka - 221835",ACC01123,ENT00787
REC001622,CORPORATE_BANKING,Rekha Sharma,7058015027,OVOQL5681W,,ACC01123,ENT00787
REC001623,RETAIL_CBS,Radha Gupta,6843219490,WGWIT0210B,,ACC01124,ENT00788
REC001624,CORPORATE_BANKING,R. Gupta,6843219490,,"467, Cross Street, Surat, Gujarat - 237604",ACC01124,ENT00788
REC001625,RETAIL_CBS,SANJAY KHAN,,,"279, Extension, Chandigarh, Punjab - 379690",ACC01125,ENT00789
REC001626,CORPORATE_BANKING,Sanjay Kahn,8640136765,NDLGC4412E,"279, Extension, Chandigarh, Punjab - 379690",ACC01125,ENT00789
REC001627,RETAIL_CBS,S. Khan,,NDLGC4412E,"279, Extension, Chandigarh, Punjab - 379690",ACC01125,ENT00789
REC001628,RETAIL_CBS,Shobha Patel,6475019646,MWLMK5786O,,ACC01126,ENT00790
REC001629,CORPORATE_BANKING,Patel Shobha,,,,ACC01126,ENT00790
REC001630,RETAIL_CBS,A. Chatterjee,7410477945,JDWBD5608U,"17, Cross Street, Nagpur, Maharashtra - 230309",ACC01127,ENT00791
REC001631,CORPORATE_BANKING,Yadav Simran,,,"504, Layout, Pune, Maharashtra - 639208",ACC01128,ENT00792
REC001632,CORPORATE_BANKING,SIMRAN YADAV,9974429416,JCYUP2436T,"504, Layout, Pune, Maharashtra - 639208",ACC01128,ENT00792
REC001633,RETAIL_CBS,Simran Yaav,9974429416,JCYUP2436T,,ACC01128,ENT00792
REC001634,CORPORATE_BANKING,Sangeeta Thoas,9272822760,BOQMD8051K,"804, Cross Street, Mysuru, Karnataka - 210166",ACC01129,ENT00793
REC001635,RETAIL_CBS,Nithya Pillai & Sons & Sons,9615626964,,"260, Nagar, Kolkata, West Bengal - 286041",ACC01130,ENT00794
REC001636,RETAIL_CBS,Nithya Pillai & Sosn,,MBZMQ3015V,"260, Nagar, Kolkata, West Bengal - 286041",ACC01131,ENT00794
REC001637,RETAIL_CBS,Gurpreet Pillai & Sos,9404193756,SXMQI3963O,"212, Colony, Mumbai, Maharashtra - 230452",ACC01132,ENT00795
REC001638,CORPORATE_BANKING,D. Verma,8409885369,DBAJF7746H,,ACC01134,ENT00796
REC001639,CORPORATE_BANKING,Deepak Veram,8409885369,DBAJF7746H,"25, Nagar, Bengaluru, Karnataka - 383725",ACC01134,ENT00796
REC001640,RETAIL_CBS,Ramesh Kumar,7752161900,EJNFA8986Z,,ACC01135,ENT00797
REC001641,RETAIL_CBS,Ramesh Kumra,7752161900,EJNFA8986Z,"661, Colony, Ahmedabad, Gujarat - 141510",ACC01135,ENT00797
REC001642,CORPORATE_BANKING,Vandana Banasl,9760242853,GVXPS4992E,"922, Nagar, Ahmedabad, Gujarat - 198357",ACC01136,ENT00798
REC001643,CORPORATE_BANKING,Vandana Bansal,9760242853,GVXPS4992E,,ACC01137,ENT00798
REC001644,CORPORATE_BANKING,V. Bansal,9760242853,,"922, Nagar, Ahmedabad, Gujarat - 198357",ACC01138,ENT00798
REC001645,CORPORATE_BANKING,H. Pillai,9112053756,YMRLT7210R,"437, Avenue, Jaipur, Rajasthan - 396457",ACC01139,ENT00799
REC001646,CORPORATE_BANKING,J. Rao,,UKHDI2812T,"833, Cross Street, Madurai, Tamil Nadu - 252586",ACC01140,ENT00800
REC001647,RETAIL_CBS,Jyoti Rao,9318603059,UKHDI2812T,"833, Cross Street, Madurai, Tamil Nadu - 252586",ACC01140,ENT00800
REC001648,RETAIL_CBS,JYOTI RAO,,UKHDI2812T,,ACC01140,ENT00800
REC001649,RETAIL_CBS,Sandeep Verma & Sons,9987512292,AQNZV3420A,"457, Main Road, Coimbatore, Tamil Nadu - 554317",ACC01141,ENT00801
REC001650,CORPORATE_BANKING,SANDEEP VERMA,9987512292,AQNZV3420A,"457, Main Road, Coimbatore, Tamil Nadu - 554317",ACC01141,ENT00801
REC001651,CORPORATE_BANKING,Sandeep Vrema,9987512292,AQNZV3420A,"457, Main Road, Coimbatore, Tamil Nadu - 554317",ACC01141,ENT00801
REC001652,RETAIL_CBS,Padma Menon,7253120067,EIQNU2282S,"791, Nagar, Mysuru, Karnataka - 354335",ACC01142,ENT00802
REC001653,CORPORATE_BANKING,Padma Mnon,7253120067,EIQNU2282S,"791, Nagar, Mysuru, Karnataka - 354335",ACC01142,ENT00802
REC001654,RETAIL_CBS,SUNIL MISHRA,,WPDEE2479J,,ACC01143,ENT00803
REC001655,CORPORATE_BANKING,Sunil Mishra & Sons,8760234151,WPDEE2479J,,ACC01143,ENT00803
REC001656,RETAIL_CBS,Kritika Sandhu & Sons,6225855538,ONMMQ2419H,,ACC01144,ENT00804
REC001657,RETAIL_CBS,K. Sandhu,,ONMMQ2419H,"869, Avenue, Chennai, Tamil Nadu - 426976",ACC01144,ENT00804
REC001658,RETAIL_CBS,A. Trivedi,7498891924,LGIRT8517O,,ACC01145,ENT00805
REC001659,RETAIL_CBS,Kalpana Sheikh & Sons,6679937528,RSSFM7298L,"241, Cross Street, Chandigarh, Punjab - 148060",ACC01148,ENT00806
REC001660,CORPORATE_BANKING,KALPANA SHEIKH,6679937528,,"241, Cross Street, Chandigarh, Punjab - 148060",ACC01149,ENT00806
REC001661,RETAIL_CBS,R. Joshi,,,"359, Layout, Bhopal, Madhya Pradesh - 262629",ACC01151,ENT00807
REC001662,CORPORATE_BANKING,Ritu Johi,6631111905,XGKFB1026K,"359, Layout, Bhopal, Madhya Pradesh - 262629",ACC01152,ENT00807
REC001663,CORPORATE_BANKING,K. Ansari,6872827207,WBFOJ0087U,"305, Cross Street, Surat, Gujarat - 104963",ACC01153,ENT00808
REC001664,RETAIL_CBS,Kritika Anasri,6872827207,WBFOJ0087U,"305, Cross Street, Surat, Gujarat - 104963",ACC01153,ENT00808
REC001665,RETAIL_CBS,Ansari Kritika,6872827207,WBFOJ0087U,"305, Cross Street, Surat, Gujarat - 104963",ACC01153,ENT00808
REC001666,CORPORATE_BANKING,R. Sandhu,8692928575,RDCEN2279S,"375, Nagar, Bhopal, Madhya Pradesh - 463786",ACC01154,ENT00809
REC001667,RETAIL_CBS,Ravi Sanhdu,8692928575,RDCEN2279S,"375, Nagar, Bhopal, Madhya Pradesh - 463786",ACC01154,ENT00809
REC001668,CORPORATE_BANKING,Ramesh Glil,8175381509,HBGWN9261B,,ACC01155,ENT00810
REC001669,RETAIL_CBS,DIVYA PILLAI & SONS,7517986419,KYBXI0634U,"547, Layout, Patna, Bihar - 685341",ACC01156,ENT00811
REC001670,RETAIL_CBS,D. Pillai & Sons,7517986419,KYBXI0634U,"547, Layout, Patna, Bihar - 685341",ACC01156,ENT00811
REC001671,CORPORATE_BANKING,Joseph Bnasal,9722961450,,"473, Nagar, Kolkata, West Bengal - 228604",ACC01157,ENT00812
REC001672,CORPORATE_BANKING,J. Bansal,9722961450,AJDDG7596R,"473, Nagar, Kolkata, West Bengal - 228604",ACC01157,ENT00812
REC001673,RETAIL_CBS,Anna Jani,,OURSI5546J,"518, Main Road, Pune, Maharashtra - 561035",ACC01158,ENT00813
REC001674,RETAIL_CBS,A. Mukherjee,8156232705,VEVNR1440N,"120, Main Road, Surat, Gujarat - 162052",ACC01160,ENT00814
REC001675,CORPORATE_BANKING,Arjun Mukherjee,8156232705,VEVNR1440N,"120, Main Road, Surat, Gujarat - 162052",ACC01160,ENT00814
REC001676,RETAIL_CBS,Joseph Pndey,,CPRME4009Y,"35, Avenue, Kochi, Kerala - 184201",ACC01161,ENT00815
REC001677,CORPORATE_BANKING,Joseph Pandey & Sons,6992770487,CPRME4009Y,"35, Avenue, Kochi, Kerala - 184201",ACC01161,ENT00815
REC001678,RETAIL_CBS,Rahul Gill,,,"158, Colony, Coimbatore, Tamil Nadu - 673102",ACC01162,ENT00816
REC001679,RETAIL_CBS,DEEPA JAIN,7731733852,ZNFAB6627U,,ACC01163,ENT00817
REC001680,RETAIL_CBS,Rajesh Aarwal,,EYOCX3701W,"586, Main Road, Chandigarh, Punjab - 656474",ACC01164,ENT00818
REC001681,CORPORATE_BANKING,Rajesh Agarwal & Sons,6028797774,,,ACC01164,ENT00818
REC001682,RETAIL_CBS,RAJESH AGARWAL,6028797774,EYOCX3701W,"586, Main Road, Chandigarh, Punjab - 656474",ACC01164,ENT00818
REC001683,RETAIL_CBS,Kalpana Kumra,8463802409,,"120, Extension, Kochi, Kerala - 670027",ACC01165,ENT00819
REC001684,CORPORATE_BANKING,KALPANA KUMAR,8463802409,KJCWD6444H,"120, Extension, Kochi, Kerala - 670027",ACC01166,ENT00819
REC001685,CORPORATE_BANKING,K. Kumar,8463802409,KJCWD6444H,"120, Extension, Kochi, Kerala - 670027",ACC01165,ENT00819
REC001686,RETAIL_CBS,Kritika Iyer & Sons,6865498014,YOIKX9859K,"483, Layout, Delhi, Delhi - 508635",ACC01167,ENT00820
REC001687,RETAIL_CBS,Kritika Iyre,6865498014,,"483, Layout, Delhi, Delhi - 508635",ACC01167,ENT00820
REC001688,RETAIL_CBS,Kiran Bhatt,9468727009,MPWNK0012A,,ACC01168,ENT00821
REC001689,CORPORATE_BANKING,Kiran Bhtat,,MPWNK0012A,"647, Colony, Chandigarh, Punjab - 538455",ACC01168,ENT00821
REC001690,CORPORATE_BANKING,KIRAN BHATT,9468727009,MPWNK0012A,,ACC01168,ENT00821
REC001691,CORPORATE_BANKING,Rohit Seikh,6004877930,,"289, Cross Street, Pune, Maharashtra - 462301",ACC01169,ENT00822
REC001692,CORPORATE_BANKING,R. Sheikh,6004877930,VWJYV0121H,"289, Cross Street, Pune, Maharashtra - 462301",ACC01169,ENT00822
REC001693,RETAIL_CBS,Pankaj Yaadv,,LCTUR8794L,,ACC01170,ENT00823
REC001694,CORPORATE_BANKING,Yadav Pankaj,,LCTUR8794L,"420, Colony, Coimbatore, Tamil Nadu - 360187",ACC01170,ENT00823
REC001695,RETAIL_CBS,Mehta Harpreet,6471207381,HDIDM7830S,"413, Cross Street, Kochi, Kerala - 201014",ACC01171,ENT00824
REC001696,RETAIL_CBS,Harpreet Mehta,,HDIDM7830S,,ACC01171,ENT00824
REC001697,CORPORATE_BANKING,Thomas Mihsra,7140373634,,,ACC01172,ENT00825
REC001698,RETAIL_CBS,Mishra Thomas,7140373634,LHUPM8375E,"440, Avenue, Bengaluru, Karnataka - 670760",ACC01173,ENT00825
REC001699,RETAIL_CBS,Nithya Thomas,,OULXB8600V,"482, Extension, Pune, Maharashtra - 128728",ACC01174,ENT00826
REC001700,RETAIL_CBS,A. Mukherjee,6159006315,,,ACC01176,ENT00827
REC001701,CORPORATE_BANKING,Anjali Mukherje,,,"680, Cross Street, Madurai, Tamil Nadu - 697780",ACC01176,ENT00827
REC001702,CORPORATE_BANKING,H. Bhatt,7128181740,TGBFR7227M,,ACC01177,ENT00828
REC001703,RETAIL_CBS,Harpreet Bhatt,7128181740,,"617, Main Road, Chennai, Tamil Nadu - 183934",ACC01177,ENT00828
REC001704,RETAIL_CBS,Bhatt Harpreet,7128181740,TGBFR7227M,"617, Main Road, Chennai, Tamil Nadu - 183934",ACC01177,ENT00828
REC001705,RETAIL_CBS,Jyoti Chatterjee & Sons,,UMHLV8451I,,ACC01178,ENT00829
REC001706,CORPORATE_BANKING,H. Bansal,,UIAPA3256U,"435, Extension, Kochi, Kerala - 665079",ACC01179,ENT00830
REC001707,RETAIL_CBS,Harish Bnsal,,UIAPA3256U,,ACC01180,ENT00830
REC001708,CORPORATE_BANKING,Joseph Meon,6407724970,AZPRG5000Q,,ACC01181,ENT00831
REC001709,RETAIL_CBS,Joseph Menon,,,"445, Cross Street, Madurai, Tamil Nadu - 552315",ACC01181,ENT00831
REC001710,CORPORATE_BANKING,Sunil Deai,6420225247,,"23, Layout, Kolkata, West Bengal - 258902",ACC01182,ENT00832
REC001711,CORPORATE_BANKING,Sunil Desia,6420225247,DYUXL4407V,"23, Layout, Kolkata, West Bengal - 258902",ACC01182,ENT00832
REC001712,RETAIL_CBS,Desai Sunil,6420225247,DYUXL4407V,"23, Layout, Kolkata, West Bengal - 258902",ACC01182,ENT00832
REC001713,CORPORATE_BANKING,R. Sidhu,6305455554,HICXH7589E,"456, Extension, Lucknow, Uttar Pradesh - 605204",ACC01183,ENT00833
REC001714,CORPORATE_BANKING,Rajwinder Sdhu,,HICXH7589E,,ACC01183,ENT00833
REC001715,RETAIL_CBS,Sidhu Rajwinder,,HICXH7589E,,ACC01183,ENT00833
REC001716,RETAIL_CBS,S. Varghese,9421339713,LWOFI4668R,"524, Main Road, Patna, Bihar - 681214",ACC01184,ENT00834
REC001717,RETAIL_CBS,HARISH KAUR,6165703085,KGCWR2902S,,ACC01185,ENT00835
REC001718,RETAIL_CBS,NITHYA DAS,,GJZAT0662M,"450, Extension, Kochi, Kerala - 160192",ACC01188,ENT00836
REC001719,RETAIL_CBS,Nithya Das,7926136691,GJZAT0662M,"450, Extension, Kochi, Kerala - 160192",ACC01188,ENT00836
REC001720,CORPORATE_BANKING,Das Nithya,,GJZAT0662M,,ACC01188,ENT00836
REC001721,CORPORATE_BANKING,R. Menon,6900648930,YTLTL9256E,"56, Cross Street, Kolkata, West Bengal - 570844",ACC01189,ENT00837
REC001722,RETAIL_CBS,Ravi Menon,,YTLTL9256E,"56, Cross Street, Kolkata, West Bengal - 570844",ACC01190,ENT00837
REC001723,RETAIL_CBS,Ravi Menon & Sons,6900648930,,"56, Cross Street, Kolkata, West Bengal - 570844",ACC01189,ENT00837
REC001724,CORPORATE_BANKING,KIRAN SINGH,9638635821,XUJEJ9556L,,ACC01191,ENT00838
REC001725,CORPORATE_BANKING,K. Singh,9638635821,,,ACC01191,ENT00838
REC001726,RETAIL_CBS,Kiran Singh,9638635821,,"126, Layout, Lucknow, Uttar Pradesh - 367874",ACC01191,ENT00838
REC001727,CORPORATE_BANKING,Amit Saena,,CYEPG5804L,"785, Colony, Patna, Bihar - 661797",ACC01192,ENT00839
REC001728,CORPORATE_BANKING,Amit Saxena,6246161817,CYEPG5804L,,ACC01193,ENT00839
REC001729,CORPORATE_BANKING,Radha Rao & Sons,9486572304,OSVGN6762R,,ACC01194,ENT00840
REC001730,RETAIL_CBS,R. Rao,9486572304,,"630, Nagar, Jaipur, Rajasthan - 479670",ACC01194,ENT00840
REC001731,RETAIL_CBS,Sabiha Mheta,6842517997,IIHCW2735X,"950, Extension, Coimbatore, Tamil Nadu - 657165",ACC01195,ENT00841
REC001732,RETAIL_CBS,S. Mehta,,IIHCW2735X,"950, Extension, Coimbatore, Tamil Nadu - 657165",ACC01195,ENT00841
REC001733,CORPORATE_BANKING,Vasantha Rao,7997030418,,"806, Avenue, Mumbai, Maharashtra - 226038",ACC01196,ENT00842
REC001734,CORPORATE_BANKING,V. Rao,7997030418,KSDTX7605F,"806, Avenue, Mumbai, Maharashtra - 226038",ACC01197,ENT00842
REC001735,CORPORATE_BANKING,Rao Vasantha,7997030418,KSDTX7605F,"806, Avenue, Mumbai, Maharashtra - 226038",ACC01196,ENT00842
REC001736,CORPORATE_BANKING,KARTHIK REDDY,8012672718,TMCUK3913Z,"34, Avenue, Jaipur, Rajasthan - 695436",ACC01198,ENT00843
REC001737,CORPORATE_BANKING,Karthik Reddy,8012672718,,"34, Avenue, Jaipur, Rajasthan - 695436",ACC01198,ENT00843
REC001738,RETAIL_CBS,K. Reddy,8012672718,TMCUK3913Z,,ACC01198,ENT00843
REC001739,CORPORATE_BANKING,Mary Tiwari & Sons,6230409995,RPQVF3891Y,"801, Extension, Hyderabad, Telangana - 485246",ACC01199,ENT00844
REC001740,RETAIL_CBS,MARY TIWARI,6230409995,RPQVF3891Y,"801, Extension, Hyderabad, Telangana - 485246",ACC01199,ENT00844
REC001741,CORPORATE_BANKING,Amandeep Kapoor,8543568187,,"541, Nagar, Bengaluru, Karnataka - 697776",ACC01200,ENT00845
REC001742,CORPORATE_BANKING,Manpreet Brra,9602733614,LBHNO6469B,"325, Extension, Jaipur, Rajasthan - 233098",ACC01201,ENT00846
REC001743,RETAIL_CBS,Manpreet Brar & Sons,,LBHNO6469B,"325, Extension, Jaipur, Rajasthan - 233098",ACC01202,ENT00846
REC001744,CORPORATE_BANKING,Brar Manpreet,9602733614,LBHNO6469B,"325, Extension, Jaipur, Rajasthan - 233098",ACC01201,ENT00846
REC001745,RETAIL_CBS,Lakshmi Anasri,8888493614,NQWTL7145Q,"218, Extension, Mysuru, Karnataka - 390867",ACC01203,ENT00847
REC001746,CORPORATE_BANKING,SRINIVAS TIWARI,9632646771,,"419, Colony, Pune, Maharashtra - 233359",ACC01204,ENT00848
REC001747,CORPORATE_BANKING,Srinivas Twiari,9632646771,IOJYV1872L,"419, Colony, Pune, Maharashtra - 233359",ACC01204,ENT00848
REC001748,CORPORATE_BANKING,Srinivas Tiwari,9632646771,IOJYV1872L,"419, Colony, Pune, Maharashtra - 233359",ACC01204,ENT00848
REC001749,RETAIL_CBS,Ashok Banerjee & Sons,7770401950,TSPSP8859Y,"75, Colony, Delhi, Delhi - 132273",ACC01205,ENT00849
REC001750,CORPORATE_BANKING,Neha Khan,7552103607,,"233, Colony, Patna, Bihar - 418709",ACC01207,ENT00850
REC001751,CORPORATE_BANKING,N. Khan,7552103607,,"233, Colony, Patna, Bihar - 418709",ACC01208,ENT00850
REC001752,CORPORATE_BANKING,Khan Neha,7552103607,SUQSZ6881E,"233, Colony, Patna, Bihar - 418709",ACC01207,ENT00850
REC001753,CORPORATE_BANKING,Arjun Bansla,,VVOFS1842G,"207, Nagar, Patna, Bihar - 102085",ACC01209,ENT00851
REC001754,RETAIL_CBS,Bansal Arjun,6168570305,VVOFS1842G,"207, Nagar, Patna, Bihar - 102085",ACC01209,ENT00851
REC001755,RETAIL_CBS,Arjun Bansal & Sons,,VVOFS1842G,,ACC01209,ENT00851
REC001756,RETAIL_CBS,R. Naidu,6520941480,KESTJ4740O,"159, Avenue, Chandigarh, Punjab - 361472",ACC01210,ENT00852
REC001757,RETAIL_CBS,Rahul Naidu,,KESTJ4740O,"159, Avenue, Chandigarh, Punjab - 361472",ACC01211,ENT00852
REC001758,CORPORATE_BANKING,Rahul Naidu & Sons,6520941480,KESTJ4740O,"159, Avenue, Chandigarh, Punjab - 361472",ACC01210,ENT00852
REC001759,CORPORATE_BANKING,Vijay Mukhrjee,7641398128,MNXXT8003L,,ACC01212,ENT00853
REC001760,RETAIL_CBS,VIJAY MUKHERJEE,,MNXXT8003L,"201, Colony, Coimbatore, Tamil Nadu - 484421",ACC01212,ENT00853
REC001761,RETAIL_CBS,Vijay Mukhejree,7641398128,MNXXT8003L,,ACC01212,ENT00853
REC001762,CORPORATE_BANKING,Gopal Bhtt,6973112717,,"38, Nagar, Mumbai, Maharashtra - 300447",ACC01213,ENT00854
REC001763,RETAIL_CBS,Pooja Sandhu & Sons,6589271833,FFPGW8549Q,,ACC01214,ENT00855
REC001764,RETAIL_CBS,G. Sidhu,,LSWOX1334K,,ACC01215,ENT00856
REC001765,RETAIL_CBS,GEORGE SIDHU,8895937757,,"963, Colony, Madurai, Tamil Nadu - 106287",ACC01215,ENT00856
REC001766,RETAIL_CBS,George Sihu,,,"963, Colony, Madurai, Tamil Nadu - 106287",ACC01215,ENT00856
REC001767,RETAIL_CBS,SABIHA GILL,7314899097,FCRFT2602N,,ACC01216,ENT00857
REC001768,CORPORATE_BANKING,Sabiha Gill,7314899097,FCRFT2602N,,ACC01217,ENT00857
REC001769,RETAIL_CBS,S. Gill,7314899097,FCRFT2602N,"463, Colony, Jaipur, Rajasthan - 524745",ACC01216,ENT00857
REC001770,RETAIL_CBS,Saxena Susan,8587351996,HGZLN4592M,"13, Avenue, Mysuru, Karnataka - 271885",ACC01218,ENT00858
REC001771,RETAIL_CBS,Susan Saxea,,HGZLN4592M,"13, Avenue, Mysuru, Karnataka - 271885",ACC01219,ENT00858
REC001772,CORPORATE_BANKING,Pooja Brar,9639967328,,"44, Nagar, Surat, Gujarat - 258207",ACC01220,ENT00859
REC001773,CORPORATE_BANKING,Pooja Brar & Sons,9639967328,QJIMT7781U,"44, Nagar, Surat, Gujarat - 258207",ACC01221,ENT00859
REC001774,RETAIL_CBS,K. Iyer,9248821345,LYNKI8852U,"641, Extension, Pune, Maharashtra - 337291",ACC01222,ENT00860
REC001775,RETAIL_CBS,Karthik Iyer,9248821345,,"641, Extension, Pune, Maharashtra - 337291",ACC01222,ENT00860
REC001776,CORPORATE_BANKING,Karthik Iyer & Sons,9248821345,LYNKI8852U,"641, Extension, Pune, Maharashtra - 337291",ACC01222,ENT00860
REC001777,CORPORATE_BANKING,Rao Imran,8525563035,ARWPW8502O,"900, Avenue, Bengaluru, Karnataka - 592829",ACC01223,ENT00861
REC001778,RETAIL_CBS,Imran Rao & Sons,8525563035,ARWPW8502O,"900, Avenue, Bengaluru, Karnataka - 592829",ACC01223,ENT00861
REC001779,RETAIL_CBS,IMRAN RAO,8525563035,ARWPW8502O,"900, Avenue, Bengaluru, Karnataka - 592829",ACC01223,ENT00861
REC001780,RETAIL_CBS,A. Thomas,8379776645,HXNEN3463O,"506, Nagar, Mumbai, Maharashtra - 267927",ACC01224,ENT00862
REC001781,RETAIL_CBS,Singh Rajesh,9688797920,LNQWG8032L,"515, Nagar, Bhopal, Madhya Pradesh - 633407",ACC01225,ENT00863
REC001782,CORPORATE_BANKING,R. Singh,9688797920,LNQWG8032L,"515, Nagar, Bhopal, Madhya Pradesh - 633407",ACC01226,ENT00863
REC001783,RETAIL_CBS,Nair Usha,,HFIHJ2292A,"640, Colony, Patna, Bihar - 421101",ACC01227,ENT00864
REC001784,CORPORATE_BANKING,U. Nair,8830873497,HFIHJ2292A,"640, Colony, Patna, Bihar - 421101",ACC01227,ENT00864
REC001785,RETAIL_CBS,Usha Niar,8830873497,HFIHJ2292A,"640, Colony, Patna, Bihar - 421101",ACC01227,ENT00864
REC001786,CORPORATE_BANKING,Vijay Plilai,,,,ACC01228,ENT00865
REC001787,RETAIL_CBS,Deepak Barr,,HWLOV8604Q,"945, Nagar, Chennai, Tamil Nadu - 324441",ACC01229,ENT00866
REC001788,CORPORATE_BANKING,Rajesh Bansal & Sons,8242539385,PJGEB6542Q,"658, Avenue, Thiruvananthapuram, Kerala - 679870",ACC01230,ENT00867
REC001789,RETAIL_CBS,Rajesh Bansal,8242539385,PJGEB6542Q,,ACC01230,ENT00867
REC001790,RETAIL_CBS,RAJESH BANSAL,8242539385,PJGEB6542Q,"658, Avenue, Thiruvananthapuram, Kerala - 679870",ACC01230,ENT00867
REC001791,CORPORATE_BANKING,Manisha Sengupta & Sons,6919781752,HQSQV8494C,"47, Cross Street, Surat, Gujarat - 266510",ACC01231,ENT00868
REC001792,CORPORATE_BANKING,Sengupta Manisha,,HQSQV8494C,"47, Cross Street, Surat, Gujarat - 266510",ACC01231,ENT00868
REC001793,CORPORATE_BANKING,MANISHA SENGUPTA,,HQSQV8494C,"47, Cross Street, Surat, Gujarat - 266510",ACC01231,ENT00868
REC001794,CORPORATE_BANKING,SUSAN AHMED,7373968614,,"681, Nagar, Chennai, Tamil Nadu - 284170",ACC01232,ENT00869
REC001795,RETAIL_CBS,Naveen Sidhu,,YMOHC1609Q,"746, Cross Street, Coimbatore, Tamil Nadu - 111233",ACC01233,ENT00870
REC001796,CORPORATE_BANKING,Rekha Saxea,,OOETQ4481J,"654, Cross Street, Kolkata, West Bengal - 366445",ACC01234,ENT00871
REC001797,CORPORATE_BANKING,Rekha Saxena,,,"654, Cross Street, Kolkata, West Bengal - 366445",ACC01234,ENT00871
REC001798,CORPORATE_BANKING,REKHA SAXENA,7216593094,OOETQ4481J,"654, Cross Street, Kolkata, West Bengal - 366445",ACC01234,ENT00871
REC001799,RETAIL_CBS,Banerjee Geeta,7612428095,VKPJX7381Y,"402, Main Road, Kochi, Kerala - 513170",ACC01235,ENT00872
REC001800,CORPORATE_BANKING,K. Qureshi,9647514999,QRQIR4139X,,ACC01236,ENT00873
REC001801,RETAIL_CBS,Simran Asnari,8050913418,XEKMZ3355G,"329, Colony, Bengaluru, Karnataka - 517013",ACC01237,ENT00874
REC001802,RETAIL_CBS,Ansari Simran,8050913418,,,ACC01238,ENT00874
REC001803,CORPORATE_BANKING,M. Dhillon,6663317381,SWWFG3350P,"52, Avenue, Mumbai, Maharashtra - 209311",ACC01239,ENT00875
REC001804,RETAIL_CBS,Muthu Dihllon,6663317381,SWWFG3350P,"52, Avenue, Mumbai, Maharashtra - 209311",ACC01239,ENT00875
REC001805,CORPORATE_BANKING,MUTHU DHILLON,6663317381,SWWFG3350P,"52, Avenue, Mumbai, Maharashtra - 209311",ACC01239,ENT00875
REC001806,CORPORATE_BANKING,Rajwinder Vrema,8479967111,,"163, Main Road, Kochi, Kerala - 615269",ACC01240,ENT00876
REC001807,CORPORATE_BANKING,Verma Rajwinder,8479967111,CGQKS7718H,"163, Main Road, Kochi, Kerala - 615269",ACC01240,ENT00876
REC001808,CORPORATE_BANKING,Rajwinder Verma & Sons,8479967111,CGQKS7718H,,ACC01240,ENT00876
REC001809,CORPORATE_BANKING,Bhavana Tomas,8528052522,,"476, Cross Street, Thiruvananthapuram, Kerala - 109302",ACC01241,ENT00877
REC001810,CORPORATE_BANKING,Bhavana Thomas,8528052522,FTYUQ1675P,"476, Cross Street, Thiruvananthapuram, Kerala - 109302",ACC01241,ENT00877
REC001811,RETAIL_CBS,BHAVANA THOMAS,8528052522,FTYUQ1675P,,ACC01241,ENT00877
REC001812,CORPORATE_BANKING,P. Ghosh,6067025450,VLSZC9439L,,ACC01242,ENT00878
REC001813,RETAIL_CBS,Shreya Dhillon & Sons,7291792223,LHKPD6044P,"758, Layout, Pune, Maharashtra - 360859",ACC01244,ENT00879
REC001814,RETAIL_CBS,V. Ghosh,7904085642,YXFDY9016Z,"227, Nagar, Pune, Maharashtra - 114091",ACC01245,ENT00880
REC001815,RETAIL_CBS,Vikram Ghosh,,YXFDY9016Z,"227, Nagar, Pune, Maharashtra - 114091",ACC01245,ENT00880
REC001816,RETAIL_CBS,Vikram Gohsh,,YXFDY9016Z,,ACC01245,ENT00880
REC001817,RETAIL_CBS,Kapoor George,,NLQLS0408Q,"658, Nagar, Mumbai, Maharashtra - 219034",ACC01246,ENT00881
REC001818,RETAIL_CBS,George Kaopor,8955858200,NLQLS0408Q,"658, Nagar, Mumbai, Maharashtra - 219034",ACC01247,ENT00881
REC001819,RETAIL_CBS,Agarwal Anna,6507637192,DPLYE9283W,,ACC01249,ENT00882
REC001820,RETAIL_CBS,Ayesha Metha,6516253059,PUZVD6281O,"883, Nagar, Nagpur, Maharashtra - 417395",ACC01252,ENT00883
REC001821,CORPORATE_BANKING,Mehta Ayesha,6516253059,PUZVD6281O,"883, Nagar, Nagpur, Maharashtra - 417395",ACC01253,ENT00883
REC001822,RETAIL_CBS,Fatima Patel,,JQBNW2282A,"3, Layout, Surat, Gujarat - 252766",ACC01255,ENT00884
REC001823,RETAIL_CBS,F. Patel,,JQBNW2282A,"3, Layout, Surat, Gujarat - 252766",ACC01255,ENT00884
REC001824,CORPORATE_BANKING,FATIMA PATEL,7484039643,,"3, Layout, Surat, Gujarat - 252766",ACC01255,ENT00884
REC001825,RETAIL_CBS,PRAKASH MENON,6073360048,VJIYO7223S,"995, Extension, Delhi, Delhi - 308281",ACC01256,ENT00885
REC001826,RETAIL_CBS,Menon Prakash,6073360048,VJIYO7223S,"995, Extension, Delhi, Delhi - 308281",ACC01256,ENT00885
REC001827,RETAIL_CBS,Fatima Amhed,6140348603,,"541, Colony, Ahmedabad, Gujarat - 515474",ACC01257,ENT00886
REC001828,RETAIL_CBS,Aarti Agawral,7436793998,IYYLX1304G,"690, Cross Street, Pune, Maharashtra - 208279",ACC01258,ENT00887
REC001829,CORPORATE_BANKING,Agarwal Aarti,7436793998,IYYLX1304G,"690, Cross Street, Pune, Maharashtra - 208279",ACC01258,ENT00887
REC001830,CORPORATE_BANKING,Aarti Agaral,7436793998,IYYLX1304G,,ACC01258,ENT00887
REC001831,RETAIL_CBS,Shah Ritu,7249203337,EJZWW0898N,"630, Colony, Chennai, Tamil Nadu - 601334",ACC01259,ENT00888
REC001832,CORPORATE_BANKING,Ritu Shah,,EJZWW0898N,"630, Colony, Chennai, Tamil Nadu - 601334",ACC01260,ENT00888
REC001833,RETAIL_CBS,Kritika Banerjee,9710337715,ETJBL5994P,"239, Avenue, Patna, Bihar - 465466",ACC01261,ENT00889
REC001834,RETAIL_CBS,V. Jain,7099274536,BISPB7176U,"972, Layout, Bengaluru, Karnataka - 161297",ACC01262,ENT00890
REC001835,RETAIL_CBS,VINOD JAIN,7099274536,BISPB7176U,"972, Layout, Bengaluru, Karnataka - 161297",ACC01263,ENT00890
REC001836,RETAIL_CBS,Vinod Jani,7099274536,BISPB7176U,"972, Layout, Bengaluru, Karnataka - 161297",ACC01262,ENT00890
REC001837,CORPORATE_BANKING,Mary Triedi,,UIVNY1985W,,ACC01264,ENT00891
REC001838,CORPORATE_BANKING,Vandana Segupta,6115850036,QJFMN3663O,,ACC01266,ENT00892
REC001839,CORPORATE_BANKING,Sengupta Vandana,6115850036,,"778, Main Road, Chandigarh, Punjab - 698834",ACC01267,ENT00892
REC001840,CORPORATE_BANKING,Geeta Reddy & Sons,9831410951,ORBWB4750A,,ACC01268,ENT00893
REC001841,RETAIL_CBS,G. Reddy,,ORBWB4750A,"882, Cross Street, Ahmedabad, Gujarat - 257751",ACC01268,ENT00893
REC001842,RETAIL_CBS,Reddy Geeta,9831410951,ORBWB4750A,"882, Cross Street, Ahmedabad, Gujarat - 257751",ACC01268,ENT00893
REC001843,RETAIL_CBS,Varghese Vikram,,,"691, Extension, Lucknow, Uttar Pradesh - 630153",ACC01269,ENT00894
REC001844,CORPORATE_BANKING,V. Varghese,8763980953,HYONZ6066O,"691, Extension, Lucknow, Uttar Pradesh - 630153",ACC01269,ENT00894
REC001845,CORPORATE_BANKING,Anjali Gill,8615297539,EGYKM5085I,"646, Cross Street, Bhopal, Madhya Pradesh - 441746",ACC01270,ENT00895
REC001846,RETAIL_CBS,Anjali Gill & Sons,,EGYKM5085I,"646, Cross Street, Bhopal, Madhya Pradesh - 441746",ACC01270,ENT00895
REC001847,CORPORATE_BANKING,A. Gill,8615297539,EGYKM5085I,"646, Cross Street, Bhopal, Madhya Pradesh - 441746",ACC01270,ENT00895
REC001848,CORPORATE_BANKING,Nitin Dubey & Sons,8803728979,VYAOQ6182M,"77, Nagar, Mumbai, Maharashtra - 283214",ACC01271,ENT00896
REC001849,RETAIL_CBS,Nitin Dueby,8803728979,VYAOQ6182M,"77, Nagar, Mumbai, Maharashtra - 283214",ACC01271,ENT00896
REC001850,RETAIL_CBS,Nitin Dubey,,VYAOQ6182M,,ACC01271,ENT00896
REC001851,RETAIL_CBS,Malhotra Sabiha,7499726670,BCDWA5578N,"476, Colony, Chennai, Tamil Nadu - 515274",ACC01272,ENT00897
REC001852,CORPORATE_BANKING,Menon Geeta,,ZIIPU6531J,"258, Main Road, Surat, Gujarat - 599267",ACC01273,ENT00898
REC001853,RETAIL_CBS,Malik Bhavana,7336726997,SFLWV3730X,"238, Nagar, Surat, Gujarat - 495445",ACC01274,ENT00899
REC001854,CORPORATE_BANKING,Bhavana Mlik,,SFLWV3730X,"238, Nagar, Surat, Gujarat - 495445",ACC01275,ENT00899
REC001855,CORPORATE_BANKING,MANISHA GUPTA,9167114245,,"302, Main Road, Chandigarh, Punjab - 105675",ACC01276,ENT00900
REC001856,CORPORATE_BANKING,Gupta Manisha,9167114245,RBYSJ1385U,,ACC01276,ENT00900
REC001857,CORPORATE_BANKING,Ayesha Menon,,BYVAW5014S,"577, Extension, Patna, Bihar - 214242",ACC01277,ENT00901
REC001858,RETAIL_CBS,Chauhan Prakash,6363122246,LPDGM0902R,"874, Colony, Jaipur, Rajasthan - 179868",ACC01279,ENT00902
REC001859,CORPORATE_BANKING,Prakash Chauhan & Sons,6363122246,LPDGM0902R,"874, Colony, Jaipur, Rajasthan - 179868",ACC01280,ENT00902
REC001860,RETAIL_CBS,Srinivas Ghosh & Sons,7930999843,,"663, Cross Street, Bengaluru, Karnataka - 547358",ACC01281,ENT00903
REC001861,RETAIL_CBS,Sarita Chatterjee,7218040531,ZGBUT4895Q,"315, Layout, Surat, Gujarat - 560665",ACC01282,ENT00904
REC001862,RETAIL_CBS,S. Chatterjee,7218040531,ZGBUT4895Q,"315, Layout, Surat, Gujarat - 560665",ACC01282,ENT00904
REC001863,CORPORATE_BANKING,Sarita Chatterjee & Sons,7218040531,ZGBUT4895Q,"315, Layout, Surat, Gujarat - 560665",ACC01282,ENT00904
REC001864,RETAIL_CBS,SRINIVAS GUPTA,8548396629,XFFGT2791I,,ACC01283,ENT00905
REC001865,CORPORATE_BANKING,S. Gupta,,XFFGT2791I,"422, Cross Street, Mysuru, Karnataka - 467491",ACC01283,ENT00905
REC001866,RETAIL_CBS,Zubair Sahh,,AROQD9310J,"914, Layout, Hyderabad, Telangana - 372173",ACC01284,ENT00906
REC001867,RETAIL_CBS,Shah Zubair,9408557052,AROQD9310J,"914, Layout, Hyderabad, Telangana - 372173",ACC01284,ENT00906
REC001868,CORPORATE_BANKING,Z. Shah,9408557052,AROQD9310J,,ACC01284,ENT00906
REC001869,RETAIL_CBS,Shobha Brar,7194423953,,"66, Colony, Bengaluru, Karnataka - 348567",ACC01285,ENT00907
REC001870,RETAIL_CBS,Rajwinder Dubey & Sons,9203066163,AJOQY2219I,"703, Colony, Chennai, Tamil Nadu - 341756",ACC01288,ENT00908
REC001871,CORPORATE_BANKING,Rajwinder Dbuey,9203066163,,"703, Colony, Chennai, Tamil Nadu - 341756",ACC01288,ENT00908
REC001872,CORPORATE_BANKING,Anjali Sengupta & Sons,7263436542,KQJGH3468I,"57, Extension, Chennai, Tamil Nadu - 317473",ACC01289,ENT00909
REC001873,RETAIL_CBS,ANJALI SENGUPTA,,KQJGH3468I,"57, Extension, Chennai, Tamil Nadu - 317473",ACC01290,ENT00909
REC001874,RETAIL_CBS,Shobha Dubey & Sons,,LMWZR9217O,"187, Main Road, Jaipur, Rajasthan - 694795",ACC01292,ENT00910
REC001875,RETAIL_CBS,Jyoti Shekih,6101663283,QUVVY4876P,"564, Colony, Mumbai, Maharashtra - 527226",ACC01295,ENT00911
REC001876,RETAIL_CBS,Jyoti Shikh,6101663283,,"564, Colony, Mumbai, Maharashtra - 527226",ACC01296,ENT00911
REC001877,RETAIL_CBS,Kavita Naidu & Sons,7765131737,,"339, Avenue, Jaipur, Rajasthan - 294456",ACC01298,ENT00912
REC001878,RETAIL_CBS,Kavita Naidu,7765131737,ZGNPS9491K,,ACC01298,ENT00912
REC001879,CORPORATE_BANKING,Jaspreet Pillai &S ons,,PAONV9878G,,ACC01299,ENT00913
REC001880,RETAIL_CBS,Amit Gupta & Sons,,DRLKR4470F,"541, Avenue, Bengaluru, Karnataka - 512749",ACC01301,ENT00914
REC001881,RETAIL_CBS,Amit Gupta,6504767906,DRLKR4470F,"541, Avenue, Bengaluru, Karnataka - 512749",ACC01301,ENT00914
REC001882,CORPORATE_BANKING,Arjun Ghsh,6160236949,BSYCJ7927S,"981, Layout, Coimbatore, Tamil Nadu - 664240",ACC01302,ENT00915
REC001883,RETAIL_CBS,NAVEEN SENGUPTA,,,"678, Colony, Hyderabad, Telangana - 694040",ACC01303,ENT00916
REC001884,RETAIL_CBS,Naveen Sengupat,7093477487,FZSZQ0841X,"678, Colony, Hyderabad, Telangana - 694040",ACC01303,ENT00916
REC001885,CORPORATE_BANKING,Naveen Sengupta,7093477487,FZSZQ0841X,"678, Colony, Hyderabad, Telangana - 694040",ACC01303,ENT00916
REC001886,RETAIL_CBS,N. Bansal,,OLREX9946P,,ACC01304,ENT00917
REC001887,RETAIL_CBS,Harleen Banejree,9076438825,EESZY6356E,"237, Extension, Surat, Gujarat - 437902",ACC01305,ENT00918
REC001888,RETAIL_CBS,HARLEEN BANERJEE,9076438825,EESZY6356E,"237, Extension, Surat, Gujarat - 437902",ACC01305,ENT00918
REC001889,RETAIL_CBS,H. Banerjee,,,"237, Extension, Surat, Gujarat - 437902",ACC01305,ENT00918
REC001890,RETAIL_CBS,Priya Sidhu,6179977916,CPXWN0120Q,"973, Nagar, Jaipur, Rajasthan - 222841",ACC01306,ENT00919
REC001891,RETAIL_CBS,Priya Sidhu & Sons,6179977916,CPXWN0120Q,"973, Nagar, Jaipur, Rajasthan - 222841",ACC01307,ENT00919
REC001892,CORPORATE_BANKING,Priya Sidu,6179977916,CPXWN0120Q,,ACC01308,ENT00919
REC001893,CORPORATE_BANKING,Venkatesh Dhillon,7000820944,OSLAJ3775S,"621, Nagar, Surat, Gujarat - 450689",ACC01309,ENT00920
REC001894,RETAIL_CBS,Venkatesh Dhillon & Sons,,OSLAJ3775S,"621, Nagar, Surat, Gujarat - 450689",ACC01309,ENT00920
REC001895,CORPORATE_BANKING,Aarti Kumr,,BTVSV5264J,,ACC01310,ENT00921
REC001896,RETAIL_CBS,Rajwinder Saexna,8560434266,WSWKS7948M,,ACC01311,ENT00922
REC001897,RETAIL_CBS,S. Dhillon,7437745902,,"546, Nagar, Thiruvananthapuram, Kerala - 471256",ACC01312,ENT00923
REC001898,CORPORATE_BANKING,SUSAN DHILLON,,VDLFF6963E,"546, Nagar, Thiruvananthapuram, Kerala - 471256",ACC01313,ENT00923
REC001899,RETAIL_CBS,Dhillon Susan,,VDLFF6963E,"546, Nagar, Thiruvananthapuram, Kerala - 471256",ACC01312,ENT00923
REC001900,CORPORATE_BANKING,R. Malhotra,,,,ACC01314,ENT00924
REC001901,CORPORATE_BANKING,Radha Mlhotra,8078407945,JYCRE8377H,"547, Cross Street, Pune, Maharashtra - 516041",ACC01314,ENT00924
REC001902,CORPORATE_BANKING,Sangeeta Ghohs,7362774017,QYVJZ6860D,,ACC01315,ENT00925
REC001903,RETAIL_CBS,SANGEETA GHOSH,7362774017,QYVJZ6860D,"298, Cross Street, Surat, Gujarat - 105468",ACC01316,ENT00925
REC001904,RETAIL_CBS,Pooja Vera,,,"615, Main Road, Chennai, Tamil Nadu - 435400",ACC01317,ENT00926
REC001905,CORPORATE_BANKING,Verma Pooja,9449587339,RGQVY8577E,,ACC01317,ENT00926
REC001906,RETAIL_CBS,Bhavana Kumar,9543540589,UEPAH6076N,"547, Layout, Kochi, Kerala - 289963",ACC01318,ENT00927
REC001907,CORPORATE_BANKING,A. Bansal,,MQQRZ0427S,"18, Extension, Pune, Maharashtra - 445266",ACC01320,ENT00928
REC001908,CORPORATE_BANKING,Amit Bansla,7294296236,MQQRZ0427S,"18, Extension, Pune, Maharashtra - 445266",ACC01320,ENT00928
REC001909,RETAIL_CBS,Amit Banal,,MQQRZ0427S,"18, Extension, Pune, Maharashtra - 445266",ACC01320,ENT00928
REC001910,CORPORATE_BANKING,Saxena Pooja,,IAUOB4115C,,ACC01321,ENT00929
REC001911,RETAIL_CBS,POOJA SAXENA,9908266091,IAUOB4115C,"763, Avenue, Kolkata, West Bengal - 403872",ACC01321,ENT00929
REC001912,CORPORATE_BANKING,Harpreet Meon,8842722182,DCWKU0902J,"233, Cross Street, Kochi, Kerala - 166780",ACC01322,ENT00930
REC001913,RETAIL_CBS,POOJA BHATT,7925976489,JSTBB7561V,"427, Extension, Kochi, Kerala - 558235",ACC01323,ENT00931
REC001914,RETAIL_CBS,Balaji Ahmed,8303544947,CUYLY6719M,"552, Cross Street, Patna, Bihar - 423417",ACC01324,ENT00932
REC001915,CORPORATE_BANKING,BALAJI AHMED,8303544947,,"552, Cross Street, Patna, Bihar - 423417",ACC01324,ENT00932
REC001916,RETAIL_CBS,SARITA PATEL,9381632526,,"813, Nagar, Mumbai, Maharashtra - 127995",ACC01325,ENT00933
REC001917,CORPORATE_BANKING,Sarita Patel,9381632526,NULML8469I,"813, Nagar, Mumbai, Maharashtra - 127995",ACC01325,ENT00933
REC001918,CORPORATE_BANKING,Imran Saxean,8622381556,SQTCF1118L,"310, Main Road, Kochi, Kerala - 655162",ACC01326,ENT00934
REC001919,RETAIL_CBS,I. Saxena,8622381556,SQTCF1118L,,ACC01326,ENT00934
REC001920,RETAIL_CBS,IMRAN SAXENA,,SQTCF1118L,"310, Main Road, Kochi, Kerala - 655162",ACC01326,ENT00934
REC001921,CORPORATE_BANKING,Ravi Sheikh,8118560587,NJSYS3984I,,ACC01327,ENT00935
REC001922,CORPORATE_BANKING,Ravi Sehikh,,NJSYS3984I,"903, Avenue, Mysuru, Karnataka - 378018",ACC01327,ENT00935
REC001923,RETAIL_CBS,R. Sheikh,8118560587,NJSYS3984I,"903, Avenue, Mysuru, Karnataka - 378018",ACC01327,ENT00935
REC001924,CORPORATE_BANKING,Deepa Gupta & Sons,7987475294,OWKKL8175N,"209, Colony, Mysuru, Karnataka - 516060",ACC01328,ENT00936
REC001925,CORPORATE_BANKING,Zubair Khan & Sons,6111177453,HCVIH2667R,"840, Extension, Delhi, Delhi - 220814",ACC01330,ENT00937
REC001926,RETAIL_CBS,Khan Zubair,6111177453,HCVIH2667R,"840, Extension, Delhi, Delhi - 220814",ACC01330,ENT00937
REC001927,CORPORATE_BANKING,Zubair Kahn,6111177453,HCVIH2667R,"840, Extension, Delhi, Delhi - 220814",ACC01330,ENT00937
REC001928,RETAIL_CBS,U. Patel,9209879233,GBECD9208G,,ACC01331,ENT00938
REC001929,RETAIL_CBS,Usha Patel & Sons,9209879233,GBECD9208G,"180, Cross Street, Jaipur, Rajasthan - 266205",ACC01331,ENT00938
REC001930,CORPORATE_BANKING,Patel Usha,9209879233,GBECD9208G,"180, Cross Street, Jaipur, Rajasthan - 266205",ACC01331,ENT00938
REC001931,RETAIL_CBS,Jyoti Twiari,6533537617,HBBNO7997G,"530, Cross Street, Chennai, Tamil Nadu - 538168",ACC01332,ENT00939
REC001932,CORPORATE_BANKING,Usha Chatterjee,7775068906,GYEBA7464B,"291, Extension, Madurai, Tamil Nadu - 427150",ACC01334,ENT00940
REC001933,RETAIL_CBS,Usha Chatterjee & Sons,7775068906,,"291, Extension, Madurai, Tamil Nadu - 427150",ACC01335,ENT00940
REC001934,CORPORATE_BANKING,Kalpana Dhillon,7466464139,AEGXC8265Q,"230, Nagar, Hyderabad, Telangana - 166860",ACC01336,ENT00941
REC001935,RETAIL_CBS,ANJALI GILL,6629684185,,"297, Avenue, Kolkata, West Bengal - 189289",ACC01338,ENT00942
REC001936,RETAIL_CBS,Divya Naidu,7713912916,WJRGV9482V,,ACC01340,ENT00943
REC001937,CORPORATE_BANKING,Sunita Ieyr,,,"973, Extension, Bengaluru, Karnataka - 664233",ACC01341,ENT00944
REC001938,CORPORATE_BANKING,S. Iyer,,,"973, Extension, Bengaluru, Karnataka - 664233",ACC01341,ENT00944
REC001939,CORPORATE_BANKING,Anna Iyer & Sons,8110383332,AACGQ5705Q,,ACC01342,ENT00945
REC001940,RETAIL_CBS,Iyer Anna,8110383332,AACGQ5705Q,,ACC01343,ENT00945
REC001941,CORPORATE_BANKING,Preethi Brar & Sons,6334798321,TSMHB5020X,,ACC01344,ENT00946
REC001942,RETAIL_CBS,Preethi Brar,,TSMHB5020X,,ACC01344,ENT00946
REC001943,RETAIL_CBS,Brar Preethi,6334798321,TSMHB5020X,"609, Layout, Lucknow, Uttar Pradesh - 342352",ACC01344,ENT00946
REC001944,CORPORATE_BANKING,Sunil Mailk,7004301345,NQTZD5682O,"761, Avenue, Hyderabad, Telangana - 641035",ACC01345,ENT00947
REC001945,CORPORATE_BANKING,S. Malik,,NQTZD5682O,"761, Avenue, Hyderabad, Telangana - 641035",ACC01345,ENT00947
REC001946,RETAIL_CBS,Nithya Mhta,,,"600, Extension, Chennai, Tamil Nadu - 230317",ACC01346,ENT00948
REC001947,RETAIL_CBS,Nithya Mehta & Sons,,EROBC4848Q,"600, Extension, Chennai, Tamil Nadu - 230317",ACC01347,ENT00948
REC001948,RETAIL_CBS,Sowmya Mhta,6981437502,,"434, Cross Street, Ahmedabad, Gujarat - 293285",ACC01348,ENT00949
REC001949,CORPORATE_BANKING,Mehta Sowmya,6981437502,CQSIV2066O,"434, Cross Street, Ahmedabad, Gujarat - 293285",ACC01348,ENT00949
REC001950,CORPORATE_BANKING,SRINIVAS GUPTA,9608008157,,"742, Avenue, Surat, Gujarat - 415335",ACC01349,ENT00950
REC001951,CORPORATE_BANKING,Srinivas Gutpa,,LXBOY5772Z,,ACC01350,ENT00950
REC001952,RETAIL_CBS,Pooja Pndey,8550317908,,,ACC01351,ENT00951
REC001953,CORPORATE_BANKING,Pooja Pandey,,,"385, Colony, Surat, Gujarat - 275267",ACC01352,ENT00951
REC001954,RETAIL_CBS,Pandey Pooja,,XWFNU6380G,"385, Colony, Surat, Gujarat - 275267",ACC01351,ENT00951
REC001955,CORPORATE_BANKING,D. Sandhu,8897934799,NMOZJ6386O,"74, Layout, Hyderabad, Telangana - 305447",ACC01353,ENT00952
REC001956,CORPORATE_BANKING,Dinesh Sanduh,8897934799,NMOZJ6386O,"74, Layout, Hyderabad, Telangana - 305447",ACC01354,ENT00952
REC001957,CORPORATE_BANKING,Trivedi Sanjay,7976539981,LGSYU6031J,"417, Extension, Chandigarh, Punjab - 519054",ACC01355,ENT00953
REC001958,RETAIL_CBS,Sanjay Trivedi & Sons,7976539981,LGSYU6031J,"417, Extension, Chandigarh, Punjab - 519054",ACC01355,ENT00953
REC001959,CORPORATE_BANKING,Bhavana Mahlotra,6935919547,PZKST3982O,,ACC01356,ENT00954
REC001960,RETAIL_CBS,Usha Kpaoor,8458530588,WJETG4045B,"26, Main Road, Mumbai, Maharashtra - 507091",ACC01357,ENT00955
REC001961,CORPORATE_BANKING,Usha Kpoor,,WJETG4045B,"26, Main Road, Mumbai, Maharashtra - 507091",ACC01357,ENT00955
REC001962,RETAIL_CBS,U. Kapoor,8458530588,WJETG4045B,,ACC01357,ENT00955
REC001963,CORPORATE_BANKING,Padma Bhatt & Sons,,,,ACC01358,ENT00956
REC001964,CORPORATE_BANKING,Bhavana Naidu & Sons,,QWMEE6449O,"826, Nagar, Coimbatore, Tamil Nadu - 330806",ACC01359,ENT00957
REC001965,CORPORATE_BANKING,B. Naidu,7551143434,QWMEE6449O,"826, Nagar, Coimbatore, Tamil Nadu - 330806",ACC01359,ENT00957
REC001966,CORPORATE_BANKING,RAJWINDER MALHOTRA,,,"340, Colony, Chennai, Tamil Nadu - 210194",ACC01360,ENT00958
REC001967,CORPORATE_BANKING,Rajwinder Malhotra,9677353606,,"340, Colony, Chennai, Tamil Nadu - 210194",ACC01360,ENT00958
REC001968,CORPORATE_BANKING,RAMESH SANDHU,,,,ACC01361,ENT00959
REC001969,RETAIL_CBS,Ramesh Sandhu,6572732350,,"77, Colony, Jaipur, Rajasthan - 511333",ACC01361,ENT00959
REC001970,CORPORATE_BANKING,Ramesh Sndhu,6572732350,,"77, Colony, Jaipur, Rajasthan - 511333",ACC01361,ENT00959
REC001971,RETAIL_CBS,Mehta Karthik,8053953086,NDXXS6678O,"957, Main Road, Mumbai, Maharashtra - 479107",ACC01362,ENT00960
REC001972,CORPORATE_BANKING,Sunita Dsai,7178152890,WUVCZ1133A,"103, Layout, Delhi, Delhi - 244674",ACC01363,ENT00961
REC001973,RETAIL_CBS,Sunita Desia,7178152890,WUVCZ1133A,,ACC01364,ENT00961
REC001974,RETAIL_CBS,AYESHA KUMAR,9147026504,,,ACC01365,ENT00962
REC001975,CORPORATE_BANKING,Ayesha Kmar,,HWFCJ8142I,"336, Colony, Bhopal, Madhya Pradesh - 565992",ACC01365,ENT00962
REC001976,RETAIL_CBS,N. Dubey,6912574430,,"81, Colony, Bengaluru, Karnataka - 192868",ACC01366,ENT00963
REC001977,CORPORATE_BANKING,NEHA DUBEY,,KQGVC6784X,"81, Colony, Bengaluru, Karnataka - 192868",ACC01366,ENT00963
REC001978,RETAIL_CBS,Chatterjee Thomas,9491680890,,"86, Nagar, Ahmedabad, Gujarat - 397547",ACC01367,ENT00964
REC001979,CORPORATE_BANKING,Thomas Chaterjee,9491680890,FNXUL5180F,,ACC01367,ENT00964
REC001980,RETAIL_CBS,Iyengar Karthik,8948711800,,"668, Extension, Hyderabad, Telangana - 214132",ACC01368,ENT00965
REC001981,RETAIL_CBS,SANJAY IYENGAR,,YGYOJ2627P,"348, Nagar, Thiruvananthapuram, Kerala - 292486",ACC01369,ENT00966
REC001982,RETAIL_CBS,Iyengar Sanjay,8578641182,YGYOJ2627P,"348, Nagar, Thiruvananthapuram, Kerala - 292486",ACC01369,ENT00966
REC001983,CORPORATE_BANKING,S. Bansal,8864464640,XTBVV2075V,"722, Colony, Patna, Bihar - 288125",ACC01370,ENT00967
REC001984,RETAIL_CBS,SANJAY BANSAL,8864464640,XTBVV2075V,"722, Colony, Patna, Bihar - 288125",ACC01370,ENT00967
REC001985,CORPORATE_BANKING,Sanjay Basnal,8864464640,XTBVV2075V,"722, Colony, Patna, Bihar - 288125",ACC01370,ENT00967
REC001986,RETAIL_CBS,V. Shah,6610405970,FNWIV6922C,"781, Cross Street, Mumbai, Maharashtra - 488546",ACC01371,ENT00968
REC001987,RETAIL_CBS,VINOD SHAH,6610405970,FNWIV6922C,"781, Cross Street, Mumbai, Maharashtra - 488546",ACC01371,ENT00968
REC001988,RETAIL_CBS,SABIHA BHATT,9670470855,BWUNL9097W,"484, Cross Street, Ahmedabad, Gujarat - 227876",ACC01372,ENT00969
REC001989,CORPORATE_BANKING,Sabiha Bhatt & Sons,9670470855,BWUNL9097W,"484, Cross Street, Ahmedabad, Gujarat - 227876",ACC01372,ENT00969
REC001990,RETAIL_CBS,ANNA SIDHU,8724231800,ZMPPS3865Q,"952, Layout, Jaipur, Rajasthan - 310100",ACC01373,ENT00970
REC001991,CORPORATE_BANKING,Anna Sidu,8724231800,ZMPPS3865Q,"952, Layout, Jaipur, Rajasthan - 310100",ACC01373,ENT00970
REC001992,RETAIL_CBS,Irfan Thomas,,SHZOJ3270S,,ACC01374,ENT00971
REC001993,RETAIL_CBS,IRFAN THOMAS,6625165661,SHZOJ3270S,"206, Avenue, Bengaluru, Karnataka - 125009",ACC01374,ENT00971
REC001994,RETAIL_CBS,I. Thomas,6625165661,SHZOJ3270S,"206, Avenue, Bengaluru, Karnataka - 125009",ACC01374,ENT00971
REC001995,RETAIL_CBS,AMANDEEP CHATTERJEE,8279617120,IUMYO9869J,"905, Cross Street, Lucknow, Uttar Pradesh - 694709",ACC01375,ENT00972
REC001996,CORPORATE_BANKING,Swati Gill,,,"60, Nagar, Bhopal, Madhya Pradesh - 311397",ACC01376,ENT00973
REC001997,RETAIL_CBS,Swati Gill & Sons,9873244434,SRWXR8793Z,"60, Nagar, Bhopal, Madhya Pradesh - 311397",ACC01376,ENT00973
REC001998,CORPORATE_BANKING,G. Agarwal,6845752600,ZVSHG6569A,"652, Cross Street, Hyderabad, Telangana - 312722",ACC01377,ENT00974
REC001999,CORPORATE_BANKING,R. Sandhu,8402147810,NEGZA8898E,,ACC01378,ENT00975
REC002000,RETAIL_CBS,RAMESH SANDHU,8402147810,NEGZA8898E,,ACC01379,ENT00975
REC002001,CORPORATE_BANKING,Ramesh Sandhu & Sons,8402147810,NEGZA8898E,"835, Avenue, Mumbai, Maharashtra - 403705",ACC01378,ENT00975
REC002002,RETAIL_CBS,Bansal Pooja,9675053199,,"211, Main Road, Hyderabad, Telangana - 501736",ACC01380,ENT00976
REC002003,RETAIL_CBS,Desai Sunita,8680845379,ASUHE0689H,"145, Colony, Thiruvananthapuram, Kerala - 271818",ACC01381,ENT00977
REC002004,CORPORATE_BANKING,Sunita Desai,,,"145, Colony, Thiruvananthapuram, Kerala - 271818",ACC01382,ENT00977
REC002005,CORPORATE_BANKING,SUNITA DESAI,8680845379,,"145, Colony, Thiruvananthapuram, Kerala - 271818",ACC01383,ENT00977
REC002006,CORPORATE_BANKING,Sowmya Kuamr,,RTKUY5594A,"604, Avenue, Lucknow, Uttar Pradesh - 187519",ACC01384,ENT00978
REC002007,CORPORATE_BANKING,Kumar Sowmya,8682632838,,"604, Avenue, Lucknow, Uttar Pradesh - 187519",ACC01384,ENT00978
REC002008,CORPORATE_BANKING,Sowmya Kumr,8682632838,,,ACC01384,ENT00978
REC002009,RETAIL_CBS,Anil Redy,,ZKCPF3020P,"653, Extension, Coimbatore, Tamil Nadu - 571725",ACC01385,ENT00979
REC002010,RETAIL_CBS,Reddy Anil,7245229940,ZKCPF3020P,"653, Extension, Coimbatore, Tamil Nadu - 571725",ACC01385,ENT00979
REC002011,RETAIL_CBS,Anil Reddy,,ZKCPF3020P,"653, Extension, Coimbatore, Tamil Nadu - 571725",ACC01385,ENT00979
REC002012,RETAIL_CBS,Pillai & Sons Ritu,6093453343,MYGGR1827Z,"751, Main Road, Chennai, Tamil Nadu - 413088",ACC01386,ENT00980
REC002013,RETAIL_CBS,R. Pillai & Sons,6093453343,MYGGR1827Z,"751, Main Road, Chennai, Tamil Nadu - 413088",ACC01387,ENT00980
REC002014,RETAIL_CBS,RITU PILLAI & SONS,,MYGGR1827Z,,ACC01386,ENT00980
REC002015,CORPORATE_BANKING,Karthik Gutpa,9407249771,HTLAD0998G,"668, Cross Street, Chennai, Tamil Nadu - 522807",ACC01388,ENT00981
REC002016,RETAIL_CBS,Karthik Gupta,9407249771,HTLAD0998G,"668, Cross Street, Chennai, Tamil Nadu - 522807",ACC01388,ENT00981
REC002017,CORPORATE_BANKING,KARTHIK GUPTA,9407249771,HTLAD0998G,"668, Cross Street, Chennai, Tamil Nadu - 522807",ACC01388,ENT00981
REC002018,RETAIL_CBS,Rekha Rao,,,"943, Main Road, Hyderabad, Telangana - 696444",ACC01389,ENT00982
REC002019,RETAIL_CBS,Rao Rekha,6199000721,DHGJO6753Y,"943, Main Road, Hyderabad, Telangana - 696444",ACC01389,ENT00982
REC002020,RETAIL_CBS,Manoj Patel & Sons,,UWZOZ2021F,"149, Avenue, Thiruvananthapuram, Kerala - 142377",ACC01390,ENT00983
REC002021,RETAIL_CBS,D. Pillai & Sons,7256057138,,"291, Main Road, Surat, Gujarat - 467833",ACC01392,ENT00984
REC002022,RETAIL_CBS,M. Saxena,7796846375,,"568, Nagar, Mysuru, Karnataka - 492045",ACC01395,ENT00985
REC002023,RETAIL_CBS,K. Iyengar,7223837729,,"572, Nagar, Kochi, Kerala - 302113",ACC01396,ENT00986
REC002024,CORPORATE_BANKING,Kavita Iyegar,,QWWLQ0505Y,"572, Nagar, Kochi, Kerala - 302113",ACC01396,ENT00986
REC002025,RETAIL_CBS,Radha Dubye,6050235573,,"74, Avenue, Coimbatore, Tamil Nadu - 656361",ACC01397,ENT00987
REC002026,RETAIL_CBS,Radha Dbey,6050235573,DSJGP4512D,"74, Avenue, Coimbatore, Tamil Nadu - 656361",ACC01398,ENT00987
REC002027,RETAIL_CBS,Harpreet Jian,7972404045,,"133, Avenue, Thiruvananthapuram, Kerala - 491438",ACC01399,ENT00988
REC002028,CORPORATE_BANKING,Harpreet Jain & Sons,7972404045,CBJSQ6294R,"133, Avenue, Thiruvananthapuram, Kerala - 491438",ACC01400,ENT00988
REC002029,CORPORATE_BANKING,VANDANA BRAR,7981506330,UYHPM4975H,,ACC01401,ENT00989
REC002030,CORPORATE_BANKING,Vandana Brar & Sons,7981506330,,,ACC01401,ENT00989
REC002031,RETAIL_CBS,Vandana Brra,7981506330,UYHPM4975H,"234, Avenue, Delhi, Delhi - 395064",ACC01401,ENT00989
REC002032,RETAIL_CBS,LAKSHMI MALIK,8733574310,HCXSS8544W,"760, Colony, Coimbatore, Tamil Nadu - 345491",ACC01402,ENT00990
REC002033,RETAIL_CBS,Lakshmi Malik & Sons,8733574310,HCXSS8544W,"760, Colony, Coimbatore, Tamil Nadu - 345491",ACC01402,ENT00990
REC002034,CORPORATE_BANKING,L. Malik,8733574310,HCXSS8544W,"760, Colony, Coimbatore, Tamil Nadu - 345491",ACC01402,ENT00990
REC002035,CORPORATE_BANKING,Iyer Arjun,6886690690,,"778, Avenue, Chandigarh, Punjab - 347470",ACC01403,ENT00991
REC002036,CORPORATE_BANKING,Arjun Iyer & Sons,6886690690,JQIZV7487Z,,ACC01403,ENT00991
REC002037,RETAIL_CBS,Arjun Iyer,6886690690,JQIZV7487Z,"778, Avenue, Chandigarh, Punjab - 347470",ACC01403,ENT00991
REC002038,RETAIL_CBS,Meena Jain,7267777582,YQFZX4646D,,ACC01404,ENT00992
REC002039,CORPORATE_BANKING,G. Dhillon,9428425129,LUYSU8362D,,ACC01405,ENT00993
REC002040,CORPORATE_BANKING,Gaurav Dhillon,9428425129,LUYSU8362D,"256, Avenue, Pune, Maharashtra - 379745",ACC01405,ENT00993
REC002041,CORPORATE_BANKING,A. Naidu,7575654293,SVOXI1144C,"969, Avenue, Hyderabad, Telangana - 175787",ACC01406,ENT00994
REC002042,CORPORATE_BANKING,Arjun Nadu,,SVOXI1144C,,ACC01406,ENT00994
REC002043,RETAIL_CBS,Imran Shiekh,,,,ACC01407,ENT00995
REC002044,RETAIL_CBS,Sheikh Imran,6762834207,RAWEG3350M,"113, Layout, Hyderabad, Telangana - 287264",ACC01407,ENT00995
REC002045,CORPORATE_BANKING,I. Sheikh,6762834207,RAWEG3350M,"113, Layout, Hyderabad, Telangana - 287264",ACC01407,ENT00995
REC002046,CORPORATE_BANKING,AJAY GUPTA,,XMEIY5403M,"84, Extension, Kochi, Kerala - 405084",ACC01408,ENT00996
REC002047,CORPORATE_BANKING,Ajay Gupta,8896712780,XMEIY5403M,"84, Extension, Kochi, Kerala - 405084",ACC01408,ENT00996
REC002048,CORPORATE_BANKING,Ajay Gputa,8896712780,XMEIY5403M,,ACC01408,ENT00996
REC002049,CORPORATE_BANKING,Dubey Sanjay,6345468854,HWJHZ3384N,"980, Colony, Nagpur, Maharashtra - 227072",ACC01409,ENT00997
REC002050,RETAIL_CBS,SWATI YADAV,9758038824,,,ACC01411,ENT00998
REC002051,CORPORATE_BANKING,A. Iyer,6661994734,JPYOS8628U,"396, Extension, Bengaluru, Karnataka - 296514",ACC01412,ENT00999
REC002052,CORPORATE_BANKING,S. Malik,7694059395,,"157, Nagar, Hyderabad, Telangana - 576012",ACC01413,ENT01000
REC002053,RETAIL_CBS,Qureshi Jyoti,8029338549,ZNWLH6532I,"860, Main Road, Pune, Maharashtra - 639484",ACC01414,ENT01001
REC002054,RETAIL_CBS,J. Qureshi,8029338549,ZNWLH6532I,"860, Main Road, Pune, Maharashtra - 639484",ACC01414,ENT01001
REC002055,RETAIL_CBS,Ayesha Shah & Sons,6248389121,,"637, Layout, Kolkata, West Bengal - 351177",ACC01415,ENT01002
REC002056,RETAIL_CBS,Shah Ayesha,6248389121,OXAMM6942T,"637, Layout, Kolkata, West Bengal - 351177",ACC01415,ENT01002
REC002057,CORPORATE_BANKING,Sanjay Triedi,7098629532,XVMXC6968L,"513, Nagar, Mysuru, Karnataka - 459003",ACC01416,ENT01003
REC002058,RETAIL_CBS,SANJAY TRIVEDI,7098629532,XVMXC6968L,"513, Nagar, Mysuru, Karnataka - 459003",ACC01417,ENT01003
REC002059,RETAIL_CBS,Swati Patel,7845261451,,,ACC01419,ENT01004
REC002060,RETAIL_CBS,Patel Swati,7845261451,PHKLC4208C,"45, Layout, Delhi, Delhi - 248516",ACC01419,ENT01004
REC002061,RETAIL_CBS,Vasantha Sidhu,7735266394,WRNPE9932H,,ACC01420,ENT01005
REC002062,RETAIL_CBS,Prakash Nair,8495183292,,"262, Layout, Delhi, Delhi - 386789",ACC01421,ENT01006
REC002063,RETAIL_CBS,P. Nair,8495183292,NZUZI4822T,,ACC01421,ENT01006
REC002064,CORPORATE_BANKING,Swati Saexna,7970264719,SQVKG4100V,"385, Cross Street, Patna, Bihar - 534258",ACC01422,ENT01007
REC002065,CORPORATE_BANKING,Swati Saxena,7970264719,SQVKG4100V,"385, Cross Street, Patna, Bihar - 534258",ACC01422,ENT01007
REC002066,CORPORATE_BANKING,Nithya Ieyr,8370259729,HGRIC9928X,"343, Cross Street, Thiruvananthapuram, Kerala - 327117",ACC01423,ENT01008
REC002067,RETAIL_CBS,Iyer Nithya,8370259729,HGRIC9928X,,ACC01423,ENT01008
REC002068,RETAIL_CBS,Manoj Chatterjee,6082469997,,"873, Colony, Lucknow, Uttar Pradesh - 235499",ACC01424,ENT01009
REC002069,RETAIL_CBS,SIMRAN DESAI,8923783817,CDWVQ5637K,"306, Colony, Bengaluru, Karnataka - 508114",ACC01426,ENT01010
REC002070,RETAIL_CBS,Jyoti Joshi,8563744777,JNLUY6126O,"105, Main Road, Pune, Maharashtra - 384901",ACC01427,ENT01011
REC002071,RETAIL_CBS,Malhotra Sandeep,9393447295,DRHNB4737R,"757, Avenue, Thiruvananthapuram, Kerala - 482172",ACC01428,ENT01012
REC002072,RETAIL_CBS,Sandeep Malhorta,,DRHNB4737R,"757, Avenue, Thiruvananthapuram, Kerala - 482172",ACC01429,ENT01012
REC002073,RETAIL_CBS,Sandeep Malhotra & Sons,9393447295,,"757, Avenue, Thiruvananthapuram, Kerala - 482172",ACC01428,ENT01012
REC002074,CORPORATE_BANKING,ANJALI BOSE,9412207858,,"428, Avenue, Kochi, Kerala - 193556",ACC01430,ENT01013
REC002075,RETAIL_CBS,Bose Anjali,9412207858,,"428, Avenue, Kochi, Kerala - 193556",ACC01430,ENT01013
REC002076,CORPORATE_BANKING,A. Bose,,QVBDI4322Q,,ACC01430,ENT01013
REC002077,CORPORATE_BANKING,Balaji Ghosh & Sons,8764205181,BTKZP6349X,"692, Nagar, Bengaluru, Karnataka - 520265",ACC01431,ENT01014
REC002078,RETAIL_CBS,BALAJI GHOSH,,BTKZP6349X,"692, Nagar, Bengaluru, Karnataka - 520265",ACC01432,ENT01014
REC002079,RETAIL_CBS,Balaji Ghosh,8764205181,BTKZP6349X,,ACC01431,ENT01014
REC002080,RETAIL_CBS,Susan Bsoe,6472135685,CBGWH1972D,"804, Avenue, Jaipur, Rajasthan - 522074",ACC01433,ENT01015
REC002081,CORPORATE_BANKING,Susan Bose,6472135685,,"804, Avenue, Jaipur, Rajasthan - 522074",ACC01433,ENT01015
REC002082,RETAIL_CBS,SUSAN BOSE,6472135685,CBGWH1972D,,ACC01433,ENT01015
REC002083,CORPORATE_BANKING,Radha Mihsra,6328425225,NGUJL9864A,"685, Layout, Delhi, Delhi - 115147",ACC01434,ENT01016
REC002084,CORPORATE_BANKING,Mishra Radha,6328425225,,"685, Layout, Delhi, Delhi - 115147",ACC01434,ENT01016
REC002085,CORPORATE_BANKING,Radha Mihra,6328425225,NGUJL9864A,"685, Layout, Delhi, Delhi - 115147",ACC01434,ENT01016
REC002086,RETAIL_CBS,Shreya Desai,6035898045,SSJZI1257M,"254, Main Road, Pune, Maharashtra - 115402",ACC01435,ENT01017
REC002087,RETAIL_CBS,SHREYA DESAI,6035898045,SSJZI1257M,"254, Main Road, Pune, Maharashtra - 115402",ACC01436,ENT01017
REC002088,RETAIL_CBS,Sengupta Pankaj,9547367113,YDENR1155S,"933, Layout, Thiruvananthapuram, Kerala - 242176",ACC01437,ENT01018
REC002089,RETAIL_CBS,ARJUN SIDHU,7102980695,XJIYM6825P,,ACC01438,ENT01019
REC002090,RETAIL_CBS,Arjun Sidhu,7102980695,,"894, Cross Street, Pune, Maharashtra - 644798",ACC01438,ENT01019
REC002091,CORPORATE_BANKING,VIJAY GHOSH,8604134268,,,ACC01439,ENT01020
REC002092,CORPORATE_BANKING,V. Ghosh,,AERQG5926Z,,ACC01439,ENT01020
REC002093,CORPORATE_BANKING,Deepa Yadav,8121990914,TDIJH8422B,,ACC01440,ENT01021
REC002094,RETAIL_CBS,Kumar Anita,,,"505, Layout, Bengaluru, Karnataka - 599203",ACC01442,ENT01022
REC002095,CORPORATE_BANKING,A. Kumar,6225295210,IVYSE7949H,"505, Layout, Bengaluru, Karnataka - 599203",ACC01443,ENT01022
REC002096,CORPORATE_BANKING,Anita Kumar,6225295210,IVYSE7949H,"505, Layout, Bengaluru, Karnataka - 599203",ACC01442,ENT01022
REC002097,RETAIL_CBS,N. Kapoor,,TWURI8417Q,"792, Avenue, Chennai, Tamil Nadu - 423998",ACC01444,ENT01023
REC002098,CORPORATE_BANKING,Naveen Kapoor,6202118577,TWURI8417Q,"792, Avenue, Chennai, Tamil Nadu - 423998",ACC01444,ENT01023
REC002099,CORPORATE_BANKING,Kapoor Naveen,6202118577,TWURI8417Q,"792, Avenue, Chennai, Tamil Nadu - 423998",ACC01444,ENT01023
REC002100,CORPORATE_BANKING,Srinivas Gill & Sons,7878878204,IEVZV7862R,"173, Nagar, Ahmedabad, Gujarat - 126508",ACC01445,ENT01024
REC002101,RETAIL_CBS,Srinivas Glil,7878878204,IEVZV7862R,"173, Nagar, Ahmedabad, Gujarat - 126508",ACC01445,ENT01024
REC002102,RETAIL_CBS,SRINIVAS GILL,,IEVZV7862R,"173, Nagar, Ahmedabad, Gujarat - 126508",ACC01445,ENT01024
REC002103,RETAIL_CBS,Sandeep Vaghese,,ZDHFE4691E,"362, Nagar, Kochi, Kerala - 249659",ACC01446,ENT01025
REC002104,CORPORATE_BANKING,S. Varghese,9668639668,ZDHFE4691E,,ACC01446,ENT01025
REC002105,CORPORATE_BANKING,NEHA CHAUHAN,6304118316,PPINE2812Y,"320, Extension, Pune, Maharashtra - 363221",ACC01447,ENT01026
REC002106,RETAIL_CBS,Neha Chauan,,PPINE2812Y,"320, Extension, Pune, Maharashtra - 363221",ACC01447,ENT01026
REC002107,CORPORATE_BANKING,N. Chauhan,6304118316,PPINE2812Y,"320, Extension, Pune, Maharashtra - 363221",ACC01447,ENT01026
REC002108,CORPORATE_BANKING,Rohit Jain & Sons,8549225182,SQAGA2059G,"34, Layout, Chennai, Tamil Nadu - 289173",ACC01448,ENT01027
REC002109,RETAIL_CBS,ROHIT JAIN,,SQAGA2059G,"34, Layout, Chennai, Tamil Nadu - 289173",ACC01448,ENT01027
REC002110,RETAIL_CBS,PANKAJ IYER,8638356853,TAXKN6503I,,ACC01449,ENT01028
REC002111,RETAIL_CBS,Pankaj Iyre,8638356853,TAXKN6503I,"725, Main Road, Kolkata, West Bengal - 523416",ACC01449,ENT01028
REC002112,RETAIL_CBS,Iyer Pankaj,,TAXKN6503I,,ACC01449,ENT01028
REC002113,CORPORATE_BANKING,Ajay Mukherjee,9690713501,,"269, Main Road, Chennai, Tamil Nadu - 301865",ACC01450,ENT01029
REC002114,RETAIL_CBS,Mukherjee Ajay,,JEQCQ7464Q,"269, Main Road, Chennai, Tamil Nadu - 301865",ACC01450,ENT01029
REC002115,RETAIL_CBS,Priya Aagrwal,,CFDQE8789L,"213, Cross Street, Mumbai, Maharashtra - 484365",ACC01451,ENT01030
REC002116,CORPORATE_BANKING,Priya Agarwal,8731030354,CFDQE8789L,,ACC01452,ENT01030
REC002117,CORPORATE_BANKING,Agarwal Priya,8731030354,CFDQE8789L,"213, Cross Street, Mumbai, Maharashtra - 484365",ACC01451,ENT01030
REC002118,CORPORATE_BANKING,Thomas Mary,9027957659,YSRCP3715A,"612, Avenue, Mysuru, Karnataka - 659364",ACC01453,ENT01031
REC002119,CORPORATE_BANKING,THOMAS GILL,6680048352,XJOBC5884G,"638, Nagar, Mumbai, Maharashtra - 279670",ACC01454,ENT01032
REC002120,CORPORATE_BANKING,Pankaj Malik & Sons,7478148411,LBZNE1233X,"692, Avenue, Pune, Maharashtra - 449547",ACC01455,ENT01033
REC002121,RETAIL_CBS,Pankaj Malki,7478148411,LBZNE1233X,"692, Avenue, Pune, Maharashtra - 449547",ACC01455,ENT01033
REC002122,CORPORATE_BANKING,SNEHA REDDY,7488229902,GNTCD7851E,"477, Colony, Madurai, Tamil Nadu - 219564",ACC01456,ENT01034
REC002123,CORPORATE_BANKING,Sneha Reddy & Sons,,,"477, Colony, Madurai, Tamil Nadu - 219564",ACC01456,ENT01034
REC002124,CORPORATE_BANKING,Sneha Reddy,7488229902,GNTCD7851E,,ACC01456,ENT01034
REC002125,CORPORATE_BANKING,Dubey Kalpana,8678453450,TOZZC6767K,"617, Nagar, Thiruvananthapuram, Kerala - 496233",ACC01457,ENT01035
REC002126,RETAIL_CBS,Kalpana Dubye,,TOZZC6767K,"617, Nagar, Thiruvananthapuram, Kerala - 496233",ACC01457,ENT01035
REC002127,CORPORATE_BANKING,H. Singh,6751415448,PGBQN1915C,"290, Avenue, Ahmedabad, Gujarat - 230395",ACC01458,ENT01036
REC002128,CORPORATE_BANKING,Singh Harpreet,6751415448,PGBQN1915C,,ACC01458,ENT01036
REC002129,RETAIL_CBS,Faisal Iyegar,,FEHTV6852Q,"39, Nagar, Lucknow, Uttar Pradesh - 353498",ACC01459,ENT01037
REC002130,CORPORATE_BANKING,Arjun Sengupta & Sons,9516115056,QXLBF7351H,"411, Layout, Kochi, Kerala - 295913",ACC01461,ENT01038
REC002131,CORPORATE_BANKING,A. Sengupta,,QXLBF7351H,"411, Layout, Kochi, Kerala - 295913",ACC01461,ENT01038
REC002132,CORPORATE_BANKING,Arjun Dsai,,ZLAAJ4021M,,ACC01462,ENT01039
REC002133,CORPORATE_BANKING,A. Desai,6118267429,ZLAAJ4021M,,ACC01463,ENT01039
REC002134,RETAIL_CBS,Usha Mneon,6736487851,MISSN2923P,,ACC01464,ENT01040
REC002135,RETAIL_CBS,Usha Menon & Sons,,MISSN2923P,"25, Cross Street, Ahmedabad, Gujarat - 580681",ACC01465,ENT01040
REC002136,CORPORATE_BANKING,Usha Menon,6736487851,MISSN2923P,"25, Cross Street, Ahmedabad, Gujarat - 580681",ACC01464,ENT01040
REC002137,CORPORATE_BANKING,Patel Deepak,7382133939,,"304, Avenue, Chandigarh, Punjab - 553197",ACC01466,ENT01041
REC002138,RETAIL_CBS,Deepak Patel & Sons,,CLVOB7787Q,,ACC01467,ENT01041
REC002139,CORPORATE_BANKING,Usha Dhillon,8444919340,,"627, Extension, Patna, Bihar - 470818",ACC01468,ENT01042
REC002140,CORPORATE_BANKING,Kalpana Bnerjee,7701368715,AKUDU3899F,"755, Nagar, Pune, Maharashtra - 690640",ACC01469,ENT01043
REC002141,CORPORATE_BANKING,Banerjee Kalpana,7701368715,AKUDU3899F,"755, Nagar, Pune, Maharashtra - 690640",ACC01469,ENT01043
REC002142,RETAIL_CBS,Kumar Sandeep,7957260873,YZKZT0361B,"447, Main Road, Kochi, Kerala - 569973",ACC01470,ENT01044
REC002143,RETAIL_CBS,Anita Triedi,,,"676, Layout, Kolkata, West Bengal - 686855",ACC01471,ENT01045
REC002144,CORPORATE_BANKING,Kalpana Iyengar & Sons,6979800920,EVSJE4728L,"862, Layout, Bhopal, Madhya Pradesh - 425173",ACC01473,ENT01046
REC002145,RETAIL_CBS,Kalpana Ieyngar,,EVSJE4728L,"862, Layout, Bhopal, Madhya Pradesh - 425173",ACC01473,ENT01046
REC002146,RETAIL_CBS,Arun Tiwrai,,TCMTK5455F,,ACC01474,ENT01047
REC002147,CORPORATE_BANKING,Srinivas Duby,8795493733,QKOMC7680R,"735, Nagar, Bengaluru, Karnataka - 566521",ACC01476,ENT01048
REC002148,RETAIL_CBS,FAISAL CHATTERJEE,,WYSYT1662B,"140, Main Road, Surat, Gujarat - 491909",ACC01477,ENT01049
REC002149,RETAIL_CBS,Faisal Chatterjee,9873131758,WYSYT1662B,"140, Main Road, Surat, Gujarat - 491909",ACC01477,ENT01049
REC002150,CORPORATE_BANKING,Mehta Sanjay,7757509552,VDRKW6339T,"249, Main Road, Madurai, Tamil Nadu - 264099",ACC01478,ENT01050
REC002151,RETAIL_CBS,Pankaj Padney,8371299173,OSGNX9018O,"60, Colony, Surat, Gujarat - 527233",ACC01479,ENT01051
REC002152,CORPORATE_BANKING,Dinesh Iyegar,9553701796,GVDUA0114O,"664, Avenue, Bengaluru, Karnataka - 396585",ACC01480,ENT01052
REC002153,RETAIL_CBS,DINESH IYENGAR,,,"664, Avenue, Bengaluru, Karnataka - 396585",ACC01480,ENT01052
REC002154,RETAIL_CBS,Sneha Gupta,9490978489,WPFRE1833W,,ACC01481,ENT01053
REC002155,RETAIL_CBS,Sneha Gupta & Sons,9490978489,WPFRE1833W,"891, Main Road, Chennai, Tamil Nadu - 216248",ACC01481,ENT01053
REC002156,CORPORATE_BANKING,VANDANA PANDEY,,,"384, Nagar, Madurai, Tamil Nadu - 233342",ACC01482,ENT01054
REC002157,RETAIL_CBS,Vandana Panedy,,JHVTN9343V,"384, Nagar, Madurai, Tamil Nadu - 233342",ACC01483,ENT01054
REC002158,CORPORATE_BANKING,V. Pandey,9800320992,,"384, Nagar, Madurai, Tamil Nadu - 233342",ACC01482,ENT01054
REC002159,RETAIL_CBS,Ramesh Pandey & Sons,9642393259,,"936, Extension, Lucknow, Uttar Pradesh - 402515",ACC01484,ENT01055
REC002160,RETAIL_CBS,RAMESH PANDEY,9642393259,PLPQL7867O,"936, Extension, Lucknow, Uttar Pradesh - 402515",ACC01485,ENT01055
REC002161,RETAIL_CBS,Neha Naidu & Sons,,,"456, Colony, Madurai, Tamil Nadu - 106854",ACC01486,ENT01056
REC002162,CORPORATE_BANKING,Amandeep Desai,8718613682,KNHEH4832K,"246, Nagar, Coimbatore, Tamil Nadu - 532594",ACC01488,ENT01057
REC002163,RETAIL_CBS,Malhotra Imran,,IKPHD3952N,"827, Main Road, Thiruvananthapuram, Kerala - 657543",ACC01490,ENT01058
REC002164,CORPORATE_BANKING,Imran Malhotra & Sons,9017625271,IKPHD3952N,,ACC01490,ENT01058
REC002165,RETAIL_CBS,IMRAN MALHOTRA,,IKPHD3952N,"827, Main Road, Thiruvananthapuram, Kerala - 657543",ACC01490,ENT01058
REC002166,RETAIL_CBS,Imran Yadav & Sons,9789613554,AWUOO8762Q,"295, Avenue, Chandigarh, Punjab - 645666",ACC01491,ENT01059
REC002167,CORPORATE_BANKING,Sidhu Vasantha,,YWCKW8943Q,"295, Layout, Madurai, Tamil Nadu - 584154",ACC01492,ENT01060
REC002168,CORPORATE_BANKING,Vasantha Sidu,7863656628,YWCKW8943Q,,ACC01492,ENT01060
REC002169,RETAIL_CBS,V. Sidhu,7863656628,YWCKW8943Q,"295, Layout, Madurai, Tamil Nadu - 584154",ACC01492,ENT01060
REC002170,RETAIL_CBS,R. Sheikh,6226162590,URFJX9267A,"511, Layout, Chandigarh, Punjab - 155261",ACC01493,ENT01061
REC002171,RETAIL_CBS,Rajesh Shiekh,6226162590,URFJX9267A,,ACC01493,ENT01061
REC002172,CORPORATE_BANKING,RAJESH SHEIKH,6226162590,URFJX9267A,"511, Layout, Chandigarh, Punjab - 155261",ACC01493,ENT01061
REC002173,RETAIL_CBS,Anita Shikh,6692467020,XUVZH4713V,,ACC01494,ENT01062
REC002174,RETAIL_CBS,Sheikh Anita,6692467020,XUVZH4713V,,ACC01494,ENT01062
REC002175,RETAIL_CBS,Ravi Triedi,9279285917,,"907, Avenue, Nagpur, Maharashtra - 349372",ACC01495,ENT01063
REC002176,CORPORATE_BANKING,RAVI TRIVEDI,9279285917,MUNQG3220Y,,ACC01496,ENT01063
REC002177,RETAIL_CBS,Ravi Trivedi & Sons,9279285917,MUNQG3220Y,"907, Avenue, Nagpur, Maharashtra - 349372",ACC01495,ENT01063
REC002178,CORPORATE_BANKING,Pooja Desai,6164577048,DYSZC6431F,"705, Cross Street, Jaipur, Rajasthan - 272220",ACC01497,ENT01064
REC002179,RETAIL_CBS,Desai Pooja,6164577048,,"705, Cross Street, Jaipur, Rajasthan - 272220",ACC01497,ENT01064
REC002180,RETAIL_CBS,Harleen Dubey & Sons,7552454914,KYTQV1460B,"94, Layout, Madurai, Tamil Nadu - 543674",ACC01498,ENT01065
REC002181,CORPORATE_BANKING,Harleen Dubey,,,,ACC01498,ENT01065
REC002182,RETAIL_CBS,Joseph Yadav,8910008422,UIRQX9691H,"383, Nagar, Ahmedabad, Gujarat - 311548",ACC01499,ENT01066
REC002183,RETAIL_CBS,JOSEPH YADAV,8910008422,UIRQX9691H,,ACC01500,ENT01066
REC002184,RETAIL_CBS,Joseph Ydav,8910008422,,"383, Nagar, Ahmedabad, Gujarat - 311548",ACC01499,ENT01066
REC002185,CORPORATE_BANKING,H. Iyengar,,,"958, Avenue, Pune, Maharashtra - 503945",ACC01501,ENT01067
REC002186,CORPORATE_BANKING,Harleen Iyengar,9719140149,VBUZL7613Q,"958, Avenue, Pune, Maharashtra - 503945",ACC01501,ENT01067
REC002187,RETAIL_CBS,HARLEEN IYENGAR,9719140149,VBUZL7613Q,,ACC01501,ENT01067
REC002188,CORPORATE_BANKING,Nithya Dhillon & Sons,9519173892,HGQQW1265H,,ACC01502,ENT01068
REC002189,CORPORATE_BANKING,Srinivas Mukherjee & Sons,8099909256,CDDCP6371H,"202, Nagar, Chennai, Tamil Nadu - 539685",ACC01503,ENT01069
REC002190,RETAIL_CBS,SRINIVAS MUKHERJEE,8099909256,CDDCP6371H,"202, Nagar, Chennai, Tamil Nadu - 539685",ACC01503,ENT01069
REC002191,RETAIL_CBS,Srinivas Mukerjee,8099909256,CDDCP6371H,"202, Nagar, Chennai, Tamil Nadu - 539685",ACC01503,ENT01069
REC002192,CORPORATE_BANKING,Anil Reddy & Sons,6033935862,CADLJ0274R,,ACC01504,ENT01070
REC002193,CORPORATE_BANKING,A. Reddy,,,"364, Cross Street, Delhi, Delhi - 609904",ACC01505,ENT01070
REC002194,RETAIL_CBS,Anil Reddy,6033935862,CADLJ0274R,"364, Cross Street, Delhi, Delhi - 609904",ACC01504,ENT01070
REC002195,CORPORATE_BANKING,JYOTI SHEIKH,7359892548,IOLRR3426N,"210, Layout, Bengaluru, Karnataka - 600024",ACC01506,ENT01071
REC002196,RETAIL_CBS,J. Sheikh,7359892548,,"210, Layout, Bengaluru, Karnataka - 600024",ACC01506,ENT01071
REC002197,CORPORATE_BANKING,Agarwal Faisal,,IKKDP6002X,"306, Extension, Kolkata, West Bengal - 482566",ACC01507,ENT01072
REC002198,CORPORATE_BANKING,Faisal Agrwal,9364017409,IKKDP6002X,"306, Extension, Kolkata, West Bengal - 482566",ACC01508,ENT01072
REC002199,CORPORATE_BANKING,FAISAL AGARWAL,9364017409,IKKDP6002X,"306, Extension, Kolkata, West Bengal - 482566",ACC01507,ENT01072
REC002200,RETAIL_CBS,Kaur Manisha,8492278814,VOKCA9057Y,"741, Nagar, Bengaluru, Karnataka - 423056",ACC01509,ENT01073
REC002201,RETAIL_CBS,K. Pandey,,,"764, Layout, Thiruvananthapuram, Kerala - 342624",ACC01510,ENT01074
REC002202,CORPORATE_BANKING,P. Mishra,8232938882,KUXUB8699U,"187, Layout, Chandigarh, Punjab - 455206",ACC01511,ENT01075
REC002203,CORPORATE_BANKING,PRIYA MISHRA,8232938882,KUXUB8699U,"187, Layout, Chandigarh, Punjab - 455206",ACC01511,ENT01075
REC002204,CORPORATE_BANKING,Priya Mishra,8232938882,KUXUB8699U,"187, Layout, Chandigarh, Punjab - 455206",ACC01511,ENT01075
REC002205,CORPORATE_BANKING,N. Sheikh,6145113872,EJUMY7237M,"785, Cross Street, Chennai, Tamil Nadu - 273896",ACC01512,ENT01076
REC002206,RETAIL_CBS,NAVEEN SHEIKH,,EJUMY7237M,"785, Cross Street, Chennai, Tamil Nadu - 273896",ACC01512,ENT01076
REC002207,CORPORATE_BANKING,Ashok Menon,,ADQZG0252P,"794, Colony, Delhi, Delhi - 226488",ACC01513,ENT01077
REC002208,CORPORATE_BANKING,Vasantha Malik & Sons,9681006726,,"500, Layout, Delhi, Delhi - 159559",ACC01514,ENT01078
REC002209,CORPORATE_BANKING,Imran Ansari,9519811045,,"110, Nagar, Hyderabad, Telangana - 215659",ACC01515,ENT01079
REC002210,CORPORATE_BANKING,Mahesh Sarma,9978918354,NGREG5675X,"545, Layout, Chandigarh, Punjab - 390230",ACC01518,ENT01080
REC002211,CORPORATE_BANKING,Rekha Ahmde,7713682105,XEUIC4255G,"167, Nagar, Kolkata, West Bengal - 297220",ACC01519,ENT01081
REC002212,RETAIL_CBS,Ashok Reddy,8939629662,FATSY8267Q,"589, Cross Street, Pune, Maharashtra - 255647",ACC01521,ENT01082
REC002213,CORPORATE_BANKING,Ashok Redyd,8939629662,,,ACC01521,ENT01082
REC002214,CORPORATE_BANKING,Reddy Ashok,8939629662,FATSY8267Q,"589, Cross Street, Pune, Maharashtra - 255647",ACC01521,ENT01082
REC002215,CORPORATE_BANKING,Mehta Fatima,,ADGBW0471Y,"179, Extension, Lucknow, Uttar Pradesh - 369557",ACC01522,ENT01083
REC002216,RETAIL_CBS,FATIMA MEHTA,,,"179, Extension, Lucknow, Uttar Pradesh - 369557",ACC01522,ENT01083
REC002217,CORPORATE_BANKING,F. Mehta,8069311426,ADGBW0471Y,,ACC01522,ENT01083
REC002218,CORPORATE_BANKING,S. Bhatt,,,"463, Layout, Madurai, Tamil Nadu - 476666",ACC01523,ENT01084
REC002219,RETAIL_CBS,Susan Ghsh,8679398404,ISEEQ0326P,,ACC01526,ENT01085
REC002220,CORPORATE_BANKING,Ghosh Susan,,ISEEQ0326P,"394, Nagar, Kolkata, West Bengal - 647387",ACC01526,ENT01085
REC002221,RETAIL_CBS,KIRAN RAO,,WOPAD4385P,"371, Colony, Patna, Bihar - 509995",ACC01527,ENT01086
REC002222,CORPORATE_BANKING,Rao Kiran,7050161262,,"371, Colony, Patna, Bihar - 509995",ACC01528,ENT01086
REC002223,CORPORATE_BANKING,Pandey Padma,9137302746,XPUQO5600K,,ACC01529,ENT01087
REC002224,RETAIL_CBS,Sandeep Mukherjee,,,"407, Avenue, Kolkata, West Bengal - 195616",ACC01530,ENT01088
REC002225,RETAIL_CBS,Sandeep Mukhejee,7750073609,XPDPX2468D,"407, Avenue, Kolkata, West Bengal - 195616",ACC01530,ENT01088
REC002226,RETAIL_CBS,Suresh Shah & Sons,6054038343,,"777, Avenue, Mysuru, Karnataka - 276994",ACC01531,ENT01089
REC002227,CORPORATE_BANKING,Suresh Shah,6054038343,HACEW5556W,"777, Avenue, Mysuru, Karnataka - 276994",ACC01531,ENT01089
REC002228,RETAIL_CBS,SURESH SHAH,,,,ACC01531,ENT01089
REC002229,CORPORATE_BANKING,S. Reddy,7381989649,UHPGW5022L,"552, Colony, Ahmedabad, Gujarat - 180689",ACC01532,ENT01090
REC002230,CORPORATE_BANKING,USHA DESAI,7085726713,,"495, Extension, Chandigarh, Punjab - 630632",ACC01533,ENT01091
REC002231,RETAIL_CBS,Z. Iyer,7321176060,BVIHG0919W,"261, Layout, Bhopal, Madhya Pradesh - 650574",ACC01534,ENT01092
REC002232,CORPORATE_BANKING,Joseph Gupat,8702913808,ADJQL4879I,"116, Main Road, Coimbatore, Tamil Nadu - 605445",ACC01535,ENT01093
REC002233,CORPORATE_BANKING,K. Qureshi,,KSJQS3155M,"227, Extension, Surat, Gujarat - 164404",ACC01536,ENT01094
REC002234,RETAIL_CBS,Kalpana Qureshi & Sons,8594191236,KSJQS3155M,,ACC01537,ENT01094
REC002235,CORPORATE_BANKING,KALPANA QURESHI,,,"227, Extension, Surat, Gujarat - 164404",ACC01536,ENT01094
REC002236,CORPORATE_BANKING,Das Harish,,BIJLB4577M,"467, Extension, Chennai, Tamil Nadu - 686326",ACC01538,ENT01095
REC002237,RETAIL_CBS,Harish Das,8357044738,BIJLB4577M,"467, Extension, Chennai, Tamil Nadu - 686326",ACC01538,ENT01095
REC002238,CORPORATE_BANKING,HARISH DAS,8357044738,BIJLB4577M,,ACC01538,ENT01095
REC002239,CORPORATE_BANKING,K. Yadav,7442164292,,"250, Extension, Lucknow, Uttar Pradesh - 343911",ACC01539,ENT01096
REC002240,CORPORATE_BANKING,Kritika Ydaav,7442164292,QEPJG0121K,"250, Extension, Lucknow, Uttar Pradesh - 343911",ACC01539,ENT01096
REC002241,CORPORATE_BANKING,Pooja Padney,8099036563,ZGOIO4678P,"832, Colony, Mysuru, Karnataka - 345504",ACC01540,ENT01097
REC002242,RETAIL_CBS,Pankaj Meha,8439830688,,"629, Nagar, Bengaluru, Karnataka - 491968",ACC01542,ENT01098
REC002243,RETAIL_CBS,Sharma Sneha,6437266818,DWYFS9115X,,ACC01544,ENT01099
REC002244,CORPORATE_BANKING,S. Sharma,,DWYFS9115X,"935, Cross Street, Chandigarh, Punjab - 311844",ACC01545,ENT01099
REC002245,CORPORATE_BANKING,SNEHA SHARMA,6437266818,,"935, Cross Street, Chandigarh, Punjab - 311844",ACC01544,ENT01099
REC002246,CORPORATE_BANKING,ANJALI NAIR,,FZYUK3226P,"637, Nagar, Delhi, Delhi - 309112",ACC01546,ENT01100
REC002247,RETAIL_CBS,Anjali Nair & Sons,6652549559,FZYUK3226P,,ACC01547,ENT01100
REC002248,CORPORATE_BANKING,Sowmya Brar,6851788848,BHJLZ6486S,"765, Cross Street, Chennai, Tamil Nadu - 480378",ACC01548,ENT01101
REC002249,RETAIL_CBS,Brar Sowmya,,,,ACC01548,ENT01101
REC002250,CORPORATE_BANKING,S. Brar,6851788848,BHJLZ6486S,,ACC01548,ENT01101
REC002251,CORPORATE_BANKING,Nair Ajay,9108393663,WPTDE3670F,"970, Avenue, Jaipur, Rajasthan - 509556",ACC01549,ENT01102
REC002252,CORPORATE_BANKING,Ajay Nair & Sons,9108393663,,"970, Avenue, Jaipur, Rajasthan - 509556",ACC01550,ENT01102
REC002253,CORPORATE_BANKING,Anjali Mukherjee,8351871123,OSBUH5803M,"242, Nagar, Patna, Bihar - 670271",ACC01551,ENT01103
REC002254,RETAIL_CBS,Anjali Mukerjee,8351871123,,"242, Nagar, Patna, Bihar - 670271",ACC01551,ENT01103
REC002255,CORPORATE_BANKING,Anjali Mkuherjee,,OSBUH5803M,,ACC01551,ENT01103
REC002256,RETAIL_CBS,Mahesh Banerjee & Sons,7213965204,PRBFB2207T,,ACC01552,ENT01104
REC002257,CORPORATE_BANKING,Banerjee Mahesh,7213965204,PRBFB2207T,,ACC01552,ENT01104
REC002258,CORPORATE_BANKING,Sunil Gupta,9103817914,,"205, Layout, Kochi, Kerala - 232399",ACC01553,ENT01105
REC002259,CORPORATE_BANKING,RAVI BOSE,6742250635,,"520, Extension, Bhopal, Madhya Pradesh - 406526",ACC01554,ENT01106
REC002260,CORPORATE_BANKING,Ravi Bose,6742250635,FCYTU3413K,"520, Extension, Bhopal, Madhya Pradesh - 406526",ACC01554,ENT01106
REC002261,RETAIL_CBS,Ravi Bsoe,6742250635,,,ACC01554,ENT01106
REC002262,CORPORATE_BANKING,KARTHIK GHOSH,9173189667,WQUUU3736C,,ACC01555,ENT01107
REC002263,CORPORATE_BANKING,Karthik Ghosh,,WQUUU3736C,"612, Colony, Kochi, Kerala - 382186",ACC01555,ENT01107
REC002264,CORPORATE_BANKING,Rahul Gill & Sons,,UHTFP5663Y,"74, Main Road, Ahmedabad, Gujarat - 493409",ACC01556,ENT01108
REC002265,RETAIL_CBS,RAHUL GILL,9204493126,UHTFP5663Y,"74, Main Road, Ahmedabad, Gujarat - 493409",ACC01557,ENT01108
REC002266,RETAIL_CBS,Rahul Gill,9204493126,,"74, Main Road, Ahmedabad, Gujarat - 493409",ACC01556,ENT01108
REC002267,CORPORATE_BANKING,Anil Dhiloln,9239254576,,"997, Nagar, Ahmedabad, Gujarat - 547305",ACC01558,ENT01109
REC002268,RETAIL_CBS,Anil Dhillon & Sons,9239254576,EMJVO0566R,"997, Nagar, Ahmedabad, Gujarat - 547305",ACC01558,ENT01109
REC002269,RETAIL_CBS,RITU MALHOTRA,,ODCEH0350Z,,ACC01559,ENT01110
REC002270,RETAIL_CBS,Ritu Malhotra,8408606217,ODCEH0350Z,"810, Colony, Chennai, Tamil Nadu - 243876",ACC01559,ENT01110
REC002271,RETAIL_CBS,R. Malhotra,8408606217,ODCEH0350Z,"810, Colony, Chennai, Tamil Nadu - 243876",ACC01559,ENT01110
REC002272,RETAIL_CBS,Arjun Chauhan,6867375754,TSONP3597R,"128, Cross Street, Chandigarh, Punjab - 277323",ACC01560,ENT01111
REC002273,CORPORATE_BANKING,Arjun Chahuan,6867375754,TSONP3597R,"128, Cross Street, Chandigarh, Punjab - 277323",ACC01561,ENT01111
REC002274,CORPORATE_BANKING,Gopal Segupta,,HRVCM9217Q,"634, Cross Street, Coimbatore, Tamil Nadu - 512113",ACC01562,ENT01112
REC002275,RETAIL_CBS,Gopal Sengupta,,HRVCM9217Q,,ACC01562,ENT01112
REC002276,CORPORATE_BANKING,G. Pillai & Sons,7452912220,,,ACC01563,ENT01113
REC002277,CORPORATE_BANKING,Gaurav Pillai & Sons & Sons,7452912220,ELNSU6577K,"68, Nagar, Hyderabad, Telangana - 133479",ACC01564,ENT01113
REC002278,RETAIL_CBS,Deepak Yadva,9424775803,ILYHY8291X,"472, Cross Street, Pune, Maharashtra - 343060",ACC01565,ENT01114
REC002279,CORPORATE_BANKING,Sheikh Ritu,7319781808,WHYWJ1680B,,ACC01569,ENT01115
REC002280,RETAIL_CBS,Ritu Sheikh,,WHYWJ1680B,"220, Extension, Madurai, Tamil Nadu - 179107",ACC01570,ENT01115
REC002281,RETAIL_CBS,Ritu Sheikh & Sons,,WHYWJ1680B,"220, Extension, Madurai, Tamil Nadu - 179107",ACC01569,ENT01115
REC002282,CORPORATE_BANKING,Vinod Singh & Sons,9800457195,AVXUH3523N,"975, Cross Street, Ahmedabad, Gujarat - 670370",ACC01571,ENT01116
REC002283,RETAIL_CBS,Vinod Singh,,,"975, Cross Street, Ahmedabad, Gujarat - 670370",ACC01572,ENT01116
REC002284,CORPORATE_BANKING,Priya Menon,,DQHMD2617V,"896, Cross Street, Kolkata, West Bengal - 296666",ACC01574,ENT01117
REC002285,RETAIL_CBS,N. Mehta,7664413284,,"656, Extension, Ahmedabad, Gujarat - 126643",ACC01575,ENT01118
REC002286,RETAIL_CBS,Nitin Mehta,7664413284,ROBTU0393C,,ACC01575,ENT01118
REC002287,CORPORATE_BANKING,Nitin Mehta & Sons,7664413284,,,ACC01575,ENT01118
REC002288,CORPORATE_BANKING,Sheikh Divya,,UEPJY1059B,,ACC01576,ENT01119
REC002289,CORPORATE_BANKING,PREETHI BANSAL,7733099208,,"53, Avenue, Chennai, Tamil Nadu - 630229",ACC01578,ENT01120
REC002290,CORPORATE_BANKING,Preethi Bansal,7733099208,IYPMT8796N,"53, Avenue, Chennai, Tamil Nadu - 630229",ACC01579,ENT01120
REC002291,RETAIL_CBS,Sarita Tiwari,7378339844,CSFVI0596L,"599, Colony, Mysuru, Karnataka - 339840",ACC01580,ENT01121
REC002292,CORPORATE_BANKING,Mehta Vasantha,9462597269,YCFRJ6328W,,ACC01583,ENT01122
REC002293,RETAIL_CBS,Vasantha Mehta & Sons,,YCFRJ6328W,,ACC01584,ENT01122
REC002294,CORPORATE_BANKING,Nitin Snigh,7169606282,QGDBL9458H,,ACC01585,ENT01123
REC002295,RETAIL_CBS,D. Brar,,MDVAB6699D,"723, Extension, Hyderabad, Telangana - 585241",ACC01586,ENT01124
REC002296,RETAIL_CBS,Divya Brar & Sons,9742498435,MDVAB6699D,"723, Extension, Hyderabad, Telangana - 585241",ACC01587,ENT01124
REC002297,RETAIL_CBS,Irfan Pandey,,YWICX6107H,"936, Avenue, Bhopal, Madhya Pradesh - 246318",ACC01588,ENT01125
REC002298,RETAIL_CBS,Pandey Irfan,,YWICX6107H,"936, Avenue, Bhopal, Madhya Pradesh - 246318",ACC01588,ENT01125
REC002299,RETAIL_CBS,GAURAV DUBEY,8507051746,MVNLM6613U,"250, Layout, Kolkata, West Bengal - 688320",ACC01589,ENT01126
REC002300,CORPORATE_BANKING,P. Das,,PVWFW4897Z,"154, Cross Street, Bhopal, Madhya Pradesh - 638338",ACC01590,ENT01127
REC002301,RETAIL_CBS,Pooja Das & Sons,9574269085,PVWFW4897Z,"154, Cross Street, Bhopal, Madhya Pradesh - 638338",ACC01590,ENT01127
REC002302,RETAIL_CBS,Das Pooja,,PVWFW4897Z,"154, Cross Street, Bhopal, Madhya Pradesh - 638338",ACC01590,ENT01127
REC002303,CORPORATE_BANKING,Karthik Khan,9087546509,WKGQK6628Y,,ACC01591,ENT01128
REC002304,CORPORATE_BANKING,DEEPA KUMAR,8716763609,,"543, Cross Street, Kolkata, West Bengal - 358895",ACC01592,ENT01129
REC002305,RETAIL_CBS,Kumar Deepa,8716763609,AHZGQ6398M,"543, Cross Street, Kolkata, West Bengal - 358895",ACC01593,ENT01129
REC002306,RETAIL_CBS,D. Kumar,,AHZGQ6398M,,ACC01592,ENT01129
REC002307,CORPORATE_BANKING,Prakash Meta,6349016237,DYVQJ2547G,"160, Extension, Lucknow, Uttar Pradesh - 135305",ACC01594,ENT01130
REC002308,RETAIL_CBS,Jain Vijay,7788803310,JHZAN7330R,,ACC01599,ENT01131
REC002309,CORPORATE_BANKING,VIJAY JAIN,7788803310,,"352, Extension, Madurai, Tamil Nadu - 559539",ACC01600,ENT01131
REC002310,CORPORATE_BANKING,Vijay Jain & Sons,,,"352, Extension, Madurai, Tamil Nadu - 559539",ACC01599,ENT01131
REC002311,RETAIL_CBS,S. Patel,8753714996,OJQDT4824C,"5, Cross Street, Kochi, Kerala - 508951",ACC01601,ENT01132
REC002312,RETAIL_CBS,M. Saxena,8433552169,,"976, Cross Street, Thiruvananthapuram, Kerala - 202190",ACC01602,ENT01133
REC002313,CORPORATE_BANKING,Manoj Sxaena,8433552169,,"976, Cross Street, Thiruvananthapuram, Kerala - 202190",ACC01603,ENT01133
REC002314,CORPORATE_BANKING,B. Brar,9357537357,PEEAG2632N,"745, Layout, Kochi, Kerala - 449567",ACC01605,ENT01134
REC002315,RETAIL_CBS,Bhavana Brar,9357537357,PEEAG2632N,"745, Layout, Kochi, Kerala - 449567",ACC01606,ENT01134
REC002316,RETAIL_CBS,Anjali Redy,,,,ACC01607,ENT01135
REC002317,RETAIL_CBS,Anjali Reddy,9494672385,,"67, Extension, Mumbai, Maharashtra - 301249",ACC01607,ENT01135
REC002318,RETAIL_CBS,A. Reddy,9494672385,IIFPI3345H,,ACC01607,ENT01135
REC002319,RETAIL_CBS,A. Pandey,9570446422,JHPLI1441L,"868, Layout, Madurai, Tamil Nadu - 664421",ACC01608,ENT01136
REC002320,CORPORATE_BANKING,ARJUN PANDEY,,JHPLI1441L,"868, Layout, Madurai, Tamil Nadu - 664421",ACC01609,ENT01136
REC002321,RETAIL_CBS,Joseph Dhillon & Sons,9404217455,SDMNA0368D,"695, Layout, Ahmedabad, Gujarat - 513958",ACC01610,ENT01137
REC002322,CORPORATE_BANKING,RAJESH KUMAR,9245354025,WNQJP1888W,"18, Layout, Chennai, Tamil Nadu - 698351",ACC01611,ENT01138
REC002323,RETAIL_CBS,Kumar Rajesh,9245354025,,,ACC01612,ENT01138
REC002324,CORPORATE_BANKING,Venkatesh Mukerjee,8452089417,,"712, Cross Street, Kochi, Kerala - 635604",ACC01613,ENT01139
REC002325,CORPORATE_BANKING,Preethi Malik,8196050048,EJEYJ7256S,,ACC01615,ENT01140
REC002326,RETAIL_CBS,Sarita Malhotra & Sons,7913354507,,"461, Nagar, Kochi, Kerala - 550018",ACC01616,ENT01141
REC002327,CORPORATE_BANKING,Sarita Malhotar,,EOFBF2547W,"461, Nagar, Kochi, Kerala - 550018",ACC01617,ENT01141
REC002328,CORPORATE_BANKING,SRINIVAS KAUR,,DSCWB6326A,,ACC01618,ENT01142
REC002329,RETAIL_CBS,Kaur Srinivas,9306435070,DSCWB6326A,"534, Cross Street, Surat, Gujarat - 356048",ACC01618,ENT01142
REC002330,RETAIL_CBS,Srinivas Kaur & Sons,9306435070,,"534, Cross Street, Surat, Gujarat - 356048",ACC01618,ENT01142
REC002331,RETAIL_CBS,JOSEPH AGARWAL,8667853373,,,ACC01619,ENT01143
REC002332,RETAIL_CBS,Harpreet Agarwal & Sons,,,"713, Layout, Surat, Gujarat - 506024",ACC01620,ENT01144
REC002333,CORPORATE_BANKING,Jyoti Varhgese,,,"215, Layout, Madurai, Tamil Nadu - 285856",ACC01622,ENT01145
REC002334,CORPORATE_BANKING,Aarti Sidu,,VZJFL9099U,,ACC01624,ENT01146
REC002335,CORPORATE_BANKING,A. Sidhu,8674647006,,,ACC01624,ENT01146
REC002336,RETAIL_CBS,Banerjee Manisha,6128390554,HLLQB9175K,,ACC01625,ENT01147
REC002337,RETAIL_CBS,MANISHA BANERJEE,6128390554,HLLQB9175K,"102, Colony, Coimbatore, Tamil Nadu - 396823",ACC01625,ENT01147
REC002338,CORPORATE_BANKING,Manisha Banerjee & Sons,6128390554,HLLQB9175K,"102, Colony, Coimbatore, Tamil Nadu - 396823",ACC01625,ENT01147
REC002339,RETAIL_CBS,MEENA SHAH,6162708370,,"347, Main Road, Delhi, Delhi - 273586",ACC01626,ENT01148
REC002340,RETAIL_CBS,Meena Shah,6162708370,,,ACC01627,ENT01148
REC002341,CORPORATE_BANKING,Shah Meena,6162708370,BWYAJ8528C,"347, Main Road, Delhi, Delhi - 273586",ACC01626,ENT01148
REC002342,RETAIL_CBS,SABIHA DAS,9538747139,GJQYN9964E,"682, Cross Street, Patna, Bihar - 607425",ACC01628,ENT01149
REC002343,CORPORATE_BANKING,Das Sabiha,9538747139,,"682, Cross Street, Patna, Bihar - 607425",ACC01628,ENT01149
REC002344,CORPORATE_BANKING,Sabiha Das & Sons,9538747139,,"682, Cross Street, Patna, Bihar - 607425",ACC01628,ENT01149
REC002345,RETAIL_CBS,Lakshmi Ansari,,,"501, Extension, Kolkata, West Bengal - 442110",ACC01629,ENT01150
REC002346,CORPORATE_BANKING,P. Desai,8636654827,,,ACC01630,ENT01151
REC002347,RETAIL_CBS,PRAKASH DESAI,8636654827,FIFJH7025D,"208, Extension, Ahmedabad, Gujarat - 586253",ACC01630,ENT01151
REC002348,RETAIL_CBS,Ayesha Mehta,,WVMSD8882K,,ACC01631,ENT01152
REC002349,CORPORATE_BANKING,Malhotra Nithya,6819023728,,"383, Colony, Madurai, Tamil Nadu - 316019",ACC01633,ENT01153
REC002350,CORPORATE_BANKING,Manpreet Shikh,7479744592,UJBZM5182D,"274, Colony, Surat, Gujarat - 249885",ACC01634,ENT01154
REC002351,RETAIL_CBS,Manpreet Sheikh,7479744592,,,ACC01635,ENT01154
REC002352,RETAIL_CBS,Ramesh Reddy & Sons,8936233390,,"453, Extension, Chandigarh, Punjab - 292723",ACC01636,ENT01155
REC002353,RETAIL_CBS,R. Reddy,,JQULI1406L,"453, Extension, Chandigarh, Punjab - 292723",ACC01636,ENT01155
REC002354,CORPORATE_BANKING,Ramesh Rdedy,8936233390,JQULI1406L,,ACC01636,ENT01155
REC002355,CORPORATE_BANKING,Padma Qureshi,9698376594,CBJHF7267G,"491, Cross Street, Jaipur, Rajasthan - 610440",ACC01637,ENT01156
REC002356,RETAIL_CBS,Vandana Ahmde,6374694992,,"383, Cross Street, Bengaluru, Karnataka - 630562",ACC01639,ENT01157
REC002357,RETAIL_CBS,VANDANA AHMED,6374694992,OVYMO4160B,"383, Cross Street, Bengaluru, Karnataka - 630562",ACC01639,ENT01157
REC002358,RETAIL_CBS,Anita Mhta,,ZNRRR1068T,"869, Main Road, Bengaluru, Karnataka - 414145",ACC01640,ENT01158
REC002359,CORPORATE_BANKING,Anita Mheta,7625515209,ZNRRR1068T,"869, Main Road, Bengaluru, Karnataka - 414145",ACC01641,ENT01158
REC002360,RETAIL_CBS,ANITA MEHTA,7625515209,ZNRRR1068T,,ACC01642,ENT01158
REC002361,CORPORATE_BANKING,D. Varghese,,UZZWB3325B,"699, Avenue, Kochi, Kerala - 422576",ACC01643,ENT01159
REC002362,RETAIL_CBS,HARPREET PILLAI,8188022201,AQWHO1137A,"365, Main Road, Coimbatore, Tamil Nadu - 254936",ACC01644,ENT01160
REC002363,CORPORATE_BANKING,Mishra Meena,9437479460,ZJWPJ7938Y,"804, Nagar, Mysuru, Karnataka - 258460",ACC01645,ENT01161
REC002364,RETAIL_CBS,Prakash Kapoor & Sons,9591918438,NRMBG6045I,,ACC01646,ENT01162
REC002365,RETAIL_CBS,Prakash Kapoor,9591918438,NRMBG6045I,"965, Avenue, Thiruvananthapuram, Kerala - 106856",ACC01646,ENT01162
REC002366,CORPORATE_BANKING,S. Malhotra,8706999320,,"807, Avenue, Pune, Maharashtra - 397072",ACC01647,ENT01163
REC002367,CORPORATE_BANKING,Sandeep Sigh,6371294047,YUPOX1282H,"179, Avenue, Madurai, Tamil Nadu - 647845",ACC01648,ENT01164
REC002368,CORPORATE_BANKING,Ramesh Sidhu & Sons,8068449436,BQOAD5728B,"927, Avenue, Mumbai, Maharashtra - 614360",ACC01649,ENT01165
REC002369,RETAIL_CBS,Iyengar Sneha,,GDYFL9798O,"723, Layout, Delhi, Delhi - 687268",ACC01650,ENT01166
REC002370,RETAIL_CBS,Sneha Iyngar,7303631276,GDYFL9798O,"723, Layout, Delhi, Delhi - 687268",ACC01651,ENT01166
REC002371,CORPORATE_BANKING,Deepak Dhilon,,WQASA6315B,,ACC01652,ENT01167
REC002372,RETAIL_CBS,Deepak Dihllon,8721926424,WQASA6315B,,ACC01652,ENT01167
REC002373,CORPORATE_BANKING,Deepak Dhillon,8721926424,,,ACC01652,ENT01167
REC002374,CORPORATE_BANKING,LAKSHMI MALIK,7222013361,DSTSE5181N,"645, Layout, Mysuru, Karnataka - 473344",ACC01653,ENT01168
REC002375,CORPORATE_BANKING,Lakshmi Mailk,,DSTSE5181N,"645, Layout, Mysuru, Karnataka - 473344",ACC01653,ENT01168
REC002376,RETAIL_CBS,Lakshmi Malik,7222013361,,"645, Layout, Mysuru, Karnataka - 473344",ACC01653,ENT01168
REC002377,CORPORATE_BANKING,SURESH THOMAS,,HYXLV1047M,"474, Avenue, Mysuru, Karnataka - 210348",ACC01654,ENT01169
REC002378,CORPORATE_BANKING,SARITA MALIK,,OIRSF8827R,"7, Extension, Jaipur, Rajasthan - 161208",ACC01655,ENT01170
REC002379,RETAIL_CBS,Sarita Maik,6201867125,OIRSF8827R,"7, Extension, Jaipur, Rajasthan - 161208",ACC01656,ENT01170
REC002380,RETAIL_CBS,Aarti Thomsa,9010037379,POGNX8201N,"917, Extension, Chandigarh, Punjab - 665956",ACC01657,ENT01171
REC002381,CORPORATE_BANKING,Thomas Aarti,9010037379,POGNX8201N,,ACC01658,ENT01171
REC002382,RETAIL_CBS,Anita Varghsee,,DURFU9153X,"469, Nagar, Mumbai, Maharashtra - 495142",ACC01659,ENT01172
REC002383,RETAIL_CBS,G. Shah,,,,ACC01660,ENT01173
REC002384,RETAIL_CBS,Shah Gaurav,7483324561,UXNQI5370N,"418, Cross Street, Jaipur, Rajasthan - 448054",ACC01661,ENT01173
REC002385,RETAIL_CBS,Gaurav Shah & Sons,7483324561,UXNQI5370N,"418, Cross Street, Jaipur, Rajasthan - 448054",ACC01660,ENT01173
REC002386,RETAIL_CBS,Imran Paetl,9926062696,GSOOT1105B,"705, Cross Street, Lucknow, Uttar Pradesh - 658452",ACC01662,ENT01174
REC002387,CORPORATE_BANKING,Iyer Dinesh,6726379247,WMDUG1048U,"325, Nagar, Jaipur, Rajasthan - 372160",ACC01663,ENT01175
REC002388,RETAIL_CBS,Dinesh Iyer & Sons,,,"325, Nagar, Jaipur, Rajasthan - 372160",ACC01663,ENT01175
REC002389,CORPORATE_BANKING,D. Iyer,,WMDUG1048U,"325, Nagar, Jaipur, Rajasthan - 372160",ACC01663,ENT01175
REC002390,RETAIL_CBS,Mishra Jyoti,,RSGYS7893M,,ACC01664,ENT01176
REC002391,RETAIL_CBS,Jyoti Misrha,,RSGYS7893M,"978, Layout, Thiruvananthapuram, Kerala - 642619",ACC01664,ENT01176
REC002392,CORPORATE_BANKING,Jyoti Mishra & Sons,6940593681,RSGYS7893M,"978, Layout, Thiruvananthapuram, Kerala - 642619",ACC01664,ENT01176
REC002393,CORPORATE_BANKING,Thomas Joshi,7662360146,DQBKE5977H,"832, Cross Street, Lucknow, Uttar Pradesh - 183836",ACC01665,ENT01177
REC002394,RETAIL_CBS,Joshi Thomas,7662360146,DQBKE5977H,"832, Cross Street, Lucknow, Uttar Pradesh - 183836",ACC01665,ENT01177
REC002395,RETAIL_CBS,Divya Twiari,9378110230,CDYKI2290V,"986, Extension, Nagpur, Maharashtra - 597101",ACC01666,ENT01178
REC002396,RETAIL_CBS,DIVYA TIWARI,9378110230,CDYKI2290V,"986, Extension, Nagpur, Maharashtra - 597101",ACC01666,ENT01178
REC002397,CORPORATE_BANKING,Joseph Ieyr,8836710400,NKYYP0650Y,,ACC01667,ENT01179
REC002398,CORPORATE_BANKING,Simran Ieyr,,UKFIA2135T,"131, Layout, Coimbatore, Tamil Nadu - 644696",ACC01669,ENT01180
REC002399,RETAIL_CBS,Simran Iyer,,UKFIA2135T,"131, Layout, Coimbatore, Tamil Nadu - 644696",ACC01669,ENT01180
REC002400,CORPORATE_BANKING,Padma Bhatt,,RPGCK3790W,"119, Layout, Patna, Bihar - 546651",ACC01670,ENT01181
REC002401,RETAIL_CBS,Bhatt Padma,,RPGCK3790W,"119, Layout, Patna, Bihar - 546651",ACC01670,ENT01181
REC002402,RETAIL_CBS,Padma Bhatt & Sons,7543336623,RPGCK3790W,"119, Layout, Patna, Bihar - 546651",ACC01670,ENT01181
REC002403,RETAIL_CBS,A. Mishra,7161990707,QMQSG4877O,"490, Nagar, Surat, Gujarat - 337092",ACC01671,ENT01182
REC002404,RETAIL_CBS,Amandeep Mihsra,7161990707,,"490, Nagar, Surat, Gujarat - 337092",ACC01671,ENT01182
REC002405,CORPORATE_BANKING,Ansari Mary,6687969238,EOGUW5160R,,ACC01672,ENT01183
REC002406,RETAIL_CBS,Mary Anari,6687969238,,"504, Layout, Mumbai, Maharashtra - 303471",ACC01672,ENT01183
REC002407,RETAIL_CBS,Deepak Malik & Sons,,AYXWD1425Y,,ACC01673,ENT01184
REC002408,CORPORATE_BANKING,Irfan Joshi,9594479865,ONHYL3120T,"733, Nagar, Pune, Maharashtra - 276266",ACC01675,ENT01185
REC002409,RETAIL_CBS,Anil Sheikh & Sons,7443186408,NRWKY2616Q,"913, Avenue, Ahmedabad, Gujarat - 668810",ACC01676,ENT01186
REC002410,CORPORATE_BANKING,VENKATESH NAIR,8939772359,DIIJB9508J,"96, Cross Street, Chennai, Tamil Nadu - 405243",ACC01677,ENT01187
REC002411,RETAIL_CBS,Venkatesh Nair & Sons,8939772359,DIIJB9508J,"96, Cross Street, Chennai, Tamil Nadu - 405243",ACC01677,ENT01187
REC002412,CORPORATE_BANKING,V. Sheikh,7884878473,IDZBJ1990W,"247, Colony, Nagpur, Maharashtra - 654024",ACC01678,ENT01188
REC002413,CORPORATE_BANKING,Vasantha Dhillon & Sons,8495390439,,"309, Colony, Thiruvananthapuram, Kerala - 308245",ACC01679,ENT01189
REC002414,CORPORATE_BANKING,Sanjay Das & Sons,,,"554, Layout, Thiruvananthapuram, Kerala - 528730",ACC01681,ENT01190
REC002415,RETAIL_CBS,Sanjay Das,7881675926,AOJVQ3756C,"554, Layout, Thiruvananthapuram, Kerala - 528730",ACC01681,ENT01190
REC002416,CORPORATE_BANKING,MANPREET DUBEY,7933941225,RPTQD3872H,"601, Layout, Madurai, Tamil Nadu - 640058",ACC01682,ENT01191
REC002417,CORPORATE_BANKING,Ravi Niar,8469632218,SBKYC5009Z,"678, Main Road, Mysuru, Karnataka - 232910",ACC01683,ENT01192
REC002418,CORPORATE_BANKING,Ravi Nair,8469632218,SBKYC5009Z,"678, Main Road, Mysuru, Karnataka - 232910",ACC01683,ENT01192
REC002419,RETAIL_CBS,Manpreet Menno,7609193686,DSQLH0680F,"515, Cross Street, Thiruvananthapuram, Kerala - 173973",ACC01684,ENT01193
REC002420,RETAIL_CBS,MANPREET MENON,7609193686,DSQLH0680F,,ACC01685,ENT01193
REC002421,RETAIL_CBS,Nair Jaspreet,6632593397,TJBQC5460N,"451, Main Road, Lucknow, Uttar Pradesh - 529288",ACC01687,ENT01194
REC002422,CORPORATE_BANKING,Rao Gaurav,7417767576,,"815, Avenue, Chennai, Tamil Nadu - 295202",ACC01688,ENT01195
REC002423,CORPORATE_BANKING,Zeenat Basal,,,,ACC01690,ENT01196
REC002424,RETAIL_CBS,Mary Signh,7883774540,RZOYS4638V,"169, Extension, Chandigarh, Punjab - 611421",ACC01691,ENT01197
REC002425,RETAIL_CBS,Naveen Ahemd,,,"182, Main Road, Chandigarh, Punjab - 161245",ACC01692,ENT01198
REC002426,CORPORATE_BANKING,Naveen Ahed,,,,ACC01693,ENT01198
REC002427,CORPORATE_BANKING,NAVEEN AHMED,,PIVDD9270O,"182, Main Road, Chandigarh, Punjab - 161245",ACC01692,ENT01198
REC002428,CORPORATE_BANKING,Rajesh Mahotra,8512338256,SRHKY8836E,"550, Layout, Nagpur, Maharashtra - 636138",ACC01694,ENT01199
REC002429,CORPORATE_BANKING,Susan Niar,6947718087,HDJBO0336K,,ACC01695,ENT01200
REC002430,CORPORATE_BANKING,SUSAN NAIR,,HDJBO0336K,"40, Colony, Lucknow, Uttar Pradesh - 153067",ACC01695,ENT01200
REC002431,RETAIL_CBS,S. Nair,,HDJBO0336K,"40, Colony, Lucknow, Uttar Pradesh - 153067",ACC01695,ENT01200
REC002432,RETAIL_CBS,Kalpana Patel,8774543546,FKXKN3854S,,ACC01696,ENT01201
REC002433,RETAIL_CBS,Kalpana Patl,8774543546,FKXKN3854S,,ACC01696,ENT01201
REC002434,CORPORATE_BANKING,Kalpana Patel & Sons,8774543546,FKXKN3854S,"142, Cross Street, Ahmedabad, Gujarat - 691472",ACC01696,ENT01201
REC002435,RETAIL_CBS,A. Jain,,BGSOL0772B,"917, Extension, Lucknow, Uttar Pradesh - 159864",ACC01697,ENT01202
REC002436,CORPORATE_BANKING,Rahul Shah,8903238295,,,ACC01698,ENT01203
REC002437,RETAIL_CBS,Rahul Das & Sons,,EGVOE3085G,"962, Main Road, Chennai, Tamil Nadu - 483738",ACC01699,ENT01204
REC002438,CORPORATE_BANKING,RAHUL DAS,9390341560,,"962, Main Road, Chennai, Tamil Nadu - 483738",ACC01700,ENT01204
REC002439,RETAIL_CBS,R. Das,,EGVOE3085G,"962, Main Road, Chennai, Tamil Nadu - 483738",ACC01699,ENT01204
REC002440,CORPORATE_BANKING,Pillai & Sons Sarita,8369876917,,,ACC01701,ENT01205
REC002441,RETAIL_CBS,Sarita Pillai & Sons & Sons,8369876917,CKHPU4576Q,"304, Avenue, Kolkata, West Bengal - 366858",ACC01702,ENT01205
REC002442,CORPORATE_BANKING,Sarita Pilli & Sons,8369876917,,"304, Avenue, Kolkata, West Bengal - 366858",ACC01701,ENT01205
REC002443,RETAIL_CBS,Usha Dbey,8641607556,ZLYRA1379L,,ACC01703,ENT01206
REC002444,RETAIL_CBS,Sunil Sahrma,8229220130,XSCCG1371R,"202, Avenue, Patna, Bihar - 551039",ACC01704,ENT01207
REC002445,CORPORATE_BANKING,S. Sharma,8229220130,XSCCG1371R,"202, Avenue, Patna, Bihar - 551039",ACC01704,ENT01207
REC002446,CORPORATE_BANKING,Sunil Sharma,,,"202, Avenue, Patna, Bihar - 551039",ACC01704,ENT01207
REC002447,CORPORATE_BANKING,Ashok Mihra,7787938741,IEVNT8027A,"301, Cross Street, Thiruvananthapuram, Kerala - 337918",ACC01705,ENT01208
REC002448,CORPORATE_BANKING,Ravi Varghee,,VPDXK2670X,,ACC01707,ENT01209
REC002449,CORPORATE_BANKING,R. Varghese,9085834215,,"896, Colony, Lucknow, Uttar Pradesh - 505906",ACC01707,ENT01209
REC002450,CORPORATE_BANKING,Varghese Ravi,,VPDXK2670X,"896, Colony, Lucknow, Uttar Pradesh - 505906",ACC01707,ENT01209
REC002451,CORPORATE_BANKING,Jyoti Qureshi,6247934085,TAFAX2557E,"510, Layout, Hyderabad, Telangana - 104932",ACC01708,ENT01210
REC002452,CORPORATE_BANKING,J. Qureshi,6247934085,TAFAX2557E,"510, Layout, Hyderabad, Telangana - 104932",ACC01709,ENT01210
REC002453,RETAIL_CBS,Jyoti Qurehsi,6247934085,TAFAX2557E,,ACC01708,ENT01210
REC002454,CORPORATE_BANKING,Sowmya Singh,7373457364,CVSJJ7316J,,ACC01710,ENT01211
REC002455,RETAIL_CBS,Sowmya Sinh,,CVSJJ7316J,"103, Nagar, Bengaluru, Karnataka - 283675",ACC01710,ENT01211
REC002456,CORPORATE_BANKING,Gurpreet Trivedi,7336255738,CDFNT5634J,,ACC01711,ENT01212
REC002457,CORPORATE_BANKING,Gurpreet Trviedi,,CDFNT5634J,,ACC01711,ENT01212
REC002458,CORPORATE_BANKING,GURPREET TRIVEDI,7336255738,CDFNT5634J,"789, Nagar, Patna, Bihar - 287095",ACC01711,ENT01212
REC002459,RETAIL_CBS,Menon Jyoti,,CSJIY7245J,"313, Extension, Ahmedabad, Gujarat - 432278",ACC01712,ENT01213
REC002460,CORPORATE_BANKING,Anil Trivedi & Sons,,UPGWI8371F,"806, Cross Street, Chandigarh, Punjab - 108475",ACC01714,ENT01214
REC002461,RETAIL_CBS,A. Trivedi,9679860049,,,ACC01714,ENT01214
REC002462,RETAIL_CBS,Manisha Kaur,,HRZVY5334W,,ACC01715,ENT01215
REC002463,CORPORATE_BANKING,Kaur Manisha,,HRZVY5334W,,ACC01715,ENT01215
REC002464,CORPORATE_BANKING,G. Shah,,,"470, Colony, Hyderabad, Telangana - 379696",ACC01716,ENT01216
REC002465,CORPORATE_BANKING,N. Kumar,,BHGQB7289L,,ACC01718,ENT01217
REC002466,CORPORATE_BANKING,Nithya Kmuar,9820723453,,"523, Extension, Chandigarh, Punjab - 693866",ACC01719,ENT01217
REC002467,CORPORATE_BANKING,R. Saxena,8727040674,GSVYG0581A,"958, Extension, Pune, Maharashtra - 188657",ACC01720,ENT01218
REC002468,CORPORATE_BANKING,Rahul Saxena & Sons,,GSVYG0581A,"958, Extension, Pune, Maharashtra - 188657",ACC01721,ENT01218
REC002469,CORPORATE_BANKING,Rahul Saxena,8727040674,GSVYG0581A,,ACC01720,ENT01218
REC002470,RETAIL_CBS,S. Iyengar,9002675601,XCIYO4743V,"401, Extension, Mumbai, Maharashtra - 365182",ACC01722,ENT01219
REC002471,RETAIL_CBS,Susan Iyengar,9002675601,XCIYO4743V,,ACC01723,ENT01219
REC002472,CORPORATE_BANKING,M. Bose,8171249919,,"254, Nagar, Chandigarh, Punjab - 426732",ACC01724,ENT01220
REC002473,RETAIL_CBS,Bose Mary,,LAIDR5956P,"254, Nagar, Chandigarh, Punjab - 426732",ACC01724,ENT01220
REC002474,RETAIL_CBS,Gupta Kiran,6052327230,HXQEV2917P,"85, Colony, Chandigarh, Punjab - 639510",ACC01725,ENT01221
REC002475,CORPORATE_BANKING,Kiran Gutpa,6052327230,HXQEV2917P,,ACC01725,ENT01221
REC002476,CORPORATE_BANKING,U. Brar,,,,ACC01726,ENT01222
REC002477,RETAIL_CBS,Usha Barr,8058645203,TETFP6189E,,ACC01726,ENT01222
REC002478,RETAIL_CBS,Usha Brar & Sons,,TETFP6189E,"550, Extension, Lucknow, Uttar Pradesh - 575072",ACC01726,ENT01222
REC002479,CORPORATE_BANKING,Ravi Mukhejree,,BBTLR0571X,"507, Nagar, Bengaluru, Karnataka - 141499",ACC01727,ENT01223
REC002480,CORPORATE_BANKING,Ravi Mukherjee,8883682252,BBTLR0571X,"507, Nagar, Bengaluru, Karnataka - 141499",ACC01727,ENT01223
REC002481,RETAIL_CBS,Ravi Mukherjee & Sons,8883682252,,"507, Nagar, Bengaluru, Karnataka - 141499",ACC01727,ENT01223
REC002482,RETAIL_CBS,Sandeep Patel & Sons,,PMEMV5336C,"371, Colony, Ahmedabad, Gujarat - 493607",ACC01728,ENT01224
REC002483,RETAIL_CBS,ANJALI SHAH,9725532493,WMMGR6843N,"158, Extension, Chandigarh, Punjab - 185937",ACC01730,ENT01225
REC002484,CORPORATE_BANKING,Anjali Sahh,9725532493,WMMGR6843N,"158, Extension, Chandigarh, Punjab - 185937",ACC01731,ENT01225
REC002485,RETAIL_CBS,A. Shah,,,,ACC01730,ENT01225
REC002486,CORPORATE_BANKING,Mary Ptel,7802365221,,"239, Avenue, Pune, Maharashtra - 564843",ACC01732,ENT01226
REC002487,RETAIL_CBS,Patel Mary,7802365221,PQITS9231X,"239, Avenue, Pune, Maharashtra - 564843",ACC01733,ENT01226
REC002488,RETAIL_CBS,Ajay Sengupta,6923032083,,"625, Layout, Chandigarh, Punjab - 530369",ACC01734,ENT01227
REC002489,RETAIL_CBS,Sengupta Ajay,6923032083,,"625, Layout, Chandigarh, Punjab - 530369",ACC01734,ENT01227
REC002490,RETAIL_CBS,Divya Pillai & Sons & Sons,9438231891,,"230, Nagar, Bhopal, Madhya Pradesh - 590351",ACC01735,ENT01228
REC002491,RETAIL_CBS,Pillai & Sons Divya,9438231891,,"230, Nagar, Bhopal, Madhya Pradesh - 590351",ACC01735,ENT01228
REC002492,CORPORATE_BANKING,Ansari Jyoti,,ESGAG8875X,"679, Layout, Coimbatore, Tamil Nadu - 389228",ACC01736,ENT01229
REC002493,RETAIL_CBS,Gopal Dueby,7475269196,GPSQB6885Q,"581, Layout, Bhopal, Madhya Pradesh - 490414",ACC01737,ENT01230
REC002494,RETAIL_CBS,Gopal Dubey & Sons,7475269196,GPSQB6885Q,"581, Layout, Bhopal, Madhya Pradesh - 490414",ACC01737,ENT01230
REC002495,CORPORATE_BANKING,GOPAL DUBEY,,,"581, Layout, Bhopal, Madhya Pradesh - 490414",ACC01737,ENT01230
REC002496,RETAIL_CBS,Anna Jain & Sons,7712124411,AGRYK4376B,"208, Cross Street, Chandigarh, Punjab - 597629",ACC01738,ENT01231
REC002497,CORPORATE_BANKING,Ritu Trivdi,,NCAHR0809E,,ACC01740,ENT01232
REC002498,CORPORATE_BANKING,RITU TRIVEDI,7722242088,,"515, Avenue, Hyderabad, Telangana - 388763",ACC01740,ENT01232
REC002499,RETAIL_CBS,A. Reddy,8382341721,VIPTN6602S,"466, Main Road, Delhi, Delhi - 332648",ACC01741,ENT01233
REC002500,CORPORATE_BANKING,ARJUN REDDY,8382341721,VIPTN6602S,"466, Main Road, Delhi, Delhi - 332648",ACC01741,ENT01233
REC002501,CORPORATE_BANKING,Arjun Reddy,8382341721,VIPTN6602S,"466, Main Road, Delhi, Delhi - 332648",ACC01741,ENT01233
REC002502,RETAIL_CBS,M. Rao,6100606318,GBOQA9944T,,ACC01742,ENT01234
REC002503,RETAIL_CBS,Sandeep Dubey & Sons,6315787914,WZPKM2584N,"365, Layout, Pune, Maharashtra - 101105",ACC01743,ENT01235
REC002504,CORPORATE_BANKING,Singh Harpreet,,ZKYWR7328V,"287, Colony, Kochi, Kerala - 533345",ACC01745,ENT01236
REC002505,RETAIL_CBS,Menon Imran,7690697662,,"538, Main Road, Bhopal, Madhya Pradesh - 415440",ACC01748,ENT01237
REC002506,CORPORATE_BANKING,Imran Mneon,,,,ACC01748,ENT01237
REC002507,CORPORATE_BANKING,Imran Menon,7690697662,PCNPY4018C,"538, Main Road, Bhopal, Madhya Pradesh - 415440",ACC01748,ENT01237
REC002508,CORPORATE_BANKING,Arun Patel & Sons,7612960398,QMHQY5402X,"104, Extension, Bengaluru, Karnataka - 480583",ACC01749,ENT01238
REC002509,RETAIL_CBS,Iyer Kiran,8074707744,,"619, Extension, Nagpur, Maharashtra - 364772",ACC01751,ENT01239
REC002510,RETAIL_CBS,Mary Banerjee,6335976249,KMYUA6096Z,"919, Extension, Chandigarh, Punjab - 444356",ACC01752,ENT01240
REC002511,RETAIL_CBS,Rao Priya,8776696825,,,ACC01753,ENT01241
REC002512,RETAIL_CBS,Priya Rao & Sons,8776696825,,,ACC01754,ENT01241
REC002513,RETAIL_CBS,P. Rao,8776696825,PBRIB3075T,"148, Main Road, Kolkata, West Bengal - 665495",ACC01753,ENT01241
REC002514,CORPORATE_BANKING,Fatima Kaoor,9028078959,SZWWC9062I,"68, Layout, Ahmedabad, Gujarat - 208953",ACC01755,ENT01242
REC002515,RETAIL_CBS,Fatima Kapoor,9028078959,SZWWC9062I,"68, Layout, Ahmedabad, Gujarat - 208953",ACC01755,ENT01242
REC002516,CORPORATE_BANKING,Fatima Kaporo,9028078959,SZWWC9062I,"68, Layout, Ahmedabad, Gujarat - 208953",ACC01755,ENT01242
REC002517,RETAIL_CBS,Bhatt Srinivas,7965705226,RVLMQ8800Z,"658, Avenue, Pune, Maharashtra - 607188",ACC01756,ENT01243
REC002518,CORPORATE_BANKING,Sheikh Preethi,,,"80, Extension, Jaipur, Rajasthan - 510897",ACC01758,ENT01244
REC002519,RETAIL_CBS,Preethi Sehikh,8059938378,FIJUP3342X,"80, Extension, Jaipur, Rajasthan - 510897",ACC01759,ENT01244
REC002520,RETAIL_CBS,Zubair Reddy & Sons,6953482930,UBEGB1938G,,ACC01760,ENT01245
REC002521,CORPORATE_BANKING,Zubair Redy,,UBEGB1938G,"599, Nagar, Hyderabad, Telangana - 391200",ACC01760,ENT01245
REC002522,RETAIL_CBS,Suresh Meha,7832844564,,"92, Colony, Madurai, Tamil Nadu - 639038",ACC01761,ENT01246
REC002523,RETAIL_CBS,Jain Kalpana,7630612408,YFFYY3568R,"900, Avenue, Pune, Maharashtra - 111464",ACC01762,ENT01247
REC002524,RETAIL_CBS,Anjali Vera,,MCKAI9744P,,ACC01763,ENT01248
REC002525,RETAIL_CBS,A. Verma,6379195676,MCKAI9744P,"62, Extension, Bhopal, Madhya Pradesh - 676618",ACC01763,ENT01248
REC002526,RETAIL_CBS,Anjali Vemra,6379195676,,"62, Extension, Bhopal, Madhya Pradesh - 676618",ACC01763,ENT01248
REC002527,RETAIL_CBS,R. Shah,,,,ACC01764,ENT01249
REC002528,RETAIL_CBS,Ramesh Shah,9290951070,QUPPK8094C,,ACC01764,ENT01249
REC002529,CORPORATE_BANKING,Shah Ramesh,9290951070,QUPPK8094C,"766, Extension, Lucknow, Uttar Pradesh - 616758",ACC01764,ENT01249
REC002530,RETAIL_CBS,SUSAN KHAN,9396135497,UITQA2048Y,"113, Avenue, Thiruvananthapuram, Kerala - 211613",ACC01765,ENT01250
REC002531,RETAIL_CBS,Susan Kahn,9396135497,UITQA2048Y,,ACC01766,ENT01250
REC002532,CORPORATE_BANKING,Susan Khan & Sons,,UITQA2048Y,"113, Avenue, Thiruvananthapuram, Kerala - 211613",ACC01765,ENT01250
REC002533,CORPORATE_BANKING,Joseph Yadva,7546352124,GKTYE2487M,,ACC01767,ENT01251
REC002534,CORPORATE_BANKING,HARLEEN KAPOOR,8145981084,SCOJN5624S,"711, Colony, Jaipur, Rajasthan - 687358",ACC01768,ENT01252
REC002535,CORPORATE_BANKING,H. Kapoor,8145981084,,,ACC01768,ENT01252
REC002536,RETAIL_CBS,Harleen Kapoor,8145981084,SCOJN5624S,,ACC01768,ENT01252
REC002537,CORPORATE_BANKING,S. Naidu,,,"348, Colony, Kochi, Kerala - 314161",ACC01769,ENT01253
REC002538,CORPORATE_BANKING,Aarti Gpta,,CRPGE0471L,"981, Colony, Chandigarh, Punjab - 256618",ACC01770,ENT01254
REC002539,CORPORATE_BANKING,Gupta Aarti,9793484962,,"981, Colony, Chandigarh, Punjab - 256618",ACC01770,ENT01254
REC002540,RETAIL_CBS,Aarti Gputa,9793484962,CRPGE0471L,,ACC01770,ENT01254
REC002541,CORPORATE_BANKING,Amit Saxena,6002412960,ZVFFQ3419G,"708, Extension, Kolkata, West Bengal - 617579",ACC01771,ENT01255
REC002542,RETAIL_CBS,Amit Saxean,,,,ACC01771,ENT01255
REC002543,CORPORATE_BANKING,Amit Saxea,6002412960,ZVFFQ3419G,,ACC01771,ENT01255
REC002544,RETAIL_CBS,Nitin Joshi,7895587277,,"400, Colony, Ahmedabad, Gujarat - 261397",ACC01772,ENT01256
REC002545,CORPORATE_BANKING,Nitin Jsohi,,RMNPV4525W,"400, Colony, Ahmedabad, Gujarat - 261397",ACC01772,ENT01256
REC002546,RETAIL_CBS,Nitin Johi,7895587277,RMNPV4525W,"400, Colony, Ahmedabad, Gujarat - 261397",ACC01772,ENT01256
REC002547,CORPORATE_BANKING,Manoj Trivei,7334141962,DNOFE5100G,,ACC01773,ENT01257
REC002548,CORPORATE_BANKING,Manoj Triveid,,DNOFE5100G,,ACC01773,ENT01257
REC002549,RETAIL_CBS,Manoj Shikh,,XQSJS6149G,,ACC01774,ENT01258
REC002550,RETAIL_CBS,Manoj Sheihk,,,"266, Layout, Delhi, Delhi - 292041",ACC01775,ENT01258
REC002551,RETAIL_CBS,Sheikh Manoj,7370747776,XQSJS6149G,,ACC01776,ENT01258
REC002552,RETAIL_CBS,Nitin Gosh,9005702035,XKQPE7274L,,ACC01777,ENT01259
REC002553,RETAIL_CBS,Nitin Ghosh & Sons,,,"857, Layout, Ahmedabad, Gujarat - 449072",ACC01777,ENT01259
REC002554,CORPORATE_BANKING,Nitin Ghohs,9005702035,XKQPE7274L,,ACC01777,ENT01259
REC002555,RETAIL_CBS,Thomas Kritika,,,"29, Avenue, Bengaluru, Karnataka - 543630",ACC01778,ENT01260
REC002556,CORPORATE_BANKING,KRITIKA THOMAS,6271814052,,"29, Avenue, Bengaluru, Karnataka - 543630",ACC01778,ENT01260
REC002557,CORPORATE_BANKING,Kritika Thomas,,,"29, Avenue, Bengaluru, Karnataka - 543630",ACC01778,ENT01260
REC002558,RETAIL_CBS,ARUN PILLAI,,UZERQ7363J,"607, Extension, Surat, Gujarat - 342127",ACC01779,ENT01261
REC002559,CORPORATE_BANKING,Arun Pilli,8807958764,UZERQ7363J,,ACC01779,ENT01261
REC002560,CORPORATE_BANKING,Faisal Patel & Sons,,WIQCN8094F,,ACC01780,ENT01262
REC002561,CORPORATE_BANKING,Suresh Gpta,6829840983,IHMJZ4481U,"492, Colony, Kochi, Kerala - 682325",ACC01781,ENT01263
REC002562,RETAIL_CBS,Suresh Gutpa,6829840983,IHMJZ4481U,"492, Colony, Kochi, Kerala - 682325",ACC01782,ENT01263
REC002563,CORPORATE_BANKING,IRFAN AHMED,8544972693,TCDCG2973K,,ACC01783,ENT01264
REC002564,CORPORATE_BANKING,Irfan Ahmed,8544972693,TCDCG2973K,"366, Cross Street, Kochi, Kerala - 280951",ACC01783,ENT01264
REC002565,RETAIL_CBS,I. Ahmed,8544972693,TCDCG2973K,"366, Cross Street, Kochi, Kerala - 280951",ACC01783,ENT01264
REC002566,CORPORATE_BANKING,SRINIVAS DUBEY,7267992026,LLICH5490S,"174, Colony, Patna, Bihar - 167729",ACC01784,ENT01265
REC002567,CORPORATE_BANKING,Srinivas Dbey,7267992026,LLICH5490S,,ACC01784,ENT01265
REC002568,RETAIL_CBS,Bose Harpreet,9975978025,XGZKU9207V,"652, Main Road, Pune, Maharashtra - 686079",ACC01785,ENT01266
REC002569,CORPORATE_BANKING,H. Bose,9975978025,XGZKU9207V,"652, Main Road, Pune, Maharashtra - 686079",ACC01785,ENT01266
REC002570,CORPORATE_BANKING,Divya Redy,9922493807,RXECO0912Y,"780, Extension, Hyderabad, Telangana - 472343",ACC01786,ENT01267
REC002571,CORPORATE_BANKING,D. Reddy,9922493807,,"780, Extension, Hyderabad, Telangana - 472343",ACC01786,ENT01267
REC002572,CORPORATE_BANKING,DIVYA REDDY,9922493807,RXECO0912Y,,ACC01786,ENT01267
REC002573,CORPORATE_BANKING,MANOJ GHOSH,,SAIZV0187B,"666, Nagar, Mumbai, Maharashtra - 479020",ACC01787,ENT01268
REC002574,RETAIL_CBS,Menon Ramesh,6198904882,EZDFU2275L,,ACC01788,ENT01269
REC002575,CORPORATE_BANKING,RAMESH MENON,6198904882,EZDFU2275L,"185, Extension, Bengaluru, Karnataka - 567221",ACC01788,ENT01269
REC002576,RETAIL_CBS,Sneha Menon & Sons,7881601458,VDWHR3504Y,"499, Cross Street, Chennai, Tamil Nadu - 336134",ACC01789,ENT01270
REC002577,CORPORATE_BANKING,Priya Mehta & Sons,6071014407,PWHJV2456Y,,ACC01790,ENT01271
REC002578,RETAIL_CBS,Mehta Priya,,PWHJV2456Y,,ACC01790,ENT01271
REC002579,CORPORATE_BANKING,Priya Mhta,6071014407,PWHJV2456Y,"467, Avenue, Jaipur, Rajasthan - 278787",ACC01790,ENT01271
REC002580,CORPORATE_BANKING,Shreya Tiwari,,UPPSC3069Y,"812, Avenue, Mumbai, Maharashtra - 553943",ACC01791,ENT01272
REC002581,CORPORATE_BANKING,Dinesh Sidhu & Sons,6507388339,,"220, Colony, Delhi, Delhi - 520111",ACC01792,ENT01273
REC002582,RETAIL_CBS,S. Chatterjee,8618473196,DBLEG3997A,"789, Extension, Coimbatore, Tamil Nadu - 315501",ACC01794,ENT01274
REC002583,RETAIL_CBS,Sunil Chattejee,8618473196,,"789, Extension, Coimbatore, Tamil Nadu - 315501",ACC01794,ENT01274
REC002584,RETAIL_CBS,Sunil Chatterjee & Sons,8618473196,DBLEG3997A,"789, Extension, Coimbatore, Tamil Nadu - 315501",ACC01794,ENT01274
REC002585,RETAIL_CBS,P. Banerjee,8227529643,ZLOQV8407S,"502, Avenue, Nagpur, Maharashtra - 468549",ACC01795,ENT01275
REC002586,CORPORATE_BANKING,Prakash Banrejee,8227529643,ZLOQV8407S,"502, Avenue, Nagpur, Maharashtra - 468549",ACC01795,ENT01275
REC002587,RETAIL_CBS,PANKAJ SHEIKH,,,"724, Colony, Coimbatore, Tamil Nadu - 463085",ACC01796,ENT01276
REC002588,CORPORATE_BANKING,Pankaj Sehikh,7129279595,VWRHL3066L,"724, Colony, Coimbatore, Tamil Nadu - 463085",ACC01796,ENT01276
REC002589,RETAIL_CBS,Lakshmi Menon,7108027185,ZUGOB3179Z,"498, Nagar, Kochi, Kerala - 321948",ACC01797,ENT01277
REC002590,CORPORATE_BANKING,Menon Lakshmi,,,"498, Nagar, Kochi, Kerala - 321948",ACC01798,ENT01277
REC002591,RETAIL_CBS,S. Naidu,,,"227, Layout, Kochi, Kerala - 495000",ACC01799,ENT01278
REC002592,RETAIL_CBS,Naidu Sarita,,WSNHC0248L,"227, Layout, Kochi, Kerala - 495000",ACC01799,ENT01278
REC002593,CORPORATE_BANKING,Sarita Niadu,9036054184,WSNHC0248L,"227, Layout, Kochi, Kerala - 495000",ACC01799,ENT01278
REC002594,RETAIL_CBS,Suresh Pillai & Sns,6204945084,ORXNK3557M,,ACC01800,ENT01279
REC002595,CORPORATE_BANKING,Sunil Das & Sons,9808094624,CKVUI1581E,"633, Extension, Thiruvananthapuram, Kerala - 387204",ACC01801,ENT01280
REC002596,RETAIL_CBS,S. Das,9808094624,CKVUI1581E,"633, Extension, Thiruvananthapuram, Kerala - 387204",ACC01801,ENT01280
REC002597,CORPORATE_BANKING,Das Sunil,9808094624,CKVUI1581E,"633, Extension, Thiruvananthapuram, Kerala - 387204",ACC01801,ENT01280
REC002598,CORPORATE_BANKING,Vasantha Bansla,,RFYYG9672E,"478, Avenue, Ahmedabad, Gujarat - 105010",ACC01802,ENT01281
REC002599,RETAIL_CBS,Vasantha Bansl,7492919200,RFYYG9672E,"478, Avenue, Ahmedabad, Gujarat - 105010",ACC01802,ENT01281
REC002600,CORPORATE_BANKING,ZUBAIR SHEIKH,8810063954,SBGWS2919Q,"829, Main Road, Bengaluru, Karnataka - 349284",ACC01803,ENT01282
REC002601,CORPORATE_BANKING,Z. Sheikh,,SBGWS2919Q,"829, Main Road, Bengaluru, Karnataka - 349284",ACC01804,ENT01282
REC002602,RETAIL_CBS,N. Patel,6597916507,CPOVH9042S,"878, Colony, Pune, Maharashtra - 297349",ACC01805,ENT01283
REC002603,RETAIL_CBS,G. Gill,6375813089,SSPTR1866K,"845, Main Road, Bhopal, Madhya Pradesh - 357911",ACC01806,ENT01284
REC002604,RETAIL_CBS,Gill Gurpreet,6375813089,SSPTR1866K,"845, Main Road, Bhopal, Madhya Pradesh - 357911",ACC01806,ENT01284
REC002605,RETAIL_CBS,Faisal Padey,7013557918,LNBNQ9968X,,ACC01807,ENT01285
REC002606,RETAIL_CBS,Pandey Faisal,7013557918,LNBNQ9968X,"114, Main Road, Chandigarh, Punjab - 522787",ACC01807,ENT01285
REC002607,RETAIL_CBS,Faisal Pandye,,LNBNQ9968X,,ACC01807,ENT01285
REC002608,CORPORATE_BANKING,ANITA RAO,8845968611,JORUY4964Q,,ACC01808,ENT01286
REC002609,CORPORATE_BANKING,Anita Rao & Sons,8845968611,JORUY4964Q,"610, Nagar, Mumbai, Maharashtra - 442600",ACC01808,ENT01286
REC002610,RETAIL_CBS,Trivedi Kavita,7867639926,,,ACC01809,ENT01287
REC002611,CORPORATE_BANKING,K. Trivedi,7867639926,LCAGT2072J,"621, Extension, Bengaluru, Karnataka - 526379",ACC01809,ENT01287
REC002612,CORPORATE_BANKING,KAVITA TRIVEDI,7867639926,LCAGT2072J,"621, Extension, Bengaluru, Karnataka - 526379",ACC01809,ENT01287
REC002613,RETAIL_CBS,Sunil Chauhan,6081521848,YVBQG3224O,"7, Layout, Chennai, Tamil Nadu - 594619",ACC01810,ENT01288
REC002614,CORPORATE_BANKING,Sunil Chahuan,6081521848,YVBQG3224O,,ACC01811,ENT01288
REC002615,CORPORATE_BANKING,A. Sheikh,6487621778,MBZCU3600O,"578, Extension, Kolkata, West Bengal - 314164",ACC01812,ENT01289
REC002616,CORPORATE_BANKING,Ashok Shikh,6487621778,MBZCU3600O,"578, Extension, Kolkata, West Bengal - 314164",ACC01812,ENT01289
REC002617,CORPORATE_BANKING,ASHOK SHEIKH,6487621778,MBZCU3600O,"578, Extension, Kolkata, West Bengal - 314164",ACC01812,ENT01289
REC002618,RETAIL_CBS,Gaurav Dhllon,,NRZVW9951Z,"742, Layout, Surat, Gujarat - 606423",ACC01813,ENT01290
REC002619,CORPORATE_BANKING,Dhillon Gaurav,9060312928,,"742, Layout, Surat, Gujarat - 606423",ACC01813,ENT01290
REC002620,CORPORATE_BANKING,Gaurav Dhillon,9060312928,NRZVW9951Z,,ACC01813,ENT01290
REC002621,CORPORATE_BANKING,K. Tiwari,,XLZGB6143R,"880, Main Road, Chandigarh, Punjab - 142437",ACC01814,ENT01291
REC002622,RETAIL_CBS,Kritika Tiwari,,XLZGB6143R,"880, Main Road, Chandigarh, Punjab - 142437",ACC01815,ENT01291
REC002623,CORPORATE_BANKING,Kritika Tiwari & Sons,6317629379,XLZGB6143R,"880, Main Road, Chandigarh, Punjab - 142437",ACC01816,ENT01291
REC002624,CORPORATE_BANKING,HARPREET SIDHU,6222385767,,"149, Avenue, Coimbatore, Tamil Nadu - 154987",ACC01817,ENT01292
REC002625,RETAIL_CBS,Harpreet Sidu,6222385767,FYGGV3067Z,"149, Avenue, Coimbatore, Tamil Nadu - 154987",ACC01817,ENT01292
REC002626,CORPORATE_BANKING,H. Sidhu,6222385767,FYGGV3067Z,"149, Avenue, Coimbatore, Tamil Nadu - 154987",ACC01817,ENT01292
REC002627,RETAIL_CBS,Jyoti Malhotar,9622099290,BDKQD0178J,"745, Colony, Mumbai, Maharashtra - 298431",ACC01818,ENT01293
REC002628,RETAIL_CBS,Jyoti Malhotra & Sons,9622099290,BDKQD0178J,,ACC01819,ENT01293
REC002629,CORPORATE_BANKING,Manoj Singh,7785037023,,"928, Nagar, Pune, Maharashtra - 125359",ACC01820,ENT01294
REC002630,CORPORATE_BANKING,Manoj Singh & Sons,7785037023,,"928, Nagar, Pune, Maharashtra - 125359",ACC01820,ENT01294
REC002631,RETAIL_CBS,Naidu Mahesh,,LLITX6166H,"65, Layout, Surat, Gujarat - 345213",ACC01821,ENT01295
REC002632,CORPORATE_BANKING,Mahesh Naiud,6848073801,,"65, Layout, Surat, Gujarat - 345213",ACC01822,ENT01295
REC002633,CORPORATE_BANKING,Mahesh Naidu & Sons,,,"65, Layout, Surat, Gujarat - 345213",ACC01821,ENT01295
REC002634,CORPORATE_BANKING,SWATI PILLAI & SONS,,SRUUM0459T,,ACC01823,ENT01296
REC002635,CORPORATE_BANKING,Vandana Sengupta,,,"230, Layout, Chandigarh, Punjab - 385446",ACC01824,ENT01297
REC002636,CORPORATE_BANKING,V. Sengupta,,XSVBD6957O,"230, Layout, Chandigarh, Punjab - 385446",ACC01824,ENT01297
REC002637,RETAIL_CBS,Rahul Verma & Sons,8556794399,YIZKK8274G,"990, Layout, Madurai, Tamil Nadu - 483852",ACC01825,ENT01298
REC002638,CORPORATE_BANKING,R. Verma,8556794399,YIZKK8274G,"990, Layout, Madurai, Tamil Nadu - 483852",ACC01826,ENT01298
REC002639,RETAIL_CBS,Manisha Johi,6523673543,,"776, Main Road, Mysuru, Karnataka - 619771",ACC01827,ENT01299
REC002640,RETAIL_CBS,MANISHA JOSHI,6523673543,,"776, Main Road, Mysuru, Karnataka - 619771",ACC01828,ENT01299
REC002641,CORPORATE_BANKING,Manisha Joshi,6523673543,WPTBJ0778O,,ACC01829,ENT01299
REC002642,CORPORATE_BANKING,AMIT DHILLON,8138841062,FUTDG3093X,"773, Extension, Mysuru, Karnataka - 242220",ACC01830,ENT01300
REC002643,CORPORATE_BANKING,A. Dhillon,8138841062,FUTDG3093X,"773, Extension, Mysuru, Karnataka - 242220",ACC01830,ENT01300
REC002644,CORPORATE_BANKING,Simran Rdedy,8476909598,,"233, Layout, Coimbatore, Tamil Nadu - 447999",ACC01831,ENT01301
REC002645,CORPORATE_BANKING,Harleen Qrueshi,7866523171,BURNR6028S,"143, Colony, Bengaluru, Karnataka - 558653",ACC01833,ENT01302
REC002646,CORPORATE_BANKING,VIJAY NAIDU,9616295559,LJGKX6365T,"284, Avenue, Pune, Maharashtra - 354186",ACC01835,ENT01303
REC002647,CORPORATE_BANKING,Vijay Nadiu,9616295559,LJGKX6365T,,ACC01835,ENT01303
REC002648,RETAIL_CBS,V. Naidu,9616295559,,"284, Avenue, Pune, Maharashtra - 354186",ACC01835,ENT01303
REC002649,RETAIL_CBS,S. Sandhu,7943189602,AUDSR4091S,"81, Colony, Lucknow, Uttar Pradesh - 455700",ACC01836,ENT01304
REC002650,RETAIL_CBS,R. Rao,,OIJYH3802W,"1, Nagar, Nagpur, Maharashtra - 330612",ACC01837,ENT01305
REC002651,CORPORATE_BANKING,Sunil Twari,6637600925,PAEQD7781C,"118, Extension, Bhopal, Madhya Pradesh - 300759",ACC01839,ENT01306
REC002652,CORPORATE_BANKING,S. Tiwari,,PAEQD7781C,"118, Extension, Bhopal, Madhya Pradesh - 300759",ACC01839,ENT01306
REC002653,CORPORATE_BANKING,Sunil Tiwari,6637600925,PAEQD7781C,"118, Extension, Bhopal, Madhya Pradesh - 300759",ACC01839,ENT01306
REC002654,CORPORATE_BANKING,N. Saxena,8051092360,,"171, Avenue, Pune, Maharashtra - 164778",ACC01840,ENT01307
REC002655,CORPORATE_BANKING,NISHA SAXENA,8051092360,WXCRM6946Q,,ACC01840,ENT01307
REC002656,CORPORATE_BANKING,Nisha Saxena & Sons,8051092360,WXCRM6946Q,,ACC01840,ENT01307
REC002657,RETAIL_CBS,Manoj Josi,8391262787,,"731, Layout, Surat, Gujarat - 164791",ACC01841,ENT01308
REC002658,RETAIL_CBS,Manoj Josih,8391262787,TQQUO3245H,"731, Layout, Surat, Gujarat - 164791",ACC01841,ENT01308
REC002659,RETAIL_CBS,Manoj Joshi & Sons,,,"731, Layout, Surat, Gujarat - 164791",ACC01841,ENT01308
REC002660,CORPORATE_BANKING,Rekha Chauhan,7038927045,,"938, Colony, Mumbai, Maharashtra - 549555",ACC01842,ENT01309
REC002661,RETAIL_CBS,Rekha Chauhn,7038927045,,"938, Colony, Mumbai, Maharashtra - 549555",ACC01842,ENT01309
REC002662,CORPORATE_BANKING,Fatima Meonn,7389819468,,"614, Avenue, Surat, Gujarat - 452784",ACC01843,ENT01310
REC002663,RETAIL_CBS,Sneha Kaur,9646372072,LRKEK2248M,"81, Avenue, Patna, Bihar - 567168",ACC01844,ENT01311
REC002664,CORPORATE_BANKING,Desai Gopal,,HCKKZ3083P,"245, Nagar, Delhi, Delhi - 622451",ACC01846,ENT01312
REC002665,RETAIL_CBS,GOPAL DESAI,7360364151,HCKKZ3083P,"245, Nagar, Delhi, Delhi - 622451",ACC01846,ENT01312
REC002666,CORPORATE_BANKING,Karthik Bahtt,6335069118,HVZVP3028J,"61, Avenue, Ahmedabad, Gujarat - 464465",ACC01847,ENT01313
REC002667,CORPORATE_BANKING,Bhatt Karthik,,HVZVP3028J,"61, Avenue, Ahmedabad, Gujarat - 464465",ACC01848,ENT01313
REC002668,CORPORATE_BANKING,KARTHIK BHATT,6335069118,,,ACC01847,ENT01313
REC002669,RETAIL_CBS,Rao Harpreet,7677466339,AEOHV1634T,,ACC01849,ENT01314
REC002670,RETAIL_CBS,Mukherjee Sanjay,6481629169,NFPIV4364U,,ACC01850,ENT01315
REC002671,RETAIL_CBS,Bhavana Mukhejee,8311896041,PPMTM9938C,"589, Avenue, Lucknow, Uttar Pradesh - 616158",ACC01852,ENT01316
REC002672,CORPORATE_BANKING,Srinivas Vema,8885487961,,,ACC01856,ENT01317
REC002673,CORPORATE_BANKING,S. Verma,8885487961,,"41, Main Road, Kochi, Kerala - 695052",ACC01856,ENT01317
REC002674,RETAIL_CBS,SRINIVAS VERMA,8885487961,,"41, Main Road, Kochi, Kerala - 695052",ACC01856,ENT01317
REC002675,CORPORATE_BANKING,SABIHA SIDHU,,RTDEV1467Y,,ACC01857,ENT01318
REC002676,RETAIL_CBS,Sabiha Sidhu,8335054914,RTDEV1467Y,,ACC01858,ENT01318
REC002677,CORPORATE_BANKING,Sabiha Sihu,,,"637, Nagar, Mumbai, Maharashtra - 193441",ACC01857,ENT01318
REC002678,RETAIL_CBS,Sowmya Chauhan,,,"334, Colony, Madurai, Tamil Nadu - 555444",ACC01859,ENT01319
REC002679,CORPORATE_BANKING,Sowmya Chahuan,,LJYKM4328F,"334, Colony, Madurai, Tamil Nadu - 555444",ACC01859,ENT01319
REC002680,RETAIL_CBS,REKHA KHAN,,JNACA2999Z,"809, Extension, Nagpur, Maharashtra - 175273",ACC01860,ENT01320
REC002681,CORPORATE_BANKING,Khan Rekha,9068551531,JNACA2999Z,,ACC01861,ENT01320
REC002682,RETAIL_CBS,Rekha Khan & Sons,9068551531,JNACA2999Z,,ACC01860,ENT01320
REC002683,CORPORATE_BANKING,Gopal Desia,8087175774,,"772, Avenue, Surat, Gujarat - 504632",ACC01862,ENT01321
REC002684,CORPORATE_BANKING,GOPAL DESAI,,,"772, Avenue, Surat, Gujarat - 504632",ACC01863,ENT01321
REC002685,CORPORATE_BANKING,Gupta Bhavana,9487079731,TMDDP0196V,"447, Layout, Kochi, Kerala - 475095",ACC01864,ENT01322
REC002686,CORPORATE_BANKING,Bhavana Gupta & Sons,9487079731,TMDDP0196V,"447, Layout, Kochi, Kerala - 475095",ACC01865,ENT01322
REC002687,RETAIL_CBS,VENKATESH SAXENA,8115070521,VHTFN6252V,,ACC01866,ENT01323
REC002688,CORPORATE_BANKING,V. Saxena,8115070521,,"632, Main Road, Surat, Gujarat - 334595",ACC01866,ENT01323
REC002689,CORPORATE_BANKING,Saxena Venkatesh,,,,ACC01866,ENT01323
REC002690,RETAIL_CBS,Prakash Chatterjee & Sons,9802394244,IRIQE8370K,"38, Nagar, Patna, Bihar - 336709",ACC01867,ENT01324
REC002691,RETAIL_CBS,Prakash Chattrjee,,,"38, Nagar, Patna, Bihar - 336709",ACC01867,ENT01324
REC002692,CORPORATE_BANKING,Chatterjee Prakash,9802394244,,,ACC01867,ENT01324
REC002693,CORPORATE_BANKING,Kaur Divya,,OMTIE7609Q,"64, Avenue, Lucknow, Uttar Pradesh - 168079",ACC01868,ENT01325
REC002694,RETAIL_CBS,DIVYA KAUR,,OMTIE7609Q,"64, Avenue, Lucknow, Uttar Pradesh - 168079",ACC01868,ENT01325
REC002695,RETAIL_CBS,A. Dhillon,,FBQNO8605Z,"158, Colony, Nagpur, Maharashtra - 553724",ACC01869,ENT01326
REC002696,CORPORATE_BANKING,Anjali Dhillon,,FBQNO8605Z,"158, Colony, Nagpur, Maharashtra - 553724",ACC01870,ENT01326
REC002697,CORPORATE_BANKING,ANJALI DHILLON,7389046843,FBQNO8605Z,,ACC01871,ENT01326
REC002698,RETAIL_CBS,Yadav Pankaj,8063998373,TQKQW6413B,"190, Extension, Coimbatore, Tamil Nadu - 677255",ACC01872,ENT01327
REC002699,RETAIL_CBS,Pankaj Yadav,8063998373,TQKQW6413B,"190, Extension, Coimbatore, Tamil Nadu - 677255",ACC01872,ENT01327
REC002700,CORPORATE_BANKING,Deepa Naiu,6642401123,,,ACC01873,ENT01328
REC002701,CORPORATE_BANKING,Deepa Naidu,6642401123,IKOKR1401E,"797, Main Road, Thiruvananthapuram, Kerala - 360201",ACC01873,ENT01328
REC002702,CORPORATE_BANKING,Meena Paney,6068852154,,"271, Nagar, Surat, Gujarat - 288543",ACC01874,ENT01329
REC002703,CORPORATE_BANKING,Pandey Jyoti,6889977945,EGGMG4787L,"53, Main Road, Delhi, Delhi - 694524",ACC01875,ENT01330
REC002704,RETAIL_CBS,Jyoti Pnadey,6889977945,EGGMG4787L,"53, Main Road, Delhi, Delhi - 694524",ACC01875,ENT01330
REC002705,CORPORATE_BANKING,Zeenat Gill,7606164478,QXNQS6982G,"425, Extension, Jaipur, Rajasthan - 406111",ACC01876,ENT01331
REC002706,RETAIL_CBS,ZEENAT GILL,7606164478,QXNQS6982G,"425, Extension, Jaipur, Rajasthan - 406111",ACC01877,ENT01331
REC002707,CORPORATE_BANKING,Meena Nadiu,9678160771,,,ACC01878,ENT01332
REC002708,RETAIL_CBS,M. Naidu,9678160771,GJAHH1621J,"871, Main Road, Hyderabad, Telangana - 584728",ACC01878,ENT01332
REC002709,CORPORATE_BANKING,Imran Kumr,9616456992,BGOTM5251J,"552, Avenue, Nagpur, Maharashtra - 527146",ACC01879,ENT01333
REC002710,CORPORATE_BANKING,Imran Kumar,9616456992,,"552, Avenue, Nagpur, Maharashtra - 527146",ACC01880,ENT01333
REC002711,CORPORATE_BANKING,Imran Kmuar,9616456992,,"552, Avenue, Nagpur, Maharashtra - 527146",ACC01879,ENT01333
REC002712,RETAIL_CBS,Sarita Das & Sons,7903275605,XNESH7097D,,ACC01881,ENT01334
REC002713,RETAIL_CBS,S. Das,,XNESH7097D,"235, Extension, Coimbatore, Tamil Nadu - 329982",ACC01881,ENT01334
REC002714,CORPORATE_BANKING,Harish Segupta,8823597606,AGXEC5962Q,,ACC01882,ENT01335
REC002715,RETAIL_CBS,HARISH SENGUPTA,8823597606,AGXEC5962Q,,ACC01882,ENT01335
REC002716,CORPORATE_BANKING,Harish Sengputa,8823597606,,"61, Extension, Coimbatore, Tamil Nadu - 240303",ACC01882,ENT01335
REC002717,CORPORATE_BANKING,B. Verma,8828035352,WFCBE9930Y,"455, Avenue, Mysuru, Karnataka - 147103",ACC01883,ENT01336
REC002718,CORPORATE_BANKING,Verma Balaji,,,"455, Avenue, Mysuru, Karnataka - 147103",ACC01883,ENT01336
REC002719,RETAIL_CBS,Sanjay Menon,8827872255,FPCJA9513A,"441, Extension, Bengaluru, Karnataka - 300324",ACC01884,ENT01337
REC002720,RETAIL_CBS,Menon Sanjay,8827872255,FPCJA9513A,"441, Extension, Bengaluru, Karnataka - 300324",ACC01884,ENT01337
REC002721,RETAIL_CBS,Gurpreet Mukherjee & Sons,,GTOZM6991B,"788, Extension, Kochi, Kerala - 606886",ACC01885,ENT01338
REC002722,CORPORATE_BANKING,Gurpreet Mukherjee,7941647838,GTOZM6991B,,ACC01885,ENT01338
REC002723,RETAIL_CBS,Gurpreet Mukerjee,7941647838,GTOZM6991B,"788, Extension, Kochi, Kerala - 606886",ACC01885,ENT01338
REC002724,CORPORATE_BANKING,Qureshi Divya,,,"572, Avenue, Chandigarh, Punjab - 419332",ACC01886,ENT01339
REC002725,RETAIL_CBS,Kaur Manpreet,,VSWAL9833Y,"25, Extension, Ahmedabad, Gujarat - 208497",ACC01887,ENT01340
REC002726,CORPORATE_BANKING,Das Lakshmi,,LAFIH7733M,"916, Main Road, Surat, Gujarat - 377399",ACC01889,ENT01341
REC002727,RETAIL_CBS,L. Das,9072404119,LAFIH7733M,"916, Main Road, Surat, Gujarat - 377399",ACC01890,ENT01341
REC002728,CORPORATE_BANKING,Pooja Ahmed,8087656357,JXUJC0527T,"251, Layout, Thiruvananthapuram, Kerala - 210813",ACC01891,ENT01342
REC002729,RETAIL_CBS,Pooja Ahmd,8087656357,JXUJC0527T,"251, Layout, Thiruvananthapuram, Kerala - 210813",ACC01892,ENT01342
REC002730,CORPORATE_BANKING,MAHESH NAIR,,THIIN6161X,"972, Cross Street, Pune, Maharashtra - 533533",ACC01893,ENT01343
REC002731,CORPORATE_BANKING,Rahul Mehta,8427244587,,"202, Cross Street, Lucknow, Uttar Pradesh - 439253",ACC01894,ENT01344
REC002732,RETAIL_CBS,Mehta Rahul,8427244587,PAGSJ5361X,"202, Cross Street, Lucknow, Uttar Pradesh - 439253",ACC01894,ENT01344
REC002733,RETAIL_CBS,RAHUL MEHTA,,PAGSJ5361X,"202, Cross Street, Lucknow, Uttar Pradesh - 439253",ACC01894,ENT01344
REC002734,CORPORATE_BANKING,JASPREET CHATTERJEE,8925507702,YZDKU7645P,"674, Layout, Bhopal, Madhya Pradesh - 220943",ACC01895,ENT01345
REC002735,CORPORATE_BANKING,J. Chatterjee,8925507702,YZDKU7645P,"674, Layout, Bhopal, Madhya Pradesh - 220943",ACC01895,ENT01345
REC002736,CORPORATE_BANKING,Vijay Sharma,6580519751,EUFWL5476K,,ACC01896,ENT01346
REC002737,CORPORATE_BANKING,Mishra Rahul,,YODSM8235Z,"745, Layout, Mysuru, Karnataka - 443167",ACC01899,ENT01347
REC002738,CORPORATE_BANKING,Rahul Mishra,7906389613,YODSM8235Z,"745, Layout, Mysuru, Karnataka - 443167",ACC01899,ENT01347
REC002739,RETAIL_CBS,Sengupta Gaurav,,ACEJC3243O,"712, Avenue, Thiruvananthapuram, Kerala - 592954",ACC01900,ENT01348
REC002740,RETAIL_CBS,G. Sengupta,,ACEJC3243O,"712, Avenue, Thiruvananthapuram, Kerala - 592954",ACC01900,ENT01348
REC002741,CORPORATE_BANKING,Gaurav Sengupta & Sons,9633352387,,"712, Avenue, Thiruvananthapuram, Kerala - 592954",ACC01900,ENT01348
REC002742,CORPORATE_BANKING,Karthik Trivedi,9416611649,ITRTW5730D,,ACC01901,ENT01349
REC002743,CORPORATE_BANKING,Karthik Trivedi & Sons,9416611649,,"683, Main Road, Hyderabad, Telangana - 691551",ACC01902,ENT01349
REC002744,RETAIL_CBS,Karthik Triveid,9416611649,ITRTW5730D,"683, Main Road, Hyderabad, Telangana - 691551",ACC01901,ENT01349
REC002745,RETAIL_CBS,S. Bhatt,7127229221,,"698, Extension, Bhopal, Madhya Pradesh - 655126",ACC01903,ENT01350
REC002746,RETAIL_CBS,Susan Bahtt,,,"698, Extension, Bhopal, Madhya Pradesh - 655126",ACC01903,ENT01350
REC002747,RETAIL_CBS,Susan Bhatt,7127229221,,"698, Extension, Bhopal, Madhya Pradesh - 655126",ACC01903,ENT01350
REC002748,RETAIL_CBS,Jaspreet Sdihu,7993647826,XSXYC3740D,"389, Avenue, Madurai, Tamil Nadu - 163834",ACC01904,ENT01351
REC002749,RETAIL_CBS,JASPREET SIDHU,7993647826,XSXYC3740D,"389, Avenue, Madurai, Tamil Nadu - 163834",ACC01904,ENT01351
REC002750,CORPORATE_BANKING,Padma Qreshi,9778530088,WFZTW0666E,"168, Avenue, Pune, Maharashtra - 110613",ACC01905,ENT01352
REC002751,CORPORATE_BANKING,P. Qureshi,,,,ACC01905,ENT01352
REC002752,RETAIL_CBS,Qureshi Padma,9778530088,WFZTW0666E,"168, Avenue, Pune, Maharashtra - 110613",ACC01905,ENT01352
REC002753,CORPORATE_BANKING,D. Agarwal,8915067382,DQUYH3989J,"310, Avenue, Nagpur, Maharashtra - 490734",ACC01906,ENT01353
REC002754,RETAIL_CBS,Deepak Agawal,8915067382,DQUYH3989J,"310, Avenue, Nagpur, Maharashtra - 490734",ACC01906,ENT01353
REC002755,RETAIL_CBS,Anil Thoas,6586854870,,,ACC01907,ENT01354
REC002756,RETAIL_CBS,Anil Thomas,6586854870,,"386, Layout, Coimbatore, Tamil Nadu - 237567",ACC01907,ENT01354
REC002757,CORPORATE_BANKING,Anil Thoams,,BGZHY5207P,"386, Layout, Coimbatore, Tamil Nadu - 237567",ACC01907,ENT01354
REC002758,RETAIL_CBS,Bansal Sarita,7241560156,TJPKZ0095K,"536, Nagar, Lucknow, Uttar Pradesh - 564051",ACC01908,ENT01355
REC002759,CORPORATE_BANKING,Sarita Bnsal,,TJPKZ0095K,,ACC01908,ENT01355
REC002760,CORPORATE_BANKING,Gurpreet Sengupat,,IPOMP8799B,"618, Nagar, Pune, Maharashtra - 355188",ACC01909,ENT01356
REC002761,RETAIL_CBS,KARTHIK SANDHU,,EPDNP9111H,"950, Layout, Lucknow, Uttar Pradesh - 480947",ACC01910,ENT01357
REC002762,CORPORATE_BANKING,K. Sandhu,8619225347,,"950, Layout, Lucknow, Uttar Pradesh - 480947",ACC01910,ENT01357
REC002763,CORPORATE_BANKING,Karthik Sandu,8619225347,,"950, Layout, Lucknow, Uttar Pradesh - 480947",ACC01910,ENT01357
REC002764,CORPORATE_BANKING,S. Jain,8343770056,IPICE6706T,"661, Layout, Ahmedabad, Gujarat - 334288",ACC01911,ENT01358
REC002765,CORPORATE_BANKING,Sarita Jain & Sons,8343770056,IPICE6706T,"661, Layout, Ahmedabad, Gujarat - 334288",ACC01912,ENT01358
REC002766,CORPORATE_BANKING,Sarita Jain,,IPICE6706T,"661, Layout, Ahmedabad, Gujarat - 334288",ACC01911,ENT01358
REC002767,RETAIL_CBS,Usha Bose & Sons,7516862230,QUHKJ6544D,"708, Main Road, Coimbatore, Tamil Nadu - 683946",ACC01913,ENT01359
REC002768,CORPORATE_BANKING,USHA BOSE,,QUHKJ6544D,"708, Main Road, Coimbatore, Tamil Nadu - 683946",ACC01913,ENT01359
REC002769,CORPORATE_BANKING,Usha Bsoe,7516862230,QUHKJ6544D,,ACC01913,ENT01359
REC002770,CORPORATE_BANKING,Arjun Ghosh,9103364682,VQIRI8254S,"654, Colony, Chandigarh, Punjab - 138742",ACC01914,ENT01360
REC002771,CORPORATE_BANKING,ARJUN GHOSH,9103364682,VQIRI8254S,"654, Colony, Chandigarh, Punjab - 138742",ACC01914,ENT01360
REC002772,RETAIL_CBS,A. Ghosh,9103364682,VQIRI8254S,"654, Colony, Chandigarh, Punjab - 138742",ACC01914,ENT01360
REC002773,RETAIL_CBS,Manpreet Meha,8004347811,HERZF5197Z,"979, Extension, Kolkata, West Bengal - 380417",ACC01915,ENT01361
REC002774,RETAIL_CBS,SURESH MENON,7304372122,SGVGU1970E,"197, Layout, Chandigarh, Punjab - 196016",ACC01916,ENT01362
REC002775,CORPORATE_BANKING,Suresh Menn,7304372122,,,ACC01916,ENT01362
REC002776,RETAIL_CBS,Kapoor Joseph,6101216428,,,ACC01917,ENT01363
REC002777,RETAIL_CBS,Joseph Kaopor,6101216428,MTKYA4629B,"339, Avenue, Ahmedabad, Gujarat - 283718",ACC01917,ENT01363
REC002778,CORPORATE_BANKING,J. Kapoor,,MTKYA4629B,"339, Avenue, Ahmedabad, Gujarat - 283718",ACC01917,ENT01363
REC002779,CORPORATE_BANKING,Rao Vinod,7933892636,CLBVQ9073M,,ACC01918,ENT01364
REC002780,CORPORATE_BANKING,SUNITA MENON,,KUHVW8694Z,,ACC01920,ENT01365
REC002781,CORPORATE_BANKING,Sunita Mnon,,,,ACC01921,ENT01365
REC002782,RETAIL_CBS,S. Ghosh,6140329178,TAOQY3659H,"358, Nagar, Madurai, Tamil Nadu - 184286",ACC01923,ENT01366
REC002783,CORPORATE_BANKING,Sneha Ghsh,6140329178,TAOQY3659H,"358, Nagar, Madurai, Tamil Nadu - 184286",ACC01923,ENT01366
REC002784,CORPORATE_BANKING,J. Ansari,8219836705,,"875, Extension, Lucknow, Uttar Pradesh - 150755",ACC01924,ENT01367
REC002785,CORPORATE_BANKING,Joseph Asari,8219836705,PLNIJ1935Z,"875, Extension, Lucknow, Uttar Pradesh - 150755",ACC01924,ENT01367
REC002786,RETAIL_CBS,Joseph Ansari & Sons,,PLNIJ1935Z,,ACC01924,ENT01367
REC002787,RETAIL_CBS,AMIT DAS,,,"325, Colony, Bhopal, Madhya Pradesh - 596022",ACC01925,ENT01368
REC002788,CORPORATE_BANKING,A. Das,,PBPYV7256P,,ACC01926,ENT01368
REC002789,RETAIL_CBS,Amit Das & Sons,9717074603,PBPYV7256P,,ACC01925,ENT01368
REC002790,RETAIL_CBS,Sneha Trivedi,8102184250,JRUGH2248J,"240, Main Road, Chennai, Tamil Nadu - 159664",ACC01927,ENT01369
REC002791,RETAIL_CBS,Bhavana Agarwal,6574985235,HTFSS0873N,"591, Main Road, Madurai, Tamil Nadu - 649686",ACC01928,ENT01370
REC002792,RETAIL_CBS,POOJA PILLAI,7749181404,DHJEZ8233N,"246, Colony, Mysuru, Karnataka - 545611",ACC01929,ENT01371
REC002793,RETAIL_CBS,Pillai Pooja,7749181404,DHJEZ8233N,"246, Colony, Mysuru, Karnataka - 545611",ACC01929,ENT01371
REC002794,RETAIL_CBS,G. Mukherjee,9317294037,UZXEQ5915G,"127, Extension, Kolkata, West Bengal - 191843",ACC01930,ENT01372
REC002795,RETAIL_CBS,Vasantha Chatterjee,8591323966,VZEBK5648A,"436, Layout, Bengaluru, Karnataka - 387401",ACC01931,ENT01373
REC002796,RETAIL_CBS,V. Chatterjee,,VZEBK5648A,"436, Layout, Bengaluru, Karnataka - 387401",ACC01931,ENT01373
REC002797,RETAIL_CBS,ARUN DHILLON,8217545679,IRGBY6383L,"59, Extension, Kochi, Kerala - 371708",ACC01932,ENT01374
REC002798,CORPORATE_BANKING,A. Dhillon,8217545679,IRGBY6383L,"59, Extension, Kochi, Kerala - 371708",ACC01932,ENT01374
REC002799,RETAIL_CBS,Rajwinder Dubey & Sons,8545526420,SDFXN0387N,"593, Extension, Delhi, Delhi - 355538",ACC01933,ENT01375
REC002800,RETAIL_CBS,RAJWINDER DUBEY,8545526420,SDFXN0387N,,ACC01933,ENT01375
REC002801,CORPORATE_BANKING,Rajwinder Dubey,8545526420,,"593, Extension, Delhi, Delhi - 355538",ACC01933,ENT01375
REC002802,RETAIL_CBS,Anna Khan,8057681942,MHTFX5191W,"862, Extension, Bengaluru, Karnataka - 536346",ACC01934,ENT01376
REC002803,CORPORATE_BANKING,Anna Kahn,8057681942,MHTFX5191W,"862, Extension, Bengaluru, Karnataka - 536346",ACC01934,ENT01376
REC002804,CORPORATE_BANKING,Faisal Iynegar,7320520430,PRMCH2755Z,,ACC01935,ENT01377
REC002805,RETAIL_CBS,F. Iyengar,7320520430,PRMCH2755Z,,ACC01935,ENT01377
REC002806,RETAIL_CBS,Iyengar Faisal,7320520430,PRMCH2755Z,"950, Layout, Lucknow, Uttar Pradesh - 358047",ACC01935,ENT01377
REC002807,CORPORATE_BANKING,P. Agarwal,,DUSWO3197H,"91, Nagar, Chennai, Tamil Nadu - 311892",ACC01936,ENT01378
REC002808,CORPORATE_BANKING,FAISAL REDDY,8503649238,YCAPO5519I,,ACC01937,ENT01379
REC002809,RETAIL_CBS,Aarti Kpoor,6862686370,,"79, Main Road, Coimbatore, Tamil Nadu - 690537",ACC01938,ENT01380
REC002810,RETAIL_CBS,AARTI KAPOOR,6862686370,PPMKF4505A,"79, Main Road, Coimbatore, Tamil Nadu - 690537",ACC01938,ENT01380
REC002811,RETAIL_CBS,S. Pandey,,,"762, Nagar, Kochi, Kerala - 214316",ACC01939,ENT01381
REC002812,CORPORATE_BANKING,S. Brar,9451756548,PYMTV5807L,,ACC01942,ENT01382
REC002813,RETAIL_CBS,SANDEEP DAS,8146235741,,"185, Nagar, Chandigarh, Punjab - 623403",ACC01943,ENT01383
REC002814,CORPORATE_BANKING,Dubey Venkatesh,8983995727,CTJVF9354N,"862, Colony, Thiruvananthapuram, Kerala - 187162",ACC01944,ENT01384
REC002815,CORPORATE_BANKING,V. Dubey,8983995727,,,ACC01945,ENT01384
REC002816,RETAIL_CBS,Venkatesh Dubey & Sons,8983995727,,,ACC01944,ENT01384
REC002817,RETAIL_CBS,Mary Josi,8169930035,JZEHR2242A,,ACC01946,ENT01385
REC002818,RETAIL_CBS,Mary Jsohi,,JZEHR2242A,"578, Layout, Jaipur, Rajasthan - 318105",ACC01946,ENT01385
REC002819,RETAIL_CBS,Manpreet Ghosh,6773988375,GDVIV6179P,"184, Layout, Mysuru, Karnataka - 677648",ACC01947,ENT01386
REC002820,CORPORATE_BANKING,Manpreet Ghoh,,GDVIV6179P,"184, Layout, Mysuru, Karnataka - 677648",ACC01947,ENT01386
REC002821,CORPORATE_BANKING,M. Ghosh,6773988375,GDVIV6179P,"184, Layout, Mysuru, Karnataka - 677648",ACC01947,ENT01386
REC002822,RETAIL_CBS,Sarita Bose,9922189514,ESYUA3125D,"361, Layout, Coimbatore, Tamil Nadu - 629106",ACC01948,ENT01387
REC002823,CORPORATE_BANKING,SARITA BOSE,9922189514,,,ACC01948,ENT01387
REC002824,RETAIL_CBS,Sarita Bose & Sons,9922189514,ESYUA3125D,"361, Layout, Coimbatore, Tamil Nadu - 629106",ACC01948,ENT01387
REC002825,RETAIL_CBS,Aarti Varghese & Sons,8824826843,XICEO0523Q,"278, Main Road, Thiruvananthapuram, Kerala - 693185",ACC01949,ENT01388
REC002826,RETAIL_CBS,H. Patel,7604837030,,,ACC01950,ENT01389
REC002827,CORPORATE_BANKING,Srinivas Queshi,9038701573,NXIIE8030J,"120, Main Road, Jaipur, Rajasthan - 229011",ACC01951,ENT01390
REC002828,CORPORATE_BANKING,Qureshi Srinivas,9038701573,NXIIE8030J,"120, Main Road, Jaipur, Rajasthan - 229011",ACC01951,ENT01390
REC002829,CORPORATE_BANKING,K. Agarwal,7690710718,TWYRV1786U,,ACC01952,ENT01391
REC002830,CORPORATE_BANKING,Sneha Shikh,,DYUIF1004B,"588, Colony, Chandigarh, Punjab - 197836",ACC01953,ENT01392
REC002831,CORPORATE_BANKING,Sneha Sheikh,6912584497,DYUIF1004B,"588, Colony, Chandigarh, Punjab - 197836",ACC01953,ENT01392
REC002832,CORPORATE_BANKING,S. Sheikh,6912584497,DYUIF1004B,,ACC01953,ENT01392
REC002833,CORPORATE_BANKING,Nisha Varghese & Sons,9517505129,FFKES3217N,"570, Colony, Hyderabad, Telangana - 217020",ACC01954,ENT01393
REC002834,RETAIL_CBS,Nisha Vargese,9517505129,FFKES3217N,"570, Colony, Hyderabad, Telangana - 217020",ACC01954,ENT01393
REC002835,RETAIL_CBS,N. Varghese,9517505129,FFKES3217N,"570, Colony, Hyderabad, Telangana - 217020",ACC01954,ENT01393
REC002836,RETAIL_CBS,GEETA JAIN,7492717252,,"229, Extension, Kolkata, West Bengal - 120927",ACC01955,ENT01394
REC002837,CORPORATE_BANKING,Zeenat Chatterjee & Sons,7943340473,EMSBP3388G,"449, Extension, Jaipur, Rajasthan - 148633",ACC01956,ENT01395
REC002838,CORPORATE_BANKING,Nithya Sheikh,9210033288,JTMLH5095F,"492, Main Road, Kolkata, West Bengal - 441134",ACC01957,ENT01396
REC002839,RETAIL_CBS,Simran Ieyngar,9718108438,,"664, Cross Street, Hyderabad, Telangana - 395779",ACC01959,ENT01397
REC002840,CORPORATE_BANKING,Simran Iyengar & Sons,9718108438,EQBWN2102E,"664, Cross Street, Hyderabad, Telangana - 395779",ACC01959,ENT01397
REC002841,CORPORATE_BANKING,Zubair Dhillon,6238641493,ZHPXU1472D,"334, Extension, Ahmedabad, Gujarat - 422166",ACC01960,ENT01398
REC002842,CORPORATE_BANKING,Dhillon Zubair,6238641493,ZHPXU1472D,"334, Extension, Ahmedabad, Gujarat - 422166",ACC01960,ENT01398
REC002843,RETAIL_CBS,Z. Dhillon,6238641493,ZHPXU1472D,,ACC01960,ENT01398
REC002844,CORPORATE_BANKING,Kavita Nair & Sons,,EPRRN7660H,"797, Nagar, Thiruvananthapuram, Kerala - 317417",ACC01961,ENT01399
REC002845,RETAIL_CBS,KAVITA NAIR,9075240530,,"797, Nagar, Thiruvananthapuram, Kerala - 317417",ACC01961,ENT01399
REC002846,CORPORATE_BANKING,K. Nair,9075240530,,"797, Nagar, Thiruvananthapuram, Kerala - 317417",ACC01961,ENT01399
REC002847,RETAIL_CBS,Pooja Varghsee,,,"451, Layout, Kolkata, West Bengal - 217732",ACC01962,ENT01400
REC002848,CORPORATE_BANKING,POOJA VARGHESE,7042581493,GADHK8366J,"451, Layout, Kolkata, West Bengal - 217732",ACC01962,ENT01400
REC002849,CORPORATE_BANKING,Mehta Simran,,SGSYD9556A,"433, Avenue, Ahmedabad, Gujarat - 691524",ACC01963,ENT01401
REC002850,CORPORATE_BANKING,S. Mehta,9474416329,SGSYD9556A,"433, Avenue, Ahmedabad, Gujarat - 691524",ACC01963,ENT01401
REC002851,RETAIL_CBS,Simran Mehat,9474416329,SGSYD9556A,,ACC01963,ENT01401
REC002852,CORPORATE_BANKING,F. Shah,9415191274,OIMOB5345Y,"909, Main Road, Coimbatore, Tamil Nadu - 126041",ACC01964,ENT01402
REC002853,RETAIL_CBS,B. Pandey,,CSYIU5047D,"397, Layout, Kolkata, West Bengal - 413608",ACC01965,ENT01403
REC002854,RETAIL_CBS,Dinesh Khna,9806339607,IRCZQ1616J,"2, Extension, Surat, Gujarat - 484083",ACC01967,ENT01404
REC002855,CORPORATE_BANKING,Shreya Dubey & Sons,7693960107,QUPWA2486U,"545, Cross Street, Mumbai, Maharashtra - 198185",ACC01968,ENT01405
REC002856,CORPORATE_BANKING,Shreya Duey,,,,ACC01969,ENT01405
REC002857,RETAIL_CBS,P. Iyer,,,"524, Layout, Bhopal, Madhya Pradesh - 541402",ACC01970,ENT01406
REC002858,CORPORATE_BANKING,Iyer Padma,9129391590,FSZDJ0410N,,ACC01971,ENT01406
REC002859,CORPORATE_BANKING,Padma Iyer & Sons,,,"524, Layout, Bhopal, Madhya Pradesh - 541402",ACC01970,ENT01406
REC002860,CORPORATE_BANKING,George Bhatt & Sons,,,,ACC01972,ENT01407
REC002861,CORPORATE_BANKING,Nisha Patel,6221470168,KHHWS9737B,"323, Nagar, Lucknow, Uttar Pradesh - 559754",ACC01974,ENT01408
REC002862,RETAIL_CBS,Nisha Patel & Sons,6221470168,,,ACC01974,ENT01408
REC002863,CORPORATE_BANKING,NISHA PATEL,,KHHWS9737B,,ACC01974,ENT01408
REC002864,CORPORATE_BANKING,Jyoti Sandhu & Sons,,FTXNU6735J,,ACC01975,ENT01409
REC002865,CORPORATE_BANKING,JYOTI SANDHU,6222624257,,"805, Main Road, Coimbatore, Tamil Nadu - 323567",ACC01975,ENT01409
REC002866,RETAIL_CBS,Sandhu Jyoti,6222624257,FTXNU6735J,"805, Main Road, Coimbatore, Tamil Nadu - 323567",ACC01975,ENT01409
REC002867,CORPORATE_BANKING,Geeta Tiawri,8505292011,AEAPU5898H,"841, Nagar, Coimbatore, Tamil Nadu - 490137",ACC01976,ENT01410
REC002868,RETAIL_CBS,Deepa Chatterjee & Sons,,,"676, Extension, Bhopal, Madhya Pradesh - 330633",ACC01977,ENT01411
REC002869,CORPORATE_BANKING,B. Qureshi,6297766737,TYFCW3766J,,ACC01978,ENT01412
REC002870,RETAIL_CBS,Bhavana Qureshi & Sons,6297766737,TYFCW3766J,"572, Cross Street, Hyderabad, Telangana - 352754",ACC01978,ENT01412
REC002871,RETAIL_CBS,Bhavana Qureshi,6297766737,TYFCW3766J,"572, Cross Street, Hyderabad, Telangana - 352754",ACC01978,ENT01412
REC002872,RETAIL_CBS,MANISHA VARGHESE,8696012272,GCIJH4519H,,ACC01979,ENT01413
REC002873,RETAIL_CBS,Varghese Manisha,,GCIJH4519H,"173, Main Road, Kochi, Kerala - 503585",ACC01980,ENT01413
REC002874,RETAIL_CBS,Manisha Varghees,8696012272,GCIJH4519H,"173, Main Road, Kochi, Kerala - 503585",ACC01979,ENT01413
REC002875,CORPORATE_BANKING,Sheikh Usha,8145862046,,"272, Colony, Bengaluru, Karnataka - 640665",ACC01981,ENT01414
REC002876,RETAIL_CBS,Usha Sheikh & Sons,8145862046,TBXZG8337N,,ACC01982,ENT01414
REC002877,RETAIL_CBS,Usha Shikh,8145862046,TBXZG8337N,"272, Colony, Bengaluru, Karnataka - 640665",ACC01981,ENT01414
REC002878,CORPORATE_BANKING,Karthik Mheta,9782061742,BQDVT7432J,"208, Nagar, Coimbatore, Tamil Nadu - 357643",ACC01983,ENT01415
REC002879,RETAIL_CBS,Manoj Kahn,9391356259,JXTKT6911N,,ACC01984,ENT01416
REC002880,CORPORATE_BANKING,M. Khan,9391356259,JXTKT6911N,,ACC01984,ENT01416
REC002881,RETAIL_CBS,Khan Manoj,9391356259,JXTKT6911N,"486, Extension, Hyderabad, Telangana - 664125",ACC01984,ENT01416
REC002882,CORPORATE_BANKING,S. Malik,7665812374,,"971, Extension, Bengaluru, Karnataka - 570506",ACC01985,ENT01417
REC002883,RETAIL_CBS,SRINIVAS MALIK,7665812374,UYVVU7358F,,ACC01985,ENT01417
REC002884,RETAIL_CBS,Srinivas Malki,,UYVVU7358F,"971, Extension, Bengaluru, Karnataka - 570506",ACC01985,ENT01417
REC002885,RETAIL_CBS,K. Trivedi,,PFQSK1948T,"445, Colony, Bhopal, Madhya Pradesh - 148284",ACC01986,ENT01418
REC002886,RETAIL_CBS,Kavita Trivei,9407590824,,,ACC01986,ENT01418
REC002887,CORPORATE_BANKING,Trivedi Kavita,9407590824,PFQSK1948T,,ACC01986,ENT01418
REC002888,CORPORATE_BANKING,Susan Singh,,WVDND4022K,"183, Layout, Chennai, Tamil Nadu - 323452",ACC01987,ENT01419
REC002889,CORPORATE_BANKING,SUSAN SINGH,7291842561,WVDND4022K,"183, Layout, Chennai, Tamil Nadu - 323452",ACC01987,ENT01419
REC002890,RETAIL_CBS,Kritika Bahtt,9524890055,EJNRV6215F,"897, Avenue, Pune, Maharashtra - 515531",ACC01988,ENT01420
REC002891,RETAIL_CBS,Mishra Kavita,,KNIHR4087O,,ACC01990,ENT01421
REC002892,RETAIL_CBS,NEHA BRAR,8341224426,EOQTT6098D,"442, Colony, Lucknow, Uttar Pradesh - 390410",ACC01991,ENT01422
REC002893,RETAIL_CBS,Brar Neha,8341224426,EOQTT6098D,"442, Colony, Lucknow, Uttar Pradesh - 390410",ACC01991,ENT01422
REC002894,RETAIL_CBS,Neha Brar,8341224426,EOQTT6098D,"442, Colony, Lucknow, Uttar Pradesh - 390410",ACC01991,ENT01422
REC002895,CORPORATE_BANKING,Susan Iyengar & Sons,,YMGIR6098H,"928, Layout, Mumbai, Maharashtra - 474827",ACC01992,ENT01423
REC002896,RETAIL_CBS,Susan Iyengar,8736870295,YMGIR6098H,"928, Layout, Mumbai, Maharashtra - 474827",ACC01992,ENT01423
REC002897,RETAIL_CBS,SUSAN IYENGAR,8736870295,YMGIR6098H,"928, Layout, Mumbai, Maharashtra - 474827",ACC01992,ENT01423
REC002898,CORPORATE_BANKING,Joseph Agawal,7463674467,HXOMG2943D,,ACC01993,ENT01424
REC002899,CORPORATE_BANKING,Joseph Agarwla,7463674467,HXOMG2943D,"576, Main Road, Bengaluru, Karnataka - 636524",ACC01993,ENT01424
REC002900,CORPORATE_BANKING,J. Agarwal,,HXOMG2943D,"576, Main Road, Bengaluru, Karnataka - 636524",ACC01993,ENT01424
REC002901,CORPORATE_BANKING,Ravi Dhillon,8585586763,JRLBR9310E,"392, Main Road, Madurai, Tamil Nadu - 113749",ACC01994,ENT01425
REC002902,CORPORATE_BANKING,Yadav Mary,9033301178,OPKDS5222V,,ACC01996,ENT01426
REC002903,CORPORATE_BANKING,Mary Yadv,9033301178,OPKDS5222V,"488, Layout, Mysuru, Karnataka - 310916",ACC01996,ENT01426
REC002904,CORPORATE_BANKING,Mahesh Reddy & Sons,8255967922,SJUSH4297P,"930, Colony, Thiruvananthapuram, Kerala - 693120",ACC01997,ENT01427
REC002905,RETAIL_CBS,Mahesh Rddy,,,"930, Colony, Thiruvananthapuram, Kerala - 693120",ACC01997,ENT01427
REC002906,RETAIL_CBS,MAHESH REDDY,8255967922,SJUSH4297P,"930, Colony, Thiruvananthapuram, Kerala - 693120",ACC01997,ENT01427
REC002907,CORPORATE_BANKING,POOJA MALHOTRA,8269632469,ULNTO9722O,"56, Colony, Delhi, Delhi - 670808",ACC01998,ENT01428
REC002908,CORPORATE_BANKING,Sunil Senugpta,,HQJZX0766W,"88, Colony, Pune, Maharashtra - 357599",ACC02000,ENT01429
REC002909,CORPORATE_BANKING,Shreya Patel,8189140037,,"502, Extension, Delhi, Delhi - 148216",ACC02002,ENT01430
REC002910,RETAIL_CBS,Shreya Patel & Sons,8189140037,NURLC8576O,,ACC02002,ENT01430
REC002911,RETAIL_CBS,Shreya Ptel,8189140037,,"502, Extension, Delhi, Delhi - 148216",ACC02002,ENT01430
REC002912,RETAIL_CBS,Dubey Rohit,9838948476,,,ACC02003,ENT01431
REC002913,RETAIL_CBS,Rohit Dueby,9838948476,RMHVL9943G,,ACC02003,ENT01431
REC002914,CORPORATE_BANKING,Rohit Duby,9838948476,RMHVL9943G,"98, Main Road, Bhopal, Madhya Pradesh - 465525",ACC02003,ENT01431
REC002915,RETAIL_CBS,Kiran Sengupta,6875742672,BRYNZ4375C,,ACC02004,ENT01432
REC002916,CORPORATE_BANKING,Thomas Cauhan,,ISXJU1655R,"663, Avenue, Patna, Bihar - 640251",ACC02005,ENT01433
REC002917,RETAIL_CBS,Gupta Anna,6966545616,RIYQH4167H,"281, Nagar, Delhi, Delhi - 519404",ACC02006,ENT01434
REC002918,CORPORATE_BANKING,Thomas Naveen,6008247866,ZAZGI6118C,,ACC02008,ENT01435
REC002919,CORPORATE_BANKING,Naveen Thoams,6008247866,ZAZGI6118C,"95, Nagar, Ahmedabad, Gujarat - 160080",ACC02008,ENT01435
REC002920,RETAIL_CBS,N. Thomas,,ZAZGI6118C,"95, Nagar, Ahmedabad, Gujarat - 160080",ACC02008,ENT01435
REC002921,RETAIL_CBS,Anna Dhllon,6566028399,,"468, Layout, Kolkata, West Bengal - 142862",ACC02009,ENT01436
REC002922,CORPORATE_BANKING,Anna Dihllon,6566028399,YYITO1949K,"468, Layout, Kolkata, West Bengal - 142862",ACC02009,ENT01436
REC002923,CORPORATE_BANKING,ZEENAT SIDHU,7706035223,OCNGF3142C,"607, Nagar, Kolkata, West Bengal - 226786",ACC02010,ENT01437
REC002924,RETAIL_CBS,Zeenat Sidu,7706035223,OCNGF3142C,"607, Nagar, Kolkata, West Bengal - 226786",ACC02010,ENT01437
REC002925,RETAIL_CBS,Zeenat Sidhu & Sons,7706035223,OCNGF3142C,"607, Nagar, Kolkata, West Bengal - 226786",ACC02010,ENT01437
REC002926,CORPORATE_BANKING,NEHA PILLAI,8640049215,GXZWB2203M,"630, Main Road, Chennai, Tamil Nadu - 500323",ACC02011,ENT01438
REC002927,RETAIL_CBS,Harish Qurehi,9095453989,WBOKT9247D,,ACC02012,ENT01439
REC002928,RETAIL_CBS,Deepa Bose & Sons,9275294166,GXRYY0535L,,ACC02013,ENT01440
REC002929,CORPORATE_BANKING,Deepa Bsoe,9275294166,GXRYY0535L,"875, Colony, Chandigarh, Punjab - 291933",ACC02013,ENT01440
REC002930,CORPORATE_BANKING,Bose Deepa,9275294166,,,ACC02013,ENT01440
REC002931,RETAIL_CBS,N. Mehta,,WBECX4866J,"249, Cross Street, Mysuru, Karnataka - 285803",ACC02014,ENT01441
REC002932,CORPORATE_BANKING,Nitin Mehta & Sons,7240496653,WBECX4866J,"249, Cross Street, Mysuru, Karnataka - 285803",ACC02015,ENT01441
REC002933,RETAIL_CBS,Mehta Nitin,,WBECX4866J,"249, Cross Street, Mysuru, Karnataka - 285803",ACC02014,ENT01441
REC002934,CORPORATE_BANKING,Meena Pael,7975705389,MDNOV6469P,,ACC02016,ENT01442
REC002935,CORPORATE_BANKING,Meena Patel,7975705389,,,ACC02017,ENT01442
REC002936,RETAIL_CBS,G. Ansari,,GZUIY8704Y,"337, Main Road, Jaipur, Rajasthan - 689288",ACC02018,ENT01443
REC002937,CORPORATE_BANKING,Gurpreet Asari,7444710763,,"337, Main Road, Jaipur, Rajasthan - 689288",ACC02018,ENT01443
REC002938,CORPORATE_BANKING,Gurpreet Asnari,7444710763,,"337, Main Road, Jaipur, Rajasthan - 689288",ACC02018,ENT01443
REC002939,RETAIL_CBS,Kavita Maik,6454846965,TAXNK5714Z,"548, Colony, Jaipur, Rajasthan - 360866",ACC02019,ENT01444
REC002940,CORPORATE_BANKING,Malik Kavita,,TAXNK5714Z,"548, Colony, Jaipur, Rajasthan - 360866",ACC02019,ENT01444
REC002941,CORPORATE_BANKING,Shobha Kaur & Sons,9741640048,EKCUN9950B,"943, Cross Street, Nagpur, Maharashtra - 109640",ACC02020,ENT01445
REC002942,CORPORATE_BANKING,Usha Saxena & Sons,8649695209,ZWGCJ9809L,"498, Nagar, Chennai, Tamil Nadu - 323695",ACC02021,ENT01446
REC002943,CORPORATE_BANKING,Shobha Dueby,9412980143,GZORU7336D,,ACC02023,ENT01447
REC002944,RETAIL_CBS,Menon Sunita,7956855363,,"450, Avenue, Lucknow, Uttar Pradesh - 471354",ACC02024,ENT01448
REC002945,CORPORATE_BANKING,Preethi Kapor,7087936218,CHCXR9511U,,ACC02026,ENT01449
REC002946,RETAIL_CBS,Faisal Mishra,8042204827,XEIZX0414H,"457, Cross Street, Thiruvananthapuram, Kerala - 151030",ACC02027,ENT01450
REC002947,RETAIL_CBS,Patel Jaspreet,6161481662,LQIGA0550F,"175, Avenue, Madurai, Tamil Nadu - 482121",ACC02028,ENT01451
REC002948,CORPORATE_BANKING,Jaspreet Patel & Sons,6161481662,LQIGA0550F,"175, Avenue, Madurai, Tamil Nadu - 482121",ACC02028,ENT01451
REC002949,CORPORATE_BANKING,R. Chatterjee,,DXXAR5343N,"966, Extension, Bhopal, Madhya Pradesh - 685630",ACC02029,ENT01452
REC002950,CORPORATE_BANKING,REKHA CHATTERJEE,8622862512,,"966, Extension, Bhopal, Madhya Pradesh - 685630",ACC02030,ENT01452
REC002951,CORPORATE_BANKING,N. Nair,7946681632,IKHRV8383T,"495, Colony, Lucknow, Uttar Pradesh - 531567",ACC02031,ENT01453
REC002952,CORPORATE_BANKING,Nitin Nair,7946681632,IKHRV8383T,"495, Colony, Lucknow, Uttar Pradesh - 531567",ACC02032,ENT01453
REC002953,RETAIL_CBS,Pankaj Reddy,7310374701,EIPGL0577S,,ACC02033,ENT01454
REC002954,CORPORATE_BANKING,PANKAJ REDDY,7310374701,EIPGL0577S,,ACC02034,ENT01454
REC002955,RETAIL_CBS,ZEENAT GHOSH,,LUYHI0131N,"797, Extension, Delhi, Delhi - 374623",ACC02035,ENT01455
REC002956,RETAIL_CBS,Z. Ghosh,7584784937,LUYHI0131N,"797, Extension, Delhi, Delhi - 374623",ACC02036,ENT01455
REC002957,CORPORATE_BANKING,Zeenat Ghohs,7584784937,,"797, Extension, Delhi, Delhi - 374623",ACC02035,ENT01455
REC002958,CORPORATE_BANKING,A. Patel,,,"435, Colony, Jaipur, Rajasthan - 504645",ACC02037,ENT01456
REC002959,CORPORATE_BANKING,Patel Ashok,,,"435, Colony, Jaipur, Rajasthan - 504645",ACC02037,ENT01456
REC002960,RETAIL_CBS,Ayesha Mehta & Sons,7262327052,NARPF7790I,"562, Cross Street, Delhi, Delhi - 407588",ACC02038,ENT01457
REC002961,RETAIL_CBS,AYESHA MEHTA,7262327052,NARPF7790I,"562, Cross Street, Delhi, Delhi - 407588",ACC02038,ENT01457
REC002962,RETAIL_CBS,A. Mehta,7262327052,NARPF7790I,"562, Cross Street, Delhi, Delhi - 407588",ACC02038,ENT01457
REC002963,CORPORATE_BANKING,Geeta Ahmed & Sons,,CTREC3406D,"897, Nagar, Surat, Gujarat - 621663",ACC02039,ENT01458
REC002964,CORPORATE_BANKING,Ahmed Geeta,9023769819,,"897, Nagar, Surat, Gujarat - 621663",ACC02039,ENT01458
REC002965,CORPORATE_BANKING,Ritu Verma,6657343927,CZUEM7553V,"257, Nagar, Thiruvananthapuram, Kerala - 418676",ACC02040,ENT01459
REC002966,RETAIL_CBS,Ritu Verma & Sons,,CZUEM7553V,,ACC02040,ENT01459
REC002967,RETAIL_CBS,Ritu Vrema,6657343927,CZUEM7553V,"257, Nagar, Thiruvananthapuram, Kerala - 418676",ACC02040,ENT01459
REC002968,RETAIL_CBS,Anil Tohmas,6017918339,TWUWV0847Z,"337, Avenue, Madurai, Tamil Nadu - 569766",ACC02041,ENT01460
REC002969,RETAIL_CBS,Thomas Anil,6017918339,TWUWV0847Z,"337, Avenue, Madurai, Tamil Nadu - 569766",ACC02042,ENT01460
REC002970,RETAIL_CBS,K. Ahmed,,,,ACC02043,ENT01461
REC002971,RETAIL_CBS,Kalpana Ahmed & Sons,8634917772,,"664, Cross Street, Mumbai, Maharashtra - 219248",ACC02043,ENT01461
REC002972,RETAIL_CBS,Ahmed Kalpana,8634917772,VFKDR4275E,,ACC02043,ENT01461
REC002973,CORPORATE_BANKING,Anjali Gupta,,OSEWT3490Y,,ACC02044,ENT01462
REC002974,CORPORATE_BANKING,A. Gupta,,OSEWT3490Y,"162, Main Road, Kochi, Kerala - 169647",ACC02045,ENT01462
REC002975,CORPORATE_BANKING,Gupta Anjali,8809483434,,,ACC02044,ENT01462
REC002976,CORPORATE_BANKING,Vijay Kmuar,6660867856,STBHB3647B,,ACC02046,ENT01463
REC002977,RETAIL_CBS,Vijay Kumar,6660867856,STBHB3647B,"761, Main Road, Ahmedabad, Gujarat - 585385",ACC02046,ENT01463
REC002978,CORPORATE_BANKING,Swati Siduh,8676482376,CUOSP9797N,,ACC02047,ENT01464
REC002979,RETAIL_CBS,Divya Thomsa,7331371044,,"358, Extension, Bhopal, Madhya Pradesh - 167489",ACC02048,ENT01465
REC002980,CORPORATE_BANKING,FAISAL MUKHERJEE,9673785574,ROJLV3958C,,ACC02049,ENT01466
REC002981,RETAIL_CBS,Mukherjee Faisal,9673785574,,"363, Cross Street, Thiruvananthapuram, Kerala - 193593",ACC02049,ENT01466
REC002982,RETAIL_CBS,Faisal Muhkerjee,9673785574,ROJLV3958C,,ACC02049,ENT01466
REC002983,RETAIL_CBS,Sarita Kaur,,,,ACC02050,ENT01467
REC002984,RETAIL_CBS,S. Kaur,6188261349,,"239, Avenue, Thiruvananthapuram, Kerala - 578065",ACC02050,ENT01467
REC002985,CORPORATE_BANKING,Sarita Kaur & Sons,6188261349,FMFPY7469Q,"239, Avenue, Thiruvananthapuram, Kerala - 578065",ACC02050,ENT01467
REC002986,CORPORATE_BANKING,V. Das,9161903342,FYSUZ7698E,"184, Main Road, Chennai, Tamil Nadu - 677883",ACC02051,ENT01468
REC002987,RETAIL_CBS,VIJAY DAS,9161903342,FYSUZ7698E,,ACC02051,ENT01468
REC002988,RETAIL_CBS,Vijay Das,9161903342,,,ACC02051,ENT01468
REC002989,CORPORATE_BANKING,Radha Sidhu & Sons,,,"53, Avenue, Chennai, Tamil Nadu - 142590",ACC02052,ENT01469
REC002990,RETAIL_CBS,RADHA SIDHU,,FBZHZ2250N,"53, Avenue, Chennai, Tamil Nadu - 142590",ACC02053,ENT01469
REC002991,CORPORATE_BANKING,Sidhu Radha,,FBZHZ2250N,"53, Avenue, Chennai, Tamil Nadu - 142590",ACC02052,ENT01469
REC002992,CORPORATE_BANKING,Priya Thmoas,8576393522,TWYVC1550K,"224, Main Road, Delhi, Delhi - 150857",ACC02054,ENT01470
REC002993,CORPORATE_BANKING,Priya Tomas,,TWYVC1550K,"224, Main Road, Delhi, Delhi - 150857",ACC02054,ENT01470
REC002994,RETAIL_CBS,S. Sheikh,,EMTQC1415Q,"662, Colony, Surat, Gujarat - 367614",ACC02055,ENT01471
REC002995,CORPORATE_BANKING,Sheikh Sabiha,6686888587,EMTQC1415Q,,ACC02056,ENT01471
REC002996,RETAIL_CBS,Sangeeta Redy,8352579551,DOKZB8861Q,"629, Colony, Ahmedabad, Gujarat - 139192",ACC02057,ENT01472
REC002997,CORPORATE_BANKING,Sangeeta Reddy,8352579551,,"629, Colony, Ahmedabad, Gujarat - 139192",ACC02058,ENT01472
REC002998,RETAIL_CBS,S. Reddy,8352579551,,"629, Colony, Ahmedabad, Gujarat - 139192",ACC02059,ENT01472
REC002999,CORPORATE_BANKING,Pooja Duey,,,,ACC02060,ENT01473
REC003000,CORPORATE_BANKING,Jyoti Khan,6453775059,TGWOZ6784T,"212, Cross Street, Bhopal, Madhya Pradesh - 156915",ACC02061,ENT01474
REC003001,RETAIL_CBS,JYOTI KHAN,6453775059,TGWOZ6784T,"212, Cross Street, Bhopal, Madhya Pradesh - 156915",ACC02061,ENT01474
REC003002,CORPORATE_BANKING,Gopal Jain,,ESGYW2388G,"902, Main Road, Pune, Maharashtra - 494118",ACC02062,ENT01475
REC003003,RETAIL_CBS,G. Jain,8702388486,ESGYW2388G,"902, Main Road, Pune, Maharashtra - 494118",ACC02063,ENT01475
REC003004,RETAIL_CBS,A. Ahmed,6670429388,NJVTG7464F,,ACC02064,ENT01476
REC003005,RETAIL_CBS,Ashok Ahmed & Sons,6670429388,NJVTG7464F,"136, Extension, Coimbatore, Tamil Nadu - 226810",ACC02064,ENT01476
REC003006,CORPORATE_BANKING,Ashok Ahmd,6670429388,NJVTG7464F,"136, Extension, Coimbatore, Tamil Nadu - 226810",ACC02064,ENT01476
REC003007,CORPORATE_BANKING,Bhavana Josih,8530239424,,"301, Cross Street, Mumbai, Maharashtra - 316931",ACC02065,ENT01477
REC003008,CORPORATE_BANKING,B. Joshi,8530239424,,,ACC02065,ENT01477
REC003009,CORPORATE_BANKING,Pooja Dbuey,8108444994,HXPQX5258P,"346, Avenue, Thiruvananthapuram, Kerala - 669449",ACC02066,ENT01478
REC003010,RETAIL_CBS,Dubey Pooja,8108444994,HXPQX5258P,"346, Avenue, Thiruvananthapuram, Kerala - 669449",ACC02067,ENT01478
REC003011,CORPORATE_BANKING,Srinivas Mukherjee & Sons,9788148461,OYVWY3920M,"420, Avenue, Patna, Bihar - 662351",ACC02068,ENT01479
REC003012,CORPORATE_BANKING,Ayesha Bansal & Sons,,UQXUJ9804O,"879, Cross Street, Madurai, Tamil Nadu - 584459",ACC02069,ENT01480
REC003013,RETAIL_CBS,Ayesha Bansal,9022204628,UQXUJ9804O,"879, Cross Street, Madurai, Tamil Nadu - 584459",ACC02069,ENT01480
REC003014,CORPORATE_BANKING,Ayesha Bnsal,,UQXUJ9804O,"879, Cross Street, Madurai, Tamil Nadu - 584459",ACC02069,ENT01480
REC003015,RETAIL_CBS,SHOBHA DUBEY,9715620091,DMDXB1689G,,ACC02070,ENT01481
REC003016,RETAIL_CBS,Shobha Dubey,9715620091,DMDXB1689G,"832, Main Road, Jaipur, Rajasthan - 493572",ACC02070,ENT01481
REC003017,RETAIL_CBS,Shobha Dueby,9715620091,,"832, Main Road, Jaipur, Rajasthan - 493572",ACC02070,ENT01481
REC003018,CORPORATE_BANKING,JYOTI REDDY,6524775837,IBHNP5143H,"852, Main Road, Madurai, Tamil Nadu - 283491",ACC02071,ENT01482
REC003019,RETAIL_CBS,Reddy Jyoti,6524775837,IBHNP5143H,"852, Main Road, Madurai, Tamil Nadu - 283491",ACC02071,ENT01482
REC003020,CORPORATE_BANKING,Mehta Aarti,9055435482,,"236, Main Road, Lucknow, Uttar Pradesh - 306951",ACC02072,ENT01483
REC003021,RETAIL_CBS,Aarti Mehta,,TXFFU7266B,"236, Main Road, Lucknow, Uttar Pradesh - 306951",ACC02073,ENT01483
REC003022,RETAIL_CBS,Harleen Jani,,IXZEI6385I,"932, Extension, Kolkata, West Bengal - 634533",ACC02074,ENT01484
REC003023,CORPORATE_BANKING,Zubair Pilai,7037257118,QVNTB2683C,,ACC02076,ENT01485
REC003024,CORPORATE_BANKING,Zubair Pillai & Sons,7037257118,QVNTB2683C,,ACC02076,ENT01485
REC003025,CORPORATE_BANKING,Kiran Iyengr,6134731932,,,ACC02077,ENT01486
REC003026,RETAIL_CBS,Kiran Iyengar & Sons,6134731932,DFUCK8626P,"391, Main Road, Mysuru, Karnataka - 455846",ACC02078,ENT01486
REC003027,RETAIL_CBS,A. Bose,6403960347,JDLZI3965Q,,ACC02079,ENT01487
REC003028,CORPORATE_BANKING,Bose Arjun,6403960347,JDLZI3965Q,,ACC02079,ENT01487
REC003029,RETAIL_CBS,Dinesh Pillai,7210555598,MLOGS9804O,"704, Extension, Ahmedabad, Gujarat - 508565",ACC02080,ENT01488
REC003030,RETAIL_CBS,Pillai Dinesh,7210555598,MLOGS9804O,"704, Extension, Ahmedabad, Gujarat - 508565",ACC02080,ENT01488
REC003031,RETAIL_CBS,DINESH PILLAI,,MLOGS9804O,"704, Extension, Ahmedabad, Gujarat - 508565",ACC02080,ENT01488
REC003032,CORPORATE_BANKING,Pooja Rao,8028316499,JLLYL6921X,"741, Extension, Chandigarh, Punjab - 228973",ACC02081,ENT01489
REC003033,RETAIL_CBS,Rao Pooja,8028316499,,"741, Extension, Chandigarh, Punjab - 228973",ACC02082,ENT01489
REC003034,CORPORATE_BANKING,POOJA RAO,8028316499,JLLYL6921X,"741, Extension, Chandigarh, Punjab - 228973",ACC02081,ENT01489
REC003035,CORPORATE_BANKING,Rao Meena,,,,ACC02083,ENT01490
REC003036,CORPORATE_BANKING,MEENA RAO,6447875827,JFOYF4482J,"610, Main Road, Coimbatore, Tamil Nadu - 170842",ACC02084,ENT01490
REC003037,RETAIL_CBS,KARTHIK SIDHU,,QQIZA4362D,"444, Cross Street, Lucknow, Uttar Pradesh - 435575",ACC02085,ENT01491
REC003038,CORPORATE_BANKING,K. Sidhu,8798556607,,"444, Cross Street, Lucknow, Uttar Pradesh - 435575",ACC02085,ENT01491
REC003039,CORPORATE_BANKING,Sidhu Karthik,8798556607,QQIZA4362D,"444, Cross Street, Lucknow, Uttar Pradesh - 435575",ACC02085,ENT01491
REC003040,CORPORATE_BANKING,Geeta Tiawri,6563643181,,"168, Main Road, Lucknow, Uttar Pradesh - 259692",ACC02086,ENT01492
REC003041,CORPORATE_BANKING,Iyengar George,,QLSVW8053L,"704, Nagar, Ahmedabad, Gujarat - 195084",ACC02087,ENT01493
REC003042,RETAIL_CBS,Simran Jani,9284479605,CTDIY3296N,,ACC02088,ENT01494
REC003043,CORPORATE_BANKING,VASANTHA DAS,,KMJQT2060R,"352, Main Road, Chandigarh, Punjab - 155136",ACC02090,ENT01495
REC003044,RETAIL_CBS,Das Vasantha,,,"352, Main Road, Chandigarh, Punjab - 155136",ACC02091,ENT01495
REC003045,CORPORATE_BANKING,V. Das,9089905412,KMJQT2060R,,ACC02090,ENT01495
REC003046,CORPORATE_BANKING,NAVEEN SANDHU,8159490429,BCCFT0887A,"949, Extension, Bengaluru, Karnataka - 211951",ACC02092,ENT01496
REC003047,CORPORATE_BANKING,N. Sandhu,8159490429,,,ACC02092,ENT01496
REC003048,RETAIL_CBS,Naveen Sandhu & Sons,,,"949, Extension, Bengaluru, Karnataka - 211951",ACC02092,ENT01496
REC003049,RETAIL_CBS,Sowmya Anasri,8269755981,XXGTE8046K,,ACC02093,ENT01497
REC003050,RETAIL_CBS,SOWMYA ANSARI,8269755981,XXGTE8046K,"345, Nagar, Bengaluru, Karnataka - 162997",ACC02093,ENT01497
REC003051,RETAIL_CBS,Ayesha Naidu & Sons,,KTLER8217E,,ACC02094,ENT01498
REC003052,CORPORATE_BANKING,AYESHA NAIDU,9603877599,,"786, Colony, Delhi, Delhi - 212656",ACC02095,ENT01498
REC003053,CORPORATE_BANKING,Ayesha Naiu,9603877599,KTLER8217E,"786, Colony, Delhi, Delhi - 212656",ACC02094,ENT01498
REC003054,RETAIL_CBS,Malhotra Anil,8027207498,YPCZM1971T,"484, Extension, Bhopal, Madhya Pradesh - 535155",ACC02096,ENT01499
REC003055,CORPORATE_BANKING,Jain Ravi,7485869920,IXXSO6413V,"677, Layout, Surat, Gujarat - 428661",ACC02098,ENT01500
REC003056,CORPORATE_BANKING,Fatima Qureshi & Sons,9109765963,ZBUNR6664K,"507, Layout, Nagpur, Maharashtra - 124282",ACC02099,ENT01501
REC003057,RETAIL_CBS,Qureshi Preethi,,ZZUMX2431P,"279, Colony, Mumbai, Maharashtra - 357839",ACC02100,ENT01502
REC003058,RETAIL_CBS,Preethi Qureshi,,ZZUMX2431P,,ACC02100,ENT01502
REC003059,CORPORATE_BANKING,GOPAL CHAUHAN,9463833319,,"842, Cross Street, Ahmedabad, Gujarat - 634875",ACC02101,ENT01503
REC003060,RETAIL_CBS,G. Chauhan,,YBSOR4018H,"842, Cross Street, Ahmedabad, Gujarat - 634875",ACC02101,ENT01503
REC003061,CORPORATE_BANKING,Z. Kaur,7617901759,SPXUF9812A,"558, Avenue, Jaipur, Rajasthan - 515701",ACC02102,ENT01504
REC003062,CORPORATE_BANKING,Kaur Zubair,,SPXUF9812A,"558, Avenue, Jaipur, Rajasthan - 515701",ACC02102,ENT01504
REC003063,CORPORATE_BANKING,Mary Gupat,,LNGKA2615M,"274, Colony, Hyderabad, Telangana - 559337",ACC02103,ENT01505
REC003064,CORPORATE_BANKING,Mary Gupta,6154772466,LNGKA2615M,"274, Colony, Hyderabad, Telangana - 559337",ACC02104,ENT01505
REC003065,CORPORATE_BANKING,Mary Gupta & Sons,6154772466,,"274, Colony, Hyderabad, Telangana - 559337",ACC02103,ENT01505
REC003066,RETAIL_CBS,Anil Iyer & Sons,6661091082,PBFPC4642D,"189, Layout, Kochi, Kerala - 696214",ACC02105,ENT01506
REC003067,CORPORATE_BANKING,Anil Ieyr,6661091082,PBFPC4642D,,ACC02106,ENT01506
REC003068,CORPORATE_BANKING,ANIL IYER,6661091082,,"189, Layout, Kochi, Kerala - 696214",ACC02107,ENT01506
REC003069,RETAIL_CBS,Neha Jain,8103122206,HOJLP6383J,"1, Cross Street, Lucknow, Uttar Pradesh - 480210",ACC02108,ENT01507
REC003070,CORPORATE_BANKING,Jain Neha,8103122206,HOJLP6383J,"1, Cross Street, Lucknow, Uttar Pradesh - 480210",ACC02109,ENT01507
REC003071,CORPORATE_BANKING,Usha Mukherjee & Sons,,UOLHX3148M,"372, Colony, Surat, Gujarat - 345254",ACC02110,ENT01508
REC003072,CORPORATE_BANKING,USHA MUKHERJEE,9925728557,UOLHX3148M,"372, Colony, Surat, Gujarat - 345254",ACC02110,ENT01508
REC003073,RETAIL_CBS,Mukherjee Usha,9925728557,UOLHX3148M,"372, Colony, Surat, Gujarat - 345254",ACC02110,ENT01508
REC003074,RETAIL_CBS,Jaspreet Desai,8545041922,,"141, Avenue, Madurai, Tamil Nadu - 576197",ACC02111,ENT01509
REC003075,RETAIL_CBS,Jaspreet Dsai,,,"141, Avenue, Madurai, Tamil Nadu - 576197",ACC02111,ENT01509
REC003076,RETAIL_CBS,Rekha Sharma,8871477296,,,ACC02112,ENT01510
REC003077,RETAIL_CBS,REKHA SHARMA,8871477296,BHPGR4582S,,ACC02112,ENT01510
REC003078,RETAIL_CBS,Sharma Rekha,8871477296,BHPGR4582S,"941, Layout, Nagpur, Maharashtra - 303778",ACC02112,ENT01510
REC003079,CORPORATE_BANKING,Venkatesh Reddy,9140327272,,"998, Main Road, Kolkata, West Bengal - 487338",ACC02113,ENT01511
REC003080,CORPORATE_BANKING,Venkatesh Rdedy,,,,ACC02113,ENT01511
REC003081,RETAIL_CBS,Vinod Gupta,6705222484,NBNQX9470C,"923, Cross Street, Ahmedabad, Gujarat - 142883",ACC02114,ENT01512
REC003082,RETAIL_CBS,Gupta Vinod,6705222484,NBNQX9470C,"923, Cross Street, Ahmedabad, Gujarat - 142883",ACC02115,ENT01512
REC003083,CORPORATE_BANKING,Gaurav Singh & Sons,7402775022,,"703, Extension, Ahmedabad, Gujarat - 484250",ACC02116,ENT01513
REC003084,CORPORATE_BANKING,Gaurav Sengupta & Sons,,VJBSQ3436Y,,ACC02117,ENT01514
REC003085,CORPORATE_BANKING,GAURAV SENGUPTA,7487963969,VJBSQ3436Y,"255, Extension, Patna, Bihar - 170513",ACC02117,ENT01514
REC003086,CORPORATE_BANKING,Gaurav Snegupta,7487963969,,"255, Extension, Patna, Bihar - 170513",ACC02117,ENT01514
REC003087,RETAIL_CBS,Rajesh Khan,9496736480,YENTV3207V,"770, Nagar, Bengaluru, Karnataka - 606372",ACC02118,ENT01515
REC003088,CORPORATE_BANKING,R. Khan,,YENTV3207V,"770, Nagar, Bengaluru, Karnataka - 606372",ACC02119,ENT01515
REC003089,RETAIL_CBS,Sowmya Bansal & Sons,8807409508,,,ACC02120,ENT01516
REC003090,CORPORATE_BANKING,S. Bansal,8807409508,GWCTT7141G,"446, Avenue, Kochi, Kerala - 275587",ACC02120,ENT01516
REC003091,CORPORATE_BANKING,SOWMYA BANSAL,,,,ACC02120,ENT01516
REC003092,CORPORATE_BANKING,POOJA SENGUPTA,8116242127,QDDXC1799K,"166, Main Road, Mysuru, Karnataka - 560709",ACC02121,ENT01517
REC003093,RETAIL_CBS,Pooja Senguta,8116242127,,"166, Main Road, Mysuru, Karnataka - 560709",ACC02121,ENT01517
REC003094,RETAIL_CBS,Sengupta Pooja,8116242127,QDDXC1799K,,ACC02121,ENT01517
REC003095,CORPORATE_BANKING,NEHA VERMA,7760699402,,"57, Main Road, Nagpur, Maharashtra - 291921",ACC02122,ENT01518
REC003096,RETAIL_CBS,Verma Neha,7760699402,TONBG1013O,"57, Main Road, Nagpur, Maharashtra - 291921",ACC02122,ENT01518
REC003097,RETAIL_CBS,Gupta Padma,,,,ACC02123,ENT01519
REC003098,RETAIL_CBS,Padma Gupta,6218651883,UEOBS8550Q,"752, Cross Street, Coimbatore, Tamil Nadu - 279100",ACC02124,ENT01519
REC003099,CORPORATE_BANKING,Padma Gputa,6218651883,UEOBS8550Q,,ACC02123,ENT01519
REC003100,CORPORATE_BANKING,ANJALI PILLAI,7926990026,GIXHU5594V,"460, Colony, Jaipur, Rajasthan - 381210",ACC02125,ENT01520
REC003101,RETAIL_CBS,Sowmya Pllai,8618985890,TYENP2951X,,ACC02126,ENT01521
REC003102,CORPORATE_BANKING,SOWMYA PILLAI,8618985890,TYENP2951X,"219, Main Road, Delhi, Delhi - 698424",ACC02126,ENT01521
REC003103,CORPORATE_BANKING,SUNITA BRAR,7527249413,PEUSD1919T,"767, Layout, Bengaluru, Karnataka - 247469",ACC02127,ENT01522
REC003104,CORPORATE_BANKING,Brar Sunita,7527249413,,"767, Layout, Bengaluru, Karnataka - 247469",ACC02127,ENT01522
REC003105,CORPORATE_BANKING,Sangeeta Bansla,6821484240,XBRAL0093Z,"953, Main Road, Nagpur, Maharashtra - 493989",ACC02128,ENT01523
REC003106,RETAIL_CBS,SANGEETA BANSAL,6821484240,,,ACC02128,ENT01523
REC003107,CORPORATE_BANKING,Sangeeta Bansal & Sons,,XBRAL0093Z,,ACC02128,ENT01523
REC003108,RETAIL_CBS,Sunita Baerjee,9781621233,,"502, Avenue, Thiruvananthapuram, Kerala - 222208",ACC02129,ENT01524
REC003109,CORPORATE_BANKING,Sunita Banerjee,9781621233,IVZWR9002G,"502, Avenue, Thiruvananthapuram, Kerala - 222208",ACC02129,ENT01524
REC003110,CORPORATE_BANKING,S. Banerjee,9781621233,IVZWR9002G,"502, Avenue, Thiruvananthapuram, Kerala - 222208",ACC02129,ENT01524
REC003111,CORPORATE_BANKING,N. Tiwari,6022904593,QNTPJ8573K,"109, Colony, Kolkata, West Bengal - 122425",ACC02130,ENT01525
REC003112,RETAIL_CBS,Nisha Tiari,6022904593,QNTPJ8573K,"109, Colony, Kolkata, West Bengal - 122425",ACC02130,ENT01525
REC003113,RETAIL_CBS,Nisha Tiawri,6022904593,QNTPJ8573K,"109, Colony, Kolkata, West Bengal - 122425",ACC02130,ENT01525
REC003114,RETAIL_CBS,Gopal Shah,8315904134,NRLIW7386F,"600, Extension, Kochi, Kerala - 263790",ACC02131,ENT01526
REC003115,CORPORATE_BANKING,Shah Gopal,8315904134,NRLIW7386F,"600, Extension, Kochi, Kerala - 263790",ACC02132,ENT01526
REC003116,CORPORATE_BANKING,PANKAJ MEHTA,6267928459,MVFLE6451J,"10, Avenue, Mumbai, Maharashtra - 408641",ACC02133,ENT01527
REC003117,RETAIL_CBS,Pankaj Mheta,,MVFLE6451J,"10, Avenue, Mumbai, Maharashtra - 408641",ACC02133,ENT01527
REC003118,RETAIL_CBS,G. Banerjee,,KBKLA2372U,"234, Extension, Chandigarh, Punjab - 539863",ACC02134,ENT01528
REC003119,CORPORATE_BANKING,Banerjee Geeta,6756977109,,,ACC02135,ENT01528
REC003120,RETAIL_CBS,Harpreet Kaur,7881813567,,,ACC02136,ENT01529
REC003121,RETAIL_CBS,H. Kaur,7881813567,,,ACC02136,ENT01529
REC003122,CORPORATE_BANKING,Kaur Harpreet,7881813567,PIZEV5951T,"352, Extension, Kochi, Kerala - 653121",ACC02136,ENT01529
REC003123,CORPORATE_BANKING,K. Iyengar,8476716503,KTTLS9198C,"421, Cross Street, Coimbatore, Tamil Nadu - 454442",ACC02137,ENT01530
REC003124,RETAIL_CBS,Iyengar Karthik,,,,ACC02137,ENT01530
REC003125,CORPORATE_BANKING,ARUN IYER,7817171851,,"475, Layout, Coimbatore, Tamil Nadu - 171402",ACC02138,ENT01531
REC003126,RETAIL_CBS,Arun Iyer & Sons,,ZJOIV8887P,"475, Layout, Coimbatore, Tamil Nadu - 171402",ACC02138,ENT01531
REC003127,RETAIL_CBS,Arun Iyer,7817171851,ZJOIV8887P,,ACC02138,ENT01531
REC003128,CORPORATE_BANKING,G. Rao,7738205935,MEFFU4415T,"1, Cross Street, Chandigarh, Punjab - 211129",ACC02139,ENT01532
REC003129,CORPORATE_BANKING,Geeta Rao,7738205935,,,ACC02139,ENT01532
REC003130,CORPORATE_BANKING,Saxena Mahesh,7034733247,BNETB6434E,,ACC02140,ENT01533
REC003131,RETAIL_CBS,Mahesh Saena,,BNETB6434E,"670, Main Road, Mysuru, Karnataka - 301646",ACC02140,ENT01533
REC003132,CORPORATE_BANKING,Divya Ghosh & Sons,,FBGXN4640M,"297, Layout, Thiruvananthapuram, Kerala - 387795",ACC02141,ENT01534
REC003133,CORPORATE_BANKING,Divya Ghsoh,9244048011,,"297, Layout, Thiruvananthapuram, Kerala - 387795",ACC02141,ENT01534
REC003134,CORPORATE_BANKING,Ajay Sanhdu,7881807247,,,ACC02142,ENT01535
REC003135,CORPORATE_BANKING,A. Sandhu,,,"793, Cross Street, Delhi, Delhi - 394181",ACC02142,ENT01535
REC003136,CORPORATE_BANKING,Arun Vraghese,6396540169,OHEKA8983V,"247, Extension, Nagpur, Maharashtra - 321406",ACC02143,ENT01536
REC003137,RETAIL_CBS,Varghese Arun,6396540169,,"247, Extension, Nagpur, Maharashtra - 321406",ACC02143,ENT01536
REC003138,RETAIL_CBS,ARUN VARGHESE,,OHEKA8983V,"247, Extension, Nagpur, Maharashtra - 321406",ACC02143,ENT01536
REC003139,RETAIL_CBS,RAJWINDER PANDEY,6859760450,NAJOF0152D,,ACC02144,ENT01537
REC003140,RETAIL_CBS,R. Pandey,6859760450,NAJOF0152D,"36, Main Road, Kochi, Kerala - 228035",ACC02144,ENT01537
REC003141,CORPORATE_BANKING,RAVI MEHTA,8194584656,CMVOR2068G,"237, Cross Street, Kolkata, West Bengal - 173483",ACC02145,ENT01538
REC003142,RETAIL_CBS,R. Mehta,8194584656,CMVOR2068G,"237, Cross Street, Kolkata, West Bengal - 173483",ACC02145,ENT01538
REC003143,RETAIL_CBS,Mehta Ravi,8194584656,CMVOR2068G,"237, Cross Street, Kolkata, West Bengal - 173483",ACC02145,ENT01538
REC003144,RETAIL_CBS,SUSAN YADAV,,KHGML9821X,"80, Avenue, Mumbai, Maharashtra - 579211",ACC02146,ENT01539
REC003145,RETAIL_CBS,S. Yadav,,KHGML9821X,,ACC02147,ENT01539
REC003146,CORPORATE_BANKING,Anjali Bose & Sons,7810213611,IDONZ8474U,"90, Main Road, Ahmedabad, Gujarat - 609511",ACC02148,ENT01540
REC003147,RETAIL_CBS,Bose Anjali,7810213611,IDONZ8474U,,ACC02148,ENT01540
REC003148,CORPORATE_BANKING,A. Bose,7810213611,IDONZ8474U,"90, Main Road, Ahmedabad, Gujarat - 609511",ACC02148,ENT01540
REC003149,RETAIL_CBS,Aarti Ahmde,8453996861,,,ACC02149,ENT01541
REC003150,CORPORATE_BANKING,Aarti Ahmed & Sons,8453996861,XLPIK6066M,"283, Extension, Pune, Maharashtra - 342286",ACC02149,ENT01541
REC003151,RETAIL_CBS,A. Ahmed,8453996861,,"283, Extension, Pune, Maharashtra - 342286",ACC02149,ENT01541
REC003152,CORPORATE_BANKING,Rajwinder Reddy,7983371559,,"733, Cross Street, Kochi, Kerala - 177388",ACC02150,ENT01542
REC003153,CORPORATE_BANKING,Reddy Rajwinder,7983371559,EIYVK5644W,"733, Cross Street, Kochi, Kerala - 177388",ACC02150,ENT01542
REC003154,RETAIL_CBS,Sandhu Sunil,8881543374,HGRKM5889S,"646, Colony, Chennai, Tamil Nadu - 485577",ACC02151,ENT01543
REC003155,CORPORATE_BANKING,Sunil Sandhu,8881543374,,"646, Colony, Chennai, Tamil Nadu - 485577",ACC02152,ENT01543
REC003156,CORPORATE_BANKING,Bansal Nithya,7645019185,,"349, Main Road, Madurai, Tamil Nadu - 538765",ACC02153,ENT01544
REC003157,CORPORATE_BANKING,Anjali Quresih,8894223412,XYEXE0517M,"758, Main Road, Nagpur, Maharashtra - 663501",ACC02156,ENT01545
REC003158,CORPORATE_BANKING,S. Mishra,,BDWJD2766H,"181, Extension, Thiruvananthapuram, Kerala - 394565",ACC02157,ENT01546
REC003159,RETAIL_CBS,Sneha Msihra,9025722358,BDWJD2766H,"181, Extension, Thiruvananthapuram, Kerala - 394565",ACC02157,ENT01546
REC003160,RETAIL_CBS,GOPAL VERMA,7479041879,MJGKV2918S,,ACC02158,ENT01547
REC003161,RETAIL_CBS,Harish Ghohs,8854927599,TUWWZ8132K,,ACC02160,ENT01548
REC003162,RETAIL_CBS,Harish Ghsh,8854927599,TUWWZ8132K,,ACC02161,ENT01548
REC003163,RETAIL_CBS,Harish Ghosh & Sons,8854927599,,"342, Layout, Patna, Bihar - 222440",ACC02160,ENT01548
REC003164,CORPORATE_BANKING,Sheikh Ayesha,6243202348,EFEKP9974R,,ACC02162,ENT01549
REC003165,CORPORATE_BANKING,Kaur Harpreet,9725652529,,,ACC02163,ENT01550
REC003166,CORPORATE_BANKING,Harpreet Kaur & Sons,9725652529,XTYBG8728B,"505, Layout, Thiruvananthapuram, Kerala - 504865",ACC02164,ENT01550
REC003167,CORPORATE_BANKING,Harpreet Kaur,,XTYBG8728B,"505, Layout, Thiruvananthapuram, Kerala - 504865",ACC02165,ENT01550
REC003168,CORPORATE_BANKING,Nitin Bansal,,YPUVK1834W,"20, Main Road, Thiruvananthapuram, Kerala - 521813",ACC02166,ENT01551
REC003169,CORPORATE_BANKING,NITIN BANSAL,7274269186,YPUVK1834W,"20, Main Road, Thiruvananthapuram, Kerala - 521813",ACC02166,ENT01551
REC003170,CORPORATE_BANKING,Nitin Bnsal,,YPUVK1834W,"20, Main Road, Thiruvananthapuram, Kerala - 521813",ACC02166,ENT01551
REC003171,CORPORATE_BANKING,Irfan Mukherjee & Sons,,QKFWB3325M,,ACC02167,ENT01552
REC003172,CORPORATE_BANKING,Pankaj Bhtt,,WLEAC0590R,"475, Colony, Mysuru, Karnataka - 356259",ACC02169,ENT01553
REC003173,RETAIL_CBS,Sunil Kmuar,,JXILO4840U,"480, Cross Street, Pune, Maharashtra - 359175",ACC02170,ENT01554
REC003174,CORPORATE_BANKING,SUNIL KUMAR,6720217075,,"480, Cross Street, Pune, Maharashtra - 359175",ACC02171,ENT01554
REC003175,RETAIL_CBS,Kumar Sunil,6720217075,,,ACC02170,ENT01554
REC003176,RETAIL_CBS,Arun Chauan,6060660262,TJJCT0483X,"34, Nagar, Bhopal, Madhya Pradesh - 615286",ACC02172,ENT01555
REC003177,RETAIL_CBS,Vinod Tiwari,7221599501,NFPCR3558G,"448, Extension, Chandigarh, Punjab - 601560",ACC02173,ENT01556
REC003178,CORPORATE_BANKING,Vinod Tiwari & Sons,7221599501,,,ACC02173,ENT01556
REC003179,CORPORATE_BANKING,Vinod Twiari,7221599501,,"448, Extension, Chandigarh, Punjab - 601560",ACC02173,ENT01556
REC003180,RETAIL_CBS,Gurpreet Singh,,SVPAA1341X,"954, Main Road, Coimbatore, Tamil Nadu - 211336",ACC02174,ENT01557
REC003181,RETAIL_CBS,G. Singh,8429700906,SVPAA1341X,,ACC02174,ENT01557
REC003182,CORPORATE_BANKING,Mishra Meena,,VGRQJ6491V,"792, Avenue, Thiruvananthapuram, Kerala - 124702",ACC02175,ENT01558
REC003183,CORPORATE_BANKING,Bose Balaji,8048221237,LMZWI6479V,"921, Main Road, Kochi, Kerala - 627770",ACC02176,ENT01559
REC003184,CORPORATE_BANKING,Balaji Bose,8048221237,LMZWI6479V,,ACC02176,ENT01559
REC003185,RETAIL_CBS,Balaji Boes,8048221237,,"921, Main Road, Kochi, Kerala - 627770",ACC02176,ENT01559
REC003186,CORPORATE_BANKING,Swati Iyer,8180673483,DQQVP5859A,"895, Extension, Thiruvananthapuram, Kerala - 309650",ACC02177,ENT01560
REC003187,CORPORATE_BANKING,Lakshmi Vrghese,9310331893,,"45, Extension, Delhi, Delhi - 503084",ACC02178,ENT01561
REC003188,CORPORATE_BANKING,Manoj Mukherjee & Sons,,,"138, Extension, Coimbatore, Tamil Nadu - 405911",ACC02179,ENT01562
REC003189,RETAIL_CBS,Mukherjee Manoj,6447611783,,,ACC02180,ENT01562
REC003190,CORPORATE_BANKING,Manoj Mukherjee,6447611783,GWGOQ6238D,,ACC02179,ENT01562
REC003191,CORPORATE_BANKING,AMIT SHEIKH,9705227295,AAQWO8503T,,ACC02181,ENT01563
REC003192,CORPORATE_BANKING,Amit Sheikh,9705227295,AAQWO8503T,"431, Extension, Bengaluru, Karnataka - 656502",ACC02181,ENT01563
REC003193,RETAIL_CBS,Neha Ghosh & Sons,,,"256, Colony, Patna, Bihar - 343519",ACC02182,ENT01564
REC003194,RETAIL_CBS,Nisha Tiawri,8045531773,ITWQB1494K,"830, Cross Street, Coimbatore, Tamil Nadu - 243544",ACC02185,ENT01565
REC003195,RETAIL_CBS,Nisha Tiwari,8045531773,,"830, Cross Street, Coimbatore, Tamil Nadu - 243544",ACC02185,ENT01565
REC003196,RETAIL_CBS,RITU NAIR,,RLMGM9889D,"418, Layout, Coimbatore, Tamil Nadu - 542325",ACC02186,ENT01566
REC003197,CORPORATE_BANKING,Ritu Niar,,RLMGM9889D,"418, Layout, Coimbatore, Tamil Nadu - 542325",ACC02186,ENT01566
REC003198,RETAIL_CBS,Rekha Iyer & Sons,8427814061,,"725, Avenue, Surat, Gujarat - 279108",ACC02187,ENT01567
REC003199,RETAIL_CBS,Rekha Iyer,,,,ACC02187,ENT01567
REC003200,CORPORATE_BANKING,Manpreet Ydaav,7750305339,,"924, Cross Street, Chennai, Tamil Nadu - 512711",ACC02188,ENT01568
REC003201,RETAIL_CBS,M. Yadav,7750305339,MDAFL3058C,"924, Cross Street, Chennai, Tamil Nadu - 512711",ACC02188,ENT01568
REC003202,CORPORATE_BANKING,Jaspreet Jani,9063176786,INFSS8428M,"457, Main Road, Patna, Bihar - 301038",ACC02189,ENT01569
REC003203,RETAIL_CBS,Jaspreet Jain,9063176786,INFSS8428M,"457, Main Road, Patna, Bihar - 301038",ACC02190,ENT01569
REC003204,RETAIL_CBS,J. Jain,9063176786,,"457, Main Road, Patna, Bihar - 301038",ACC02189,ENT01569
REC003205,CORPORATE_BANKING,Harish Saxena & Sons,7215252327,VMWAZ3348C,,ACC02191,ENT01570
REC003206,CORPORATE_BANKING,Saxena Harish,7215252327,VMWAZ3348C,,ACC02191,ENT01570
REC003207,RETAIL_CBS,Harish Saxena,7215252327,VMWAZ3348C,"372, Avenue, Kolkata, West Bengal - 307097",ACC02191,ENT01570
REC003208,CORPORATE_BANKING,NAVEEN MUKHERJEE,8981405549,WDUGT3424E,,ACC02192,ENT01571
REC003209,RETAIL_CBS,AYESHA MALHOTRA,7917462252,,,ACC02193,ENT01572
REC003210,CORPORATE_BANKING,Pooja Shah & Sons,8327337921,BCSRT4875A,"487, Cross Street, Mumbai, Maharashtra - 680238",ACC02195,ENT01573
REC003211,CORPORATE_BANKING,Pooja Shha,8327337921,BCSRT4875A,,ACC02195,ENT01573
REC003212,RETAIL_CBS,Shah Pooja,,,"487, Cross Street, Mumbai, Maharashtra - 680238",ACC02195,ENT01573
REC003213,CORPORATE_BANKING,HARLEEN NAIDU,6562135776,YAHCA9917T,"832, Nagar, Patna, Bihar - 301736",ACC02196,ENT01574
REC003214,RETAIL_CBS,Harleen Naiud,6562135776,YAHCA9917T,"832, Nagar, Patna, Bihar - 301736",ACC02197,ENT01574
REC003215,RETAIL_CBS,NAVEEN CHATTERJEE,,,"879, Colony, Ahmedabad, Gujarat - 333585",ACC02198,ENT01575
REC003216,CORPORATE_BANKING,SNEHA SHARMA,6193047931,TMWWY2512L,"617, Cross Street, Bhopal, Madhya Pradesh - 544041",ACC02199,ENT01576
REC003217,CORPORATE_BANKING,Sharma Sneha,6193047931,TMWWY2512L,"617, Cross Street, Bhopal, Madhya Pradesh - 544041",ACC02199,ENT01576
REC003218,RETAIL_CBS,Gupta Sowmya,,XFFYS9144Y,"380, Colony, Bhopal, Madhya Pradesh - 329148",ACC02200,ENT01577
REC003219,CORPORATE_BANKING,SOWMYA GUPTA,7376441707,XFFYS9144Y,,ACC02201,ENT01577
REC003220,RETAIL_CBS,Sowmya Gupta & Sons,7376441707,,"380, Colony, Bhopal, Madhya Pradesh - 329148",ACC02200,ENT01577
REC003221,RETAIL_CBS,Priya Trivedi & Sons,7028621787,OTFJN1690M,"873, Extension, Bengaluru, Karnataka - 478174",ACC02202,ENT01578
REC003222,RETAIL_CBS,Trivedi Priya,,OTFJN1690M,"873, Extension, Bengaluru, Karnataka - 478174",ACC02202,ENT01578
REC003223,CORPORATE_BANKING,Ravi Kuamr,8339868513,,"55, Main Road, Pune, Maharashtra - 486918",ACC02203,ENT01579
REC003224,CORPORATE_BANKING,Harpreet Yadav & Sons,8146830705,DMXBO2665D,,ACC02204,ENT01580
REC003225,CORPORATE_BANKING,Gopal Redy,7419695924,RJYMJ0657O,"418, Extension, Coimbatore, Tamil Nadu - 118124",ACC02205,ENT01581
REC003226,CORPORATE_BANKING,Gopal Reddy,7419695924,,"418, Extension, Coimbatore, Tamil Nadu - 118124",ACC02205,ENT01581
REC003227,CORPORATE_BANKING,S. Sharma,9084065647,,"189, Avenue, Patna, Bihar - 375578",ACC02206,ENT01582
REC003228,RETAIL_CBS,Vandana Johsi,9024379582,IIZCP3986Y,"421, Cross Street, Bhopal, Madhya Pradesh - 438788",ACC02208,ENT01583
REC003229,RETAIL_CBS,Joshi Vandana,9024379582,IIZCP3986Y,"421, Cross Street, Bhopal, Madhya Pradesh - 438788",ACC02208,ENT01583
REC003230,CORPORATE_BANKING,Vandana Johi,9024379582,IIZCP3986Y,"421, Cross Street, Bhopal, Madhya Pradesh - 438788",ACC02208,ENT01583
REC003231,CORPORATE_BANKING,Amandeep Sidhu & Sons,8938122298,SLSBR7778S,"629, Colony, Madurai, Tamil Nadu - 255207",ACC02209,ENT01584
REC003232,CORPORATE_BANKING,Amandeep Sdihu,,,"629, Colony, Madurai, Tamil Nadu - 255207",ACC02209,ENT01584
REC003233,RETAIL_CBS,Sidhu Amandeep,8938122298,,"629, Colony, Madurai, Tamil Nadu - 255207",ACC02209,ENT01584
REC003234,CORPORATE_BANKING,RAHUL KUMAR,8170407278,,"369, Cross Street, Thiruvananthapuram, Kerala - 693573",ACC02210,ENT01585
REC003235,RETAIL_CBS,Rahul Kumr,,CCKNZ8012Z,"369, Cross Street, Thiruvananthapuram, Kerala - 693573",ACC02211,ENT01585
REC003236,CORPORATE_BANKING,R. Kumar,8170407278,CCKNZ8012Z,"369, Cross Street, Thiruvananthapuram, Kerala - 693573",ACC02210,ENT01585
REC003237,CORPORATE_BANKING,Ritu Thoms,9045572908,OOVQE8466H,"782, Nagar, Bhopal, Madhya Pradesh - 529517",ACC02212,ENT01586
REC003238,RETAIL_CBS,Thomas Ritu,9045572908,OOVQE8466H,"782, Nagar, Bhopal, Madhya Pradesh - 529517",ACC02213,ENT01586
REC003239,RETAIL_CBS,Harish Pandey,8673783477,WHJCH7514G,"150, Avenue, Thiruvananthapuram, Kerala - 625251",ACC02215,ENT01587
REC003240,CORPORATE_BANKING,K. Sharma,,,"671, Layout, Madurai, Tamil Nadu - 167647",ACC02216,ENT01588
REC003241,CORPORATE_BANKING,Kalpana Shama,8999225669,HVRKG2099Y,"671, Layout, Madurai, Tamil Nadu - 167647",ACC02216,ENT01588
REC003242,CORPORATE_BANKING,Kalpana Sharma & Sons,8999225669,HVRKG2099Y,"671, Layout, Madurai, Tamil Nadu - 167647",ACC02216,ENT01588
REC003243,RETAIL_CBS,Shah Dinesh,,,"512, Colony, Mumbai, Maharashtra - 311405",ACC02217,ENT01589
REC003244,CORPORATE_BANKING,Dinesh Shha,7711715639,,,ACC02217,ENT01589
REC003245,RETAIL_CBS,Karthik Ahmed,9624881614,OTIHV1753V,"182, Layout, Kolkata, West Bengal - 599760",ACC02218,ENT01590
REC003246,RETAIL_CBS,Karthik Amed,9624881614,OTIHV1753V,"182, Layout, Kolkata, West Bengal - 599760",ACC02218,ENT01590
REC003247,RETAIL_CBS,K. Ahmed,9624881614,OTIHV1753V,"182, Layout, Kolkata, West Bengal - 599760",ACC02218,ENT01590
REC003248,CORPORATE_BANKING,Sandhu Usha,7608919093,BNUDD9298A,"10, Nagar, Bhopal, Madhya Pradesh - 602498",ACC02219,ENT01591
REC003249,RETAIL_CBS,Usha Sandhu & Sons,7608919093,,,ACC02219,ENT01591
REC003250,RETAIL_CBS,Usha Sandu,7608919093,BNUDD9298A,,ACC02219,ENT01591
REC003251,CORPORATE_BANKING,Sandhu Jyoti,,LXDYM9775Z,,ACC02220,ENT01592
REC003252,RETAIL_CBS,Gurpreet Saena,7475668306,ZFOVH6097P,"18, Layout, Ahmedabad, Gujarat - 121645",ACC02221,ENT01593
REC003253,RETAIL_CBS,G. Saxena,7475668306,ZFOVH6097P,"18, Layout, Ahmedabad, Gujarat - 121645",ACC02221,ENT01593
REC003254,RETAIL_CBS,Kaur Rohit,8483908239,OPTYQ4473N,"187, Extension, Madurai, Tamil Nadu - 175996",ACC02222,ENT01594
REC003255,RETAIL_CBS,ROHIT KAUR,,OPTYQ4473N,,ACC02222,ENT01594
REC003256,RETAIL_CBS,Kumar Sabiha,9647992203,,"456, Cross Street, Nagpur, Maharashtra - 635745",ACC02223,ENT01595
REC003257,CORPORATE_BANKING,SABIHA KUMAR,9647992203,,"456, Cross Street, Nagpur, Maharashtra - 635745",ACC02224,ENT01595
REC003258,RETAIL_CBS,Sabiha Kumra,9647992203,LURYC0822X,,ACC02225,ENT01595
REC003259,CORPORATE_BANKING,Dinesh Kuar,,AYCYR9589P,,ACC02227,ENT01596
REC003260,CORPORATE_BANKING,D. Kumar,9971441150,AYCYR9589P,,ACC02228,ENT01596
REC003261,CORPORATE_BANKING,Kumar Dinesh,9971441150,,"685, Main Road, Ahmedabad, Gujarat - 439424",ACC02227,ENT01596
REC003262,RETAIL_CBS,Manoj Jian,6127652828,IGORG7402I,"758, Cross Street, Mumbai, Maharashtra - 584491",ACC02229,ENT01597
REC003263,CORPORATE_BANKING,MANOJ JAIN,6127652828,,,ACC02230,ENT01597
REC003264,RETAIL_CBS,Mehta Gurpreet,6006790673,VIUOM4812B,"605, Extension, Madurai, Tamil Nadu - 237352",ACC02231,ENT01598
REC003265,CORPORATE_BANKING,Gurpreet Mehta,6006790673,VIUOM4812B,"605, Extension, Madurai, Tamil Nadu - 237352",ACC02231,ENT01598
REC003266,CORPORATE_BANKING,GURPREET MEHTA,6006790673,VIUOM4812B,"605, Extension, Madurai, Tamil Nadu - 237352",ACC02231,ENT01598
REC003267,RETAIL_CBS,Imran Reddy & Sons,,FONEU6081H,,ACC02232,ENT01599
REC003268,CORPORATE_BANKING,IMRAN REDDY,9495365417,FONEU6081H,,ACC02232,ENT01599
REC003269,CORPORATE_BANKING,Imran Redy,9495365417,FONEU6081H,"410, Extension, Madurai, Tamil Nadu - 649434",ACC02232,ENT01599
REC003270,RETAIL_CBS,Mukherjee Harleen,6124548817,SHMJP8974A,,ACC02233,ENT01600
REC003271,RETAIL_CBS,Kalpana Kaopor,9448165273,RNGTA2236Q,"763, Avenue, Bengaluru, Karnataka - 672986",ACC02234,ENT01601
REC003272,CORPORATE_BANKING,Ravi Gill & Sons,9051164261,GROAQ4137R,"773, Nagar, Mumbai, Maharashtra - 124673",ACC02235,ENT01602
REC003273,RETAIL_CBS,RAVI GILL,,GROAQ4137R,"773, Nagar, Mumbai, Maharashtra - 124673",ACC02236,ENT01602
REC003274,RETAIL_CBS,Gill Ravi,9051164261,GROAQ4137R,"773, Nagar, Mumbai, Maharashtra - 124673",ACC02235,ENT01602
REC003275,CORPORATE_BANKING,Sabiha Malki,6954230908,HCVYW4931D,"473, Cross Street, Mysuru, Karnataka - 513946",ACC02237,ENT01603
REC003276,RETAIL_CBS,Anna Pillai &Sons,,JKRKK8667Z,"699, Main Road, Thiruvananthapuram, Kerala - 462504",ACC02239,ENT01604
REC003277,RETAIL_CBS,Neha Chauhan & Sons,,FMBFR9831S,"374, Extension, Chennai, Tamil Nadu - 459676",ACC02241,ENT01605
REC003278,RETAIL_CBS,Neha Chahuan,,FMBFR9831S,"374, Extension, Chennai, Tamil Nadu - 459676",ACC02241,ENT01605
REC003279,RETAIL_CBS,Anna Gill,7959634561,GDAVZ4423G,"489, Colony, Mumbai, Maharashtra - 527434",ACC02242,ENT01606
REC003280,CORPORATE_BANKING,ANNA GILL,7959634561,,,ACC02242,ENT01606
REC003281,RETAIL_CBS,MANPREET CHATTERJEE,8908680396,,"184, Layout, Madurai, Tamil Nadu - 209704",ACC02243,ENT01607
REC003282,RETAIL_CBS,Muthu Misra,8087212255,QOWND4677L,"942, Cross Street, Kolkata, West Bengal - 524631",ACC02244,ENT01608
REC003283,CORPORATE_BANKING,M. Mishra,8087212255,,"942, Cross Street, Kolkata, West Bengal - 524631",ACC02244,ENT01608
REC003284,RETAIL_CBS,Zubair Kpoor,9597543291,OKMJV2848T,"533, Cross Street, Patna, Bihar - 220928",ACC02245,ENT01609
REC003285,CORPORATE_BANKING,Zubair Kapoor,9597543291,OKMJV2848T,"533, Cross Street, Patna, Bihar - 220928",ACC02245,ENT01609
REC003286,CORPORATE_BANKING,Manoj Sheih,7505049757,MGVTA2202R,"833, Layout, Kolkata, West Bengal - 676529",ACC02246,ENT01610
REC003287,CORPORATE_BANKING,Mary Bose,7173417238,QFFWW3233B,"659, Cross Street, Jaipur, Rajasthan - 203980",ACC02247,ENT01611
REC003288,RETAIL_CBS,MARY BOSE,7173417238,,"659, Cross Street, Jaipur, Rajasthan - 203980",ACC02248,ENT01611
REC003289,RETAIL_CBS,Mary Bose & Sons,7173417238,QFFWW3233B,"659, Cross Street, Jaipur, Rajasthan - 203980",ACC02247,ENT01611
REC003290,CORPORATE_BANKING,Susan Varghese,9340557560,EFPAR0130C,"608, Cross Street, Chandigarh, Punjab - 694983",ACC02249,ENT01612
REC003291,RETAIL_CBS,Varghese Susan,9340557560,EFPAR0130C,,ACC02250,ENT01612
REC003292,CORPORATE_BANKING,Susan Vrghese,,EFPAR0130C,"608, Cross Street, Chandigarh, Punjab - 694983",ACC02249,ENT01612
REC003293,CORPORATE_BANKING,Anil Qureshi,9042981951,,"164, Avenue, Mumbai, Maharashtra - 442632",ACC02251,ENT01613
REC003294,RETAIL_CBS,KRITIKA CHAUHAN,,LSNCO1146B,"444, Layout, Jaipur, Rajasthan - 302316",ACC02252,ENT01614
REC003295,CORPORATE_BANKING,B. Patel,,KQYOL5840Q,,ACC02253,ENT01615
REC003296,CORPORATE_BANKING,Patel Balaji,,,"68, Extension, Kolkata, West Bengal - 259858",ACC02254,ENT01615
REC003297,CORPORATE_BANKING,Balaji Patel,6495031029,KQYOL5840Q,"68, Extension, Kolkata, West Bengal - 259858",ACC02255,ENT01615
REC003298,RETAIL_CBS,VINOD MALHOTRA,9313885809,JWANE3610U,,ACC02256,ENT01616
REC003299,CORPORATE_BANKING,Vinod Malhotra & Sons,9313885809,JWANE3610U,"163, Layout, Pune, Maharashtra - 649388",ACC02256,ENT01616
REC003300,CORPORATE_BANKING,Vinod Malhotra,9313885809,JWANE3610U,,ACC02256,ENT01616
REC003301,CORPORATE_BANKING,V. Saxena,8334025705,FNWQX9433R,"984, Nagar, Chennai, Tamil Nadu - 253435",ACC02257,ENT01617
REC003302,CORPORATE_BANKING,Bansal Irfan,6614231129,UZENA2631A,"363, Nagar, Kochi, Kerala - 499196",ACC02259,ENT01618
REC003303,CORPORATE_BANKING,IRFAN BANSAL,6614231129,UZENA2631A,,ACC02259,ENT01618
REC003304,CORPORATE_BANKING,Irfan Bnasal,6614231129,UZENA2631A,"363, Nagar, Kochi, Kerala - 499196",ACC02259,ENT01618
REC003305,RETAIL_CBS,Rekha Sidhu & Sons,,SCVPZ0313P,"629, Nagar, Lucknow, Uttar Pradesh - 255719",ACC02260,ENT01619
REC003306,CORPORATE_BANKING,M. Ahmed,6581357191,,,ACC02261,ENT01620
REC003307,RETAIL_CBS,Usha Banerjee,6011996215,,,ACC02262,ENT01621
REC003308,CORPORATE_BANKING,USHA BANERJEE,6011996215,TKKUQ3056G,"677, Colony, Delhi, Delhi - 665816",ACC02263,ENT01621
REC003309,CORPORATE_BANKING,Shreya Ydaav,,DAWHU4756O,"597, Layout, Nagpur, Maharashtra - 571308",ACC02265,ENT01622
REC003310,RETAIL_CBS,Kumar Gopal,,PGQNC0172G,"563, Colony, Bhopal, Madhya Pradesh - 207431",ACC02266,ENT01623
REC003311,RETAIL_CBS,KAVITA BOSE,7355725278,RPOXK9514B,"108, Extension, Kolkata, West Bengal - 550594",ACC02267,ENT01624
REC003312,RETAIL_CBS,K. Bose,7355725278,RPOXK9514B,"108, Extension, Kolkata, West Bengal - 550594",ACC02267,ENT01624
REC003313,RETAIL_CBS,Kavita Bose & Sons,7355725278,RPOXK9514B,"108, Extension, Kolkata, West Bengal - 550594",ACC02267,ENT01624
REC003314,RETAIL_CBS,Naveen Glil,8214015737,SAHXF0574V,"771, Nagar, Kochi, Kerala - 661413",ACC02268,ENT01625
REC003315,RETAIL_CBS,S. Tiwari,7536822810,VPQKY0319T,"901, Extension, Chandigarh, Punjab - 560372",ACC02271,ENT01626
REC003316,RETAIL_CBS,Gaurav Kaur,7735584334,WRBIY2502L,"880, Nagar, Thiruvananthapuram, Kerala - 387594",ACC02273,ENT01627
REC003317,CORPORATE_BANKING,Gaurav Kaur & Sons,7735584334,WRBIY2502L,,ACC02274,ENT01627
REC003318,RETAIL_CBS,Harish Dhilon,,HLQJB1847F,,ACC02276,ENT01628
REC003319,RETAIL_CBS,S. Kapoor,,,"284, Main Road, Jaipur, Rajasthan - 169834",ACC02277,ENT01629
REC003320,RETAIL_CBS,Shreya Kaoor,6603552345,ENKYL0804C,"284, Main Road, Jaipur, Rajasthan - 169834",ACC02278,ENT01629
REC003321,RETAIL_CBS,Kritika Veram,8498625163,JMGIN2936Q,"998, Layout, Mysuru, Karnataka - 205378",ACC02279,ENT01630
REC003322,CORPORATE_BANKING,Verma Kritika,8498625163,JMGIN2936Q,,ACC02280,ENT01630
REC003323,RETAIL_CBS,Kritika Verma,8498625163,JMGIN2936Q,"998, Layout, Mysuru, Karnataka - 205378",ACC02279,ENT01630
REC003324,CORPORATE_BANKING,Pankaj Khan & Sons,8897005404,,"722, Colony, Jaipur, Rajasthan - 368759",ACC02281,ENT01631
REC003325,RETAIL_CBS,PANKAJ KHAN,8897005404,,,ACC02281,ENT01631
REC003326,CORPORATE_BANKING,R. Qureshi,9097573080,GBDXI3328N,"775, Layout, Madurai, Tamil Nadu - 294424",ACC02282,ENT01632
REC003327,RETAIL_CBS,Fatima Singh & Sons,,QYTRM2240H,"690, Colony, Bengaluru, Karnataka - 418291",ACC02283,ENT01633
REC003328,CORPORATE_BANKING,F. Singh,9210010893,,,ACC02283,ENT01633
REC003329,CORPORATE_BANKING,FATIMA SINGH,,QYTRM2240H,,ACC02283,ENT01633
REC003330,CORPORATE_BANKING,SANDEEP KHAN,7736151731,SQBEH2485X,"263, Main Road, Bhopal, Madhya Pradesh - 319224",ACC02284,ENT01634
REC003331,CORPORATE_BANKING,S. Khan,7736151731,SQBEH2485X,"263, Main Road, Bhopal, Madhya Pradesh - 319224",ACC02285,ENT01634
REC003332,CORPORATE_BANKING,Anjali Pillai,7876750061,VHNQE4755M,"316, Colony, Patna, Bihar - 449832",ACC02286,ENT01635
REC003333,CORPORATE_BANKING,Amandeep Sengupta & Sons,6886440276,YNHAT5887L,"941, Cross Street, Mumbai, Maharashtra - 198948",ACC02287,ENT01636
REC003334,RETAIL_CBS,Amandeep Sengupta,6886440276,YNHAT5887L,"941, Cross Street, Mumbai, Maharashtra - 198948",ACC02288,ENT01636
REC003335,CORPORATE_BANKING,Vasantha Varghese,,AVOUB0925E,"280, Extension, Surat, Gujarat - 272492",ACC02289,ENT01637
REC003336,RETAIL_CBS,V. Varghese,,AVOUB0925E,"280, Extension, Surat, Gujarat - 272492",ACC02289,ENT01637
REC003337,RETAIL_CBS,Gill Vinod,6950508782,GYRID5181Q,"369, Avenue, Coimbatore, Tamil Nadu - 252445",ACC02290,ENT01638
REC003338,CORPORATE_BANKING,Vinod Gill,6950508782,GYRID5181Q,"369, Avenue, Coimbatore, Tamil Nadu - 252445",ACC02291,ENT01638
REC003339,CORPORATE_BANKING,V. Malhotra,9702608194,IMKNJ4798Y,,ACC02292,ENT01639
REC003340,RETAIL_CBS,Malhotra Vinod,9702608194,IMKNJ4798Y,"558, Main Road, Madurai, Tamil Nadu - 491170",ACC02292,ENT01639
REC003341,CORPORATE_BANKING,Vinod Malhotra,9702608194,IMKNJ4798Y,"558, Main Road, Madurai, Tamil Nadu - 491170",ACC02292,ENT01639
REC003342,CORPORATE_BANKING,Nithya Pnadey,6177831587,HSAJB4286T,"2, Layout, Bengaluru, Karnataka - 609017",ACC02293,ENT01640
REC003343,RETAIL_CBS,Aarti Dhillon,6182007763,IQYRV7343D,,ACC02295,ENT01641
REC003344,RETAIL_CBS,Aarti Dhillno,6182007763,IQYRV7343D,"456, Main Road, Ahmedabad, Gujarat - 347761",ACC02296,ENT01641
REC003345,CORPORATE_BANKING,Aarti Dhillon & Sons,6182007763,,"456, Main Road, Ahmedabad, Gujarat - 347761",ACC02297,ENT01641
REC003346,CORPORATE_BANKING,Thomas Gupta & Sons,8171499424,FCDGN0182Z,,ACC02298,ENT01642
REC003347,RETAIL_CBS,Gupta Thomas,,,,ACC02298,ENT01642
REC003348,CORPORATE_BANKING,Thomas Gutpa,,FCDGN0182Z,"100, Extension, Kochi, Kerala - 298305",ACC02298,ENT01642
REC003349,CORPORATE_BANKING,FATIMA DHILLON,9834804956,,"174, Nagar, Jaipur, Rajasthan - 541546",ACC02299,ENT01643
REC003350,CORPORATE_BANKING,Dhillon Fatima,9834804956,TIWNC3361X,"174, Nagar, Jaipur, Rajasthan - 541546",ACC02299,ENT01643
REC003351,CORPORATE_BANKING,F. Dhillon,9834804956,TIWNC3361X,"174, Nagar, Jaipur, Rajasthan - 541546",ACC02299,ENT01643
REC003352,CORPORATE_BANKING,Priya Ydaav,7825658230,,,ACC02300,ENT01644
REC003353,CORPORATE_BANKING,Priya Yadav,7825658230,,,ACC02300,ENT01644
REC003354,CORPORATE_BANKING,Neha Gill,,GRZAX6220U,"411, Layout, Mysuru, Karnataka - 105258",ACC02301,ENT01645
REC003355,RETAIL_CBS,N. Gill,9633450832,GRZAX6220U,"411, Layout, Mysuru, Karnataka - 105258",ACC02301,ENT01645
REC003356,CORPORATE_BANKING,Gill Neha,9633450832,GRZAX6220U,,ACC02301,ENT01645
REC003357,CORPORATE_BANKING,Manoj Meha,7701884684,GCTLB6772P,"281, Layout, Madurai, Tamil Nadu - 547775",ACC02302,ENT01646
REC003358,CORPORATE_BANKING,M. Mehta,,GCTLB6772P,,ACC02302,ENT01646
REC003359,RETAIL_CBS,Thomas Pilali,,,"941, Extension, Chennai, Tamil Nadu - 683374",ACC02303,ENT01647
REC003360,CORPORATE_BANKING,Pillai Thomas,7939055428,PASJV5211P,,ACC02304,ENT01647
REC003361,CORPORATE_BANKING,Bansal Vikram,,,"402, Colony, Chennai, Tamil Nadu - 446302",ACC02305,ENT01648
REC003362,RETAIL_CBS,Vikram Bansal & Sons,7754700881,SRRXN6680T,,ACC02306,ENT01648
REC003363,RETAIL_CBS,Lakshmi Pilai,8607671941,,"914, Cross Street, Patna, Bihar - 459735",ACC02307,ENT01649
REC003364,RETAIL_CBS,L. Pillai,,,"914, Cross Street, Patna, Bihar - 459735",ACC02307,ENT01649
REC003365,RETAIL_CBS,IMRAN VARGHESE,,,"315, Nagar, Kochi, Kerala - 296557",ACC02308,ENT01650
REC003366,CORPORATE_BANKING,Nisha Sxaena,6902367733,CCEVM8757H,,ACC02310,ENT01651
REC003367,RETAIL_CBS,Nisha Saxna,,CCEVM8757H,,ACC02310,ENT01651
REC003368,RETAIL_CBS,Nisha Saxena,6902367733,CCEVM8757H,,ACC02310,ENT01651
REC003369,CORPORATE_BANKING,NEHA SHEIKH,6478024975,BDEXB9799K,"572, Layout, Thiruvananthapuram, Kerala - 154878",ACC02311,ENT01652
REC003370,RETAIL_CBS,Neha Sheikh,,BDEXB9799K,"572, Layout, Thiruvananthapuram, Kerala - 154878",ACC02312,ENT01652
REC003371,RETAIL_CBS,Gupta Rajwinder,,BPTPS1409X,"796, Nagar, Mumbai, Maharashtra - 523833",ACC02313,ENT01653
REC003372,RETAIL_CBS,R. Gupta,6128397554,BPTPS1409X,"796, Nagar, Mumbai, Maharashtra - 523833",ACC02313,ENT01653
REC003373,RETAIL_CBS,Vinod Johsi,6751157378,FZFCP1479A,,ACC02314,ENT01654
REC003374,RETAIL_CBS,Meena Rao & Sons,6293363072,RABOH3669T,,ACC02316,ENT01655
REC003375,RETAIL_CBS,M. Rao,,RABOH3669T,"130, Cross Street, Bengaluru, Karnataka - 518094",ACC02316,ENT01655
REC003376,CORPORATE_BANKING,M. Iyer,8303714695,ZRNCI7958O,"532, Extension, Kolkata, West Bengal - 288201",ACC02317,ENT01656
REC003377,CORPORATE_BANKING,Iyer Manpreet,8303714695,ZRNCI7958O,"532, Extension, Kolkata, West Bengal - 288201",ACC02317,ENT01656
REC003378,RETAIL_CBS,Varghese Joseph,,,"262, Nagar, Chennai, Tamil Nadu - 494510",ACC02318,ENT01657
REC003379,RETAIL_CBS,JOSEPH VARGHESE,6010008566,UNOFZ6721U,"262, Nagar, Chennai, Tamil Nadu - 494510",ACC02318,ENT01657
REC003380,CORPORATE_BANKING,Joseph Varghese & Sons,6010008566,,,ACC02318,ENT01657
REC003381,RETAIL_CBS,Zubair Paetl,8892286383,EMTWJ5706X,,ACC02319,ENT01658
REC003382,RETAIL_CBS,Rekha Pillai & Sons,9578359389,NULWP3320M,,ACC02320,ENT01659
REC003383,CORPORATE_BANKING,L. Mehta,,KSKJK7508Z,"360, Layout, Madurai, Tamil Nadu - 140915",ACC02322,ENT01660
REC003384,RETAIL_CBS,Lakshmi Mehat,8262836811,KSKJK7508Z,"360, Layout, Madurai, Tamil Nadu - 140915",ACC02322,ENT01660
REC003385,RETAIL_CBS,Mehta Lakshmi,8262836811,KSKJK7508Z,"360, Layout, Madurai, Tamil Nadu - 140915",ACC02322,ENT01660
REC003386,CORPORATE_BANKING,Imran Naidu & Sons,8153941667,KOAFV2256F,,ACC02323,ENT01661
REC003387,RETAIL_CBS,I. Naidu,,KOAFV2256F,,ACC02324,ENT01661
REC003388,CORPORATE_BANKING,Naidu Imran,8153941667,,"350, Main Road, Madurai, Tamil Nadu - 548272",ACC02323,ENT01661
REC003389,RETAIL_CBS,U. Agarwal,8005176275,BASRF6452I,,ACC02325,ENT01662
REC003390,RETAIL_CBS,Usha Agarwal & Sons,8005176275,BASRF6452I,"133, Colony, Bhopal, Madhya Pradesh - 274883",ACC02325,ENT01662
REC003391,CORPORATE_BANKING,Sanjay Padey,9359216661,JBABD1772H,"417, Layout, Bhopal, Madhya Pradesh - 216525",ACC02326,ENT01663
REC003392,CORPORATE_BANKING,Sanjay Pandey & Sons,9359216661,JBABD1772H,,ACC02326,ENT01663
REC003393,RETAIL_CBS,S. Pandey,9359216661,JBABD1772H,"417, Layout, Bhopal, Madhya Pradesh - 216525",ACC02326,ENT01663
REC003394,RETAIL_CBS,Saxena Kiran,6211681849,CFDGV0737B,"369, Layout, Thiruvananthapuram, Kerala - 126546",ACC02327,ENT01664
REC003395,RETAIL_CBS,Kiran Saena,,CFDGV0737B,"369, Layout, Thiruvananthapuram, Kerala - 126546",ACC02327,ENT01664
REC003396,CORPORATE_BANKING,Kiran Saxena,6211681849,,"369, Layout, Thiruvananthapuram, Kerala - 126546",ACC02327,ENT01664
REC003397,CORPORATE_BANKING,Desai Ritu,6946442569,,"50, Avenue, Jaipur, Rajasthan - 467160",ACC02328,ENT01665
REC003398,RETAIL_CBS,SUNIL SAXENA,7554876911,,"898, Cross Street, Jaipur, Rajasthan - 111775",ACC02329,ENT01666
REC003399,CORPORATE_BANKING,Meena Mlhotra,7933497897,LDPUJ4129L,"954, Cross Street, Jaipur, Rajasthan - 494876",ACC02332,ENT01667
REC003400,CORPORATE_BANKING,G. Gill,,ODKUX5924W,,ACC02333,ENT01668
REC003401,CORPORATE_BANKING,MAHESH GUPTA,7503324778,KJBHJ1984U,,ACC02334,ENT01669
REC003402,CORPORATE_BANKING,Mahesh Gupa,7503324778,,,ACC02334,ENT01669
REC003403,CORPORATE_BANKING,Gupta Mahesh,7503324778,,"956, Extension, Chennai, Tamil Nadu - 181874",ACC02334,ENT01669
REC003404,CORPORATE_BANKING,Nithya Desai,8591261590,YNQNK5004J,,ACC02335,ENT01670
REC003405,CORPORATE_BANKING,Nithya Deasi,8591261590,YNQNK5004J,"484, Avenue, Bengaluru, Karnataka - 415385",ACC02335,ENT01670
REC003406,RETAIL_CBS,Vikram Thomsa,9954077841,,"699, Main Road, Bhopal, Madhya Pradesh - 251604",ACC02336,ENT01671
REC003407,CORPORATE_BANKING,K. Jain,,HRUZU9602P,"202, Layout, Bhopal, Madhya Pradesh - 563681",ACC02337,ENT01672
REC003408,RETAIL_CBS,Jain Karthik,,HRUZU9602P,"202, Layout, Bhopal, Madhya Pradesh - 563681",ACC02337,ENT01672
REC003409,RETAIL_CBS,Karthik Jain & Sons,9987937172,,"202, Layout, Bhopal, Madhya Pradesh - 563681",ACC02337,ENT01672
REC003410,CORPORATE_BANKING,V. Pillai & Sons,9423270961,DLTBI4504H,,ACC02338,ENT01673
REC003411,RETAIL_CBS,Vinod Pillai & Sons,,DLTBI4504H,"889, Colony, Ahmedabad, Gujarat - 596146",ACC02339,ENT01673
REC003412,CORPORATE_BANKING,Priya Shiekh,8395694592,PNQTC6818P,"34, Nagar, Chennai, Tamil Nadu - 617300",ACC02340,ENT01674
REC003413,CORPORATE_BANKING,PRIYA SHEIKH,8395694592,,,ACC02340,ENT01674
REC003414,CORPORATE_BANKING,Sheikh Priya,,PNQTC6818P,"34, Nagar, Chennai, Tamil Nadu - 617300",ACC02340,ENT01674
REC003415,CORPORATE_BANKING,Manpreet Shha,9540362955,BOCQD5281E,,ACC02341,ENT01675
REC003416,RETAIL_CBS,Manpreet Shah,9540362955,BOCQD5281E,"494, Main Road, Kolkata, West Bengal - 504421",ACC02341,ENT01675
REC003417,RETAIL_CBS,Ahmed Dinesh,,NKTHG6941Q,"251, Extension, Patna, Bihar - 617902",ACC02342,ENT01676
REC003418,RETAIL_CBS,Dinesh Ahemd,9640485715,NKTHG6941Q,"251, Extension, Patna, Bihar - 617902",ACC02343,ENT01676
REC003419,CORPORATE_BANKING,Sheikh Simran,8365095312,PVGOI8699T,"178, Colony, Coimbatore, Tamil Nadu - 512010",ACC02344,ENT01677
REC003420,CORPORATE_BANKING,Amit Trivedi,8056250757,SYYUE1578M,"792, Main Road, Chandigarh, Punjab - 156102",ACC02345,ENT01678
REC003421,RETAIL_CBS,Amit Trivei,,SYYUE1578M,"792, Main Road, Chandigarh, Punjab - 156102",ACC02345,ENT01678
REC003422,RETAIL_CBS,KRITIKA THOMAS,,,,ACC02346,ENT01679
REC003423,CORPORATE_BANKING,Kritika Thomas,7102366249,HTNOW9667R,"938, Main Road, Delhi, Delhi - 575568",ACC02346,ENT01679
REC003424,CORPORATE_BANKING,Thomas Kritika,7102366249,HTNOW9667R,,ACC02346,ENT01679
REC003425,RETAIL_CBS,N. Ghosh,9882819474,,,ACC02347,ENT01680
REC003426,RETAIL_CBS,Arjun Ghosh & Sons,8503846020,TIMGO4196E,"628, Main Road, Coimbatore, Tamil Nadu - 654630",ACC02348,ENT01681
REC003427,CORPORATE_BANKING,Harleen Gill & Sons,,FWRSR7735B,"569, Cross Street, Delhi, Delhi - 277366",ACC02349,ENT01682
REC003428,RETAIL_CBS,Nitin Nair & Sons,6335220897,GLPOV4108K,"87, Cross Street, Patna, Bihar - 122118",ACC02350,ENT01683
REC003429,CORPORATE_BANKING,N. Nair,6335220897,GLPOV4108K,"87, Cross Street, Patna, Bihar - 122118",ACC02350,ENT01683
REC003430,CORPORATE_BANKING,Nitin Nair,6335220897,,"87, Cross Street, Patna, Bihar - 122118",ACC02350,ENT01683
REC003431,CORPORATE_BANKING,Deepa Kumar,6139142527,XZINA2978D,"401, Main Road, Chandigarh, Punjab - 139571",ACC02351,ENT01684
REC003432,CORPORATE_BANKING,DEEPA KUMAR,,XZINA2978D,,ACC02351,ENT01684
REC003433,RETAIL_CBS,Dinesh Sidhu & Sons,7485257356,,"674, Nagar, Mumbai, Maharashtra - 546846",ACC02352,ENT01685
REC003434,CORPORATE_BANKING,Dinesh Siduh,7485257356,WWMXT3451G,"674, Nagar, Mumbai, Maharashtra - 546846",ACC02353,ENT01685
REC003435,CORPORATE_BANKING,Dinesh Sidhu,7485257356,WWMXT3451G,"674, Nagar, Mumbai, Maharashtra - 546846",ACC02352,ENT01685
REC003436,RETAIL_CBS,Sharma Swati,8095542304,YUGGA0446O,"198, Layout, Bhopal, Madhya Pradesh - 498417",ACC02354,ENT01686
REC003437,RETAIL_CBS,SNEHA TIWARI,6054280103,PSGKP6572D,,ACC02355,ENT01687
REC003438,CORPORATE_BANKING,Sneha Tiwari & Sons,6054280103,PSGKP6572D,,ACC02355,ENT01687
REC003439,CORPORATE_BANKING,Sneha Tiwari,6054280103,PSGKP6572D,,ACC02355,ENT01687
REC003440,CORPORATE_BANKING,KALPANA VERMA,6059477106,MYFQI1626D,"85, Nagar, Lucknow, Uttar Pradesh - 307921",ACC02356,ENT01688
REC003441,RETAIL_CBS,Ramesh Sheih,7335368383,KAQRA7468Q,,ACC02357,ENT01689
REC003442,CORPORATE_BANKING,Ramesh Sheikh & Sons,7335368383,KAQRA7468Q,"608, Nagar, Pune, Maharashtra - 141752",ACC02358,ENT01689
REC003443,CORPORATE_BANKING,Sheikh Ramesh,,KAQRA7468Q,"608, Nagar, Pune, Maharashtra - 141752",ACC02357,ENT01689
REC003444,RETAIL_CBS,Manisha Mneon,,GHLBA6746H,"127, Layout, Madurai, Tamil Nadu - 480575",ACC02359,ENT01690
REC003445,RETAIL_CBS,Manisha Menon,9002887225,GHLBA6746H,"127, Layout, Madurai, Tamil Nadu - 480575",ACC02359,ENT01690
REC003446,CORPORATE_BANKING,Manisha Menn,9002887225,GHLBA6746H,,ACC02359,ENT01690
REC003447,RETAIL_CBS,Sarita Bansal & Sons,6339810107,LQIZP7457X,,ACC02360,ENT01691
REC003448,CORPORATE_BANKING,SARITA BANSAL,6339810107,LQIZP7457X,"601, Nagar, Kochi, Kerala - 513869",ACC02360,ENT01691
REC003449,RETAIL_CBS,Sarita Bansl,6339810107,LQIZP7457X,"601, Nagar, Kochi, Kerala - 513869",ACC02360,ENT01691
REC003450,CORPORATE_BANKING,Deepa Chattejree,8273130801,TOHJG7463Z,,ACC02361,ENT01692
REC003451,RETAIL_CBS,Pandey Kiran,,,,ACC02362,ENT01693
REC003452,RETAIL_CBS,SWATI MALHOTRA,7173122473,MUQZV7571W,"656, Layout, Thiruvananthapuram, Kerala - 528694",ACC02363,ENT01694
REC003453,CORPORATE_BANKING,Shreya Dbey,6607396842,CKLMB4702M,"459, Avenue, Bhopal, Madhya Pradesh - 154303",ACC02364,ENT01695
REC003454,CORPORATE_BANKING,Shreya Dubey & Sons,,CKLMB4702M,"459, Avenue, Bhopal, Madhya Pradesh - 154303",ACC02364,ENT01695
REC003455,CORPORATE_BANKING,Shreya Dbuey,6607396842,CKLMB4702M,"459, Avenue, Bhopal, Madhya Pradesh - 154303",ACC02364,ENT01695
REC003456,RETAIL_CBS,Shah Venkatesh,7470902699,VRZBL5279R,"533, Colony, Delhi, Delhi - 469185",ACC02365,ENT01696
REC003457,CORPORATE_BANKING,Venkatesh Shah,7470902699,,"533, Colony, Delhi, Delhi - 469185",ACC02365,ENT01696
REC003458,RETAIL_CBS,V. Shah,7470902699,VRZBL5279R,"533, Colony, Delhi, Delhi - 469185",ACC02365,ENT01696
REC003459,RETAIL_CBS,Sangeeta Gill,7000602559,,"674, Colony, Jaipur, Rajasthan - 518176",ACC02366,ENT01697
REC003460,RETAIL_CBS,Anita Catterjee,9385732767,SZGBF2808X,"209, Colony, Surat, Gujarat - 236080",ACC02367,ENT01698
REC003461,RETAIL_CBS,Anita Chatterjee,9385732767,SZGBF2808X,"209, Colony, Surat, Gujarat - 236080",ACC02367,ENT01698
REC003462,RETAIL_CBS,Zubair Dhillon & Sons,8612500081,HPMWY9837Y,,ACC02368,ENT01699
REC003463,CORPORATE_BANKING,Zubair Dhilon,,HPMWY9837Y,"42, Cross Street, Lucknow, Uttar Pradesh - 618630",ACC02368,ENT01699
REC003464,CORPORATE_BANKING,Zubair Dhillon,,HPMWY9837Y,"42, Cross Street, Lucknow, Uttar Pradesh - 618630",ACC02368,ENT01699
REC003465,RETAIL_CBS,Simran Sngh,7202629721,KZIDH7388X,"237, Cross Street, Pune, Maharashtra - 344419",ACC02369,ENT01700
REC003466,RETAIL_CBS,Simran Singh & Sons,7202629721,KZIDH7388X,"237, Cross Street, Pune, Maharashtra - 344419",ACC02369,ENT01700
REC003467,CORPORATE_BANKING,Vijay Vera,8461880670,DZYTO9944E,"496, Colony, Pune, Maharashtra - 145433",ACC02370,ENT01701
REC003468,RETAIL_CBS,Vinod Desia,,LIIPN9268H,"289, Colony, Delhi, Delhi - 229830",ACC02371,ENT01702
REC003469,CORPORATE_BANKING,VINOD DESAI,8287317810,LIIPN9268H,"289, Colony, Delhi, Delhi - 229830",ACC02372,ENT01702
REC003470,CORPORATE_BANKING,Desai Vinod,8287317810,,,ACC02371,ENT01702
REC003471,RETAIL_CBS,L. Bansal,,BQSFC9587Y,,ACC02373,ENT01703
REC003472,RETAIL_CBS,Mehta Ramesh,,WTUNZ4195H,"878, Layout, Pune, Maharashtra - 652531",ACC02375,ENT01704
REC003473,RETAIL_CBS,RAMESH MEHTA,7369720969,WTUNZ4195H,,ACC02376,ENT01704
REC003474,CORPORATE_BANKING,Padma Nadu,,NBWBM8082C,,ACC02377,ENT01705
REC003475,RETAIL_CBS,Sneha Mehta,6617570934,AJJMT2874Z,"809, Extension, Lucknow, Uttar Pradesh - 456254",ACC02378,ENT01706
REC003476,RETAIL_CBS,Sneha Meta,6617570934,AJJMT2874Z,,ACC02378,ENT01706
REC003477,CORPORATE_BANKING,SANGEETA NAIR,6030942721,,,ACC02379,ENT01707
REC003478,RETAIL_CBS,Sangeeta Nair,,SWHMZ5816Y,"777, Main Road, Patna, Bihar - 298383",ACC02379,ENT01707
REC003479,RETAIL_CBS,S. Nair,,SWHMZ5816Y,"777, Main Road, Patna, Bihar - 298383",ACC02379,ENT01707
REC003480,CORPORATE_BANKING,Deepak Chatterjee,,CYCEN7935W,"744, Nagar, Surat, Gujarat - 622068",ACC02380,ENT01708
REC003481,CORPORATE_BANKING,Lakshmi Verma & Sons,8385743806,FYTAF9518L,,ACC02381,ENT01709
REC003482,CORPORATE_BANKING,Sunil Joshi & Sons,9335415713,FMWAE7921T,"107, Colony, Chennai, Tamil Nadu - 247779",ACC02382,ENT01710
REC003483,RETAIL_CBS,Sunil Joshi,9335415713,,,ACC02382,ENT01710
REC003484,CORPORATE_BANKING,SUNIL JOSHI,,FMWAE7921T,"107, Colony, Chennai, Tamil Nadu - 247779",ACC02382,ENT01710
REC003485,CORPORATE_BANKING,Nair Balaji,9029877808,KERDQ5963U,"502, Avenue, Mumbai, Maharashtra - 534176",ACC02383,ENT01711
REC003486,RETAIL_CBS,Bose Sowmya,7949247286,GIRRY2440L,"970, Avenue, Kochi, Kerala - 308868",ACC02384,ENT01712
REC003487,CORPORATE_BANKING,Sowmya Boes,7949247286,GIRRY2440L,,ACC02384,ENT01712
REC003488,RETAIL_CBS,Sowmya Bose & Sons,7949247286,GIRRY2440L,,ACC02384,ENT01712
REC003489,CORPORATE_BANKING,A. Ansari,6969038665,HTHNV5033I,"412, Main Road, Coimbatore, Tamil Nadu - 175016",ACC02385,ENT01713
REC003490,CORPORATE_BANKING,Amandeep Ansari,6969038665,HTHNV5033I,"412, Main Road, Coimbatore, Tamil Nadu - 175016",ACC02386,ENT01713
REC003491,CORPORATE_BANKING,Amandeep Ansair,,,"412, Main Road, Coimbatore, Tamil Nadu - 175016",ACC02387,ENT01713
REC003492,RETAIL_CBS,SUSAN SHAH,8394226855,UJOMJ4458O,"85, Avenue, Coimbatore, Tamil Nadu - 470711",ACC02388,ENT01714
REC003493,CORPORATE_BANKING,V. Trivedi,6090924245,RIVMM5177B,"668, Cross Street, Surat, Gujarat - 166576",ACC02389,ENT01715
REC003494,CORPORATE_BANKING,M. Pillai,,SSHTO6844J,"938, Extension, Thiruvananthapuram, Kerala - 694859",ACC02390,ENT01716
REC003495,CORPORATE_BANKING,MANISHA PILLAI,,,"938, Extension, Thiruvananthapuram, Kerala - 694859",ACC02391,ENT01716
REC003496,RETAIL_CBS,ZEENAT SIDHU,9501426487,SLPAA9645G,,ACC02392,ENT01717
REC003497,RETAIL_CBS,Naidu Ritu,9980764065,EFNUB9906P,"405, Cross Street, Pune, Maharashtra - 569704",ACC02393,ENT01718
REC003498,RETAIL_CBS,Ritu Naidu & Sons,,EFNUB9906P,"405, Cross Street, Pune, Maharashtra - 569704",ACC02393,ENT01718
REC003499,RETAIL_CBS,R. Naidu,9980764065,EFNUB9906P,"405, Cross Street, Pune, Maharashtra - 569704",ACC02393,ENT01718
REC003500,CORPORATE_BANKING,Anil Dhillon,7940821916,XKGLO7468B,"281, Avenue, Coimbatore, Tamil Nadu - 128955",ACC02394,ENT01719
REC003501,RETAIL_CBS,Anil Dhillon & Sons,7940821916,XKGLO7468B,"281, Avenue, Coimbatore, Tamil Nadu - 128955",ACC02395,ENT01719
REC003502,CORPORATE_BANKING,JYOTI CHAUHAN,7467940995,JLPGC1513Y,"124, Extension, Kolkata, West Bengal - 124599",ACC02396,ENT01720
REC003503,RETAIL_CBS,Jyoti Chauahn,7467940995,JLPGC1513Y,,ACC02396,ENT01720
REC003504,CORPORATE_BANKING,Jyoti Chauhan & Sons,7467940995,,"124, Extension, Kolkata, West Bengal - 124599",ACC02396,ENT01720
REC003505,RETAIL_CBS,Neha Bhatt & Sons,6297273911,NXHWK8040K,"532, Main Road, Coimbatore, Tamil Nadu - 276738",ACC02397,ENT01721
REC003506,RETAIL_CBS,NEHA BHATT,6297273911,,"532, Main Road, Coimbatore, Tamil Nadu - 276738",ACC02398,ENT01721
REC003507,RETAIL_CBS,S. Thomas,6338197154,,"442, Layout, Delhi, Delhi - 415084",ACC02400,ENT01722
REC003508,RETAIL_CBS,Muthu Ahmde,,XTWLE4436B,"495, Extension, Lucknow, Uttar Pradesh - 423169",ACC02402,ENT01723
REC003509,CORPORATE_BANKING,Muthu Ahmed & Sons,6498790144,XTWLE4436B,,ACC02402,ENT01723
REC003510,RETAIL_CBS,P. Bansal,,TGSMK4192K,,ACC02403,ENT01724
REC003511,CORPORATE_BANKING,Pooja Banasl,9148243501,TGSMK4192K,,ACC02403,ENT01724
REC003512,CORPORATE_BANKING,R. Jain,7059463424,OMULZ7722R,"275, Extension, Thiruvananthapuram, Kerala - 162836",ACC02404,ENT01725
REC003513,CORPORATE_BANKING,Vandana Sengupta,9408144646,,"199, Avenue, Kolkata, West Bengal - 123495",ACC02406,ENT01726
REC003514,RETAIL_CBS,Vandana Segnupta,9408144646,CYKGJ1907T,"199, Avenue, Kolkata, West Bengal - 123495",ACC02406,ENT01726
REC003515,CORPORATE_BANKING,Anita Plilai,,WGOUP9820L,"161, Avenue, Kolkata, West Bengal - 392774",ACC02407,ENT01727
REC003516,CORPORATE_BANKING,A. Pillai,9733579161,WGOUP9820L,,ACC02407,ENT01727
REC003517,CORPORATE_BANKING,Pillai Anita,9733579161,WGOUP9820L,"161, Avenue, Kolkata, West Bengal - 392774",ACC02407,ENT01727
REC003518,RETAIL_CBS,PREETHI PATEL,7804209455,NSNBC3050J,,ACC02408,ENT01728
REC003519,RETAIL_CBS,Anita Jsohi,,GNBEG6796G,,ACC02409,ENT01729
REC003520,RETAIL_CBS,A. Joshi,7644436887,GNBEG6796G,,ACC02409,ENT01729
REC003521,CORPORATE_BANKING,ANITA JOSHI,7644436887,,,ACC02409,ENT01729
REC003522,CORPORATE_BANKING,Pillai & Sons Venkatesh,9549270973,TGZTU0353N,"384, Layout, Thiruvananthapuram, Kerala - 425670",ACC02410,ENT01730
REC003523,RETAIL_CBS,Swati Pilai,,NSOEB4586T,"122, Colony, Coimbatore, Tamil Nadu - 427044",ACC02411,ENT01731
REC003524,CORPORATE_BANKING,S. Pillai,,NSOEB4586T,,ACC02412,ENT01731
REC003525,CORPORATE_BANKING,Khan Sandeep,8450272562,,,ACC02413,ENT01732
REC003526,CORPORATE_BANKING,S. Khan,8450272562,KCPFJ4331V,"633, Cross Street, Lucknow, Uttar Pradesh - 357074",ACC02414,ENT01732
REC003527,RETAIL_CBS,Gill Thomas,8119395407,SRICH5068R,"222, Nagar, Bengaluru, Karnataka - 552825",ACC02415,ENT01733
REC003528,CORPORATE_BANKING,Ghosh Vasantha,8325414674,BLVTW6649W,"368, Main Road, Mysuru, Karnataka - 614162",ACC02416,ENT01734
REC003529,RETAIL_CBS,Chauhan Balaji,7305924026,UDMGL6196J,"949, Main Road, Kolkata, West Bengal - 593647",ACC02417,ENT01735
REC003530,RETAIL_CBS,S. Mishra,7807373407,,"711, Cross Street, Bengaluru, Karnataka - 460106",ACC02418,ENT01736
REC003531,CORPORATE_BANKING,Shreya Mihra,7807373407,RREYT1674O,"711, Cross Street, Bengaluru, Karnataka - 460106",ACC02418,ENT01736
REC003532,RETAIL_CBS,Dinesh Ghosh,8630012778,,"137, Nagar, Mysuru, Karnataka - 224656",ACC02419,ENT01737
REC003533,CORPORATE_BANKING,DINESH GHOSH,8630012778,UYIUE3244Z,"137, Nagar, Mysuru, Karnataka - 224656",ACC02419,ENT01737
REC003534,CORPORATE_BANKING,Anita Naidu,8823888356,MXJPK7992K,"862, Colony, Ahmedabad, Gujarat - 285778",ACC02420,ENT01738
REC003535,RETAIL_CBS,Anita Nadiu,,MXJPK7992K,"862, Colony, Ahmedabad, Gujarat - 285778",ACC02420,ENT01738
REC003536,CORPORATE_BANKING,J. Bose,8864283007,MGGVM9401X,"83, Nagar, Mumbai, Maharashtra - 127007",ACC02421,ENT01739
REC003537,CORPORATE_BANKING,Jaspreet Bose & Sons,,,"83, Nagar, Mumbai, Maharashtra - 127007",ACC02421,ENT01739
REC003538,CORPORATE_BANKING,George Shha,7325324517,LNCQS3180W,"983, Layout, Pune, Maharashtra - 235282",ACC02422,ENT01740
REC003539,RETAIL_CBS,Dinesh Patel,7520959588,,,ACC02424,ENT01741
REC003540,RETAIL_CBS,H. Iyer,,VIHJV3332G,"848, Colony, Nagpur, Maharashtra - 474885",ACC02425,ENT01742
REC003541,CORPORATE_BANKING,Harleen Ieyr,9781318126,VIHJV3332G,,ACC02425,ENT01742
REC003542,CORPORATE_BANKING,RITU GUPTA,7849437748,JJRIG8468S,"72, Main Road, Hyderabad, Telangana - 592639",ACC02426,ENT01743
REC003543,RETAIL_CBS,Ritu Gupta,7849437748,JJRIG8468S,"72, Main Road, Hyderabad, Telangana - 592639",ACC02426,ENT01743
REC003544,RETAIL_CBS,R. Gupta,7849437748,JJRIG8468S,"72, Main Road, Hyderabad, Telangana - 592639",ACC02426,ENT01743
REC003545,RETAIL_CBS,Bose Preethi,7646126821,UOKST8153M,"258, Layout, Bengaluru, Karnataka - 662784",ACC02427,ENT01744
REC003546,CORPORATE_BANKING,Preethi Boes,,UOKST8153M,"258, Layout, Bengaluru, Karnataka - 662784",ACC02427,ENT01744
REC003547,CORPORATE_BANKING,P. Bose,7646126821,UOKST8153M,"258, Layout, Bengaluru, Karnataka - 662784",ACC02427,ENT01744
REC003548,RETAIL_CBS,Zubair Ansari & Sons,,,"79, Layout, Coimbatore, Tamil Nadu - 567212",ACC02428,ENT01745
REC003549,CORPORATE_BANKING,Qureshi Gaurav,6486310293,QQXTF3078R,"926, Colony, Coimbatore, Tamil Nadu - 388464",ACC02429,ENT01746
REC003550,RETAIL_CBS,Patel Naveen,6558196357,QRFHB8342O,"720, Layout, Mumbai, Maharashtra - 236397",ACC02430,ENT01747
REC003551,CORPORATE_BANKING,Naveen Patel & Sons,6558196357,QRFHB8342O,"720, Layout, Mumbai, Maharashtra - 236397",ACC02430,ENT01747
REC003552,CORPORATE_BANKING,N. Patel,6558196357,QRFHB8342O,"720, Layout, Mumbai, Maharashtra - 236397",ACC02430,ENT01747
REC003553,CORPORATE_BANKING,REKHA NAIDU,6013698962,LZCVF8408S,"137, Colony, Chandigarh, Punjab - 220842",ACC02431,ENT01748
REC003554,CORPORATE_BANKING,Rekha Naidu,6013698962,LZCVF8408S,"137, Colony, Chandigarh, Punjab - 220842",ACC02431,ENT01748
REC003555,CORPORATE_BANKING,Naidu Rekha,,LZCVF8408S,"137, Colony, Chandigarh, Punjab - 220842",ACC02431,ENT01748
REC003556,RETAIL_CBS,Manoj Kaur & Sons,6938302995,AMHXI0720B,"226, Colony, Delhi, Delhi - 193816",ACC02432,ENT01749
REC003557,CORPORATE_BANKING,Kaur Ritu,8944570185,YSUZK9465S,"441, Colony, Coimbatore, Tamil Nadu - 560335",ACC02433,ENT01750
REC003558,RETAIL_CBS,Ritu Kuar,8944570185,,"441, Colony, Coimbatore, Tamil Nadu - 560335",ACC02433,ENT01750
REC003559,RETAIL_CBS,Ritu Kaur & Sons,8944570185,,"441, Colony, Coimbatore, Tamil Nadu - 560335",ACC02433,ENT01750
REC003560,CORPORATE_BANKING,Zeenat Tiwari & Sons,,BWKAR8643N,"229, Main Road, Thiruvananthapuram, Kerala - 338203",ACC02434,ENT01751
REC003561,CORPORATE_BANKING,K. Naidu,,XLZNJ2517Y,"770, Layout, Lucknow, Uttar Pradesh - 586480",ACC02436,ENT01752
REC003562,CORPORATE_BANKING,Radha Ahmed & Sons,,HHVQI5178K,,ACC02437,ENT01753
REC003563,RETAIL_CBS,Ahmed Radha,7136554027,HHVQI5178K,"805, Main Road, Ahmedabad, Gujarat - 546027",ACC02437,ENT01753
REC003564,RETAIL_CBS,Vinod Gupta & Sons,8075257958,BNLPS2028M,"111, Nagar, Pune, Maharashtra - 136445",ACC02438,ENT01754
REC003565,CORPORATE_BANKING,Das Thomas,6863270577,FCDNK0858Z,,ACC02439,ENT01755
REC003566,RETAIL_CBS,T. Das,6863270577,FCDNK0858Z,"983, Extension, Delhi, Delhi - 450395",ACC02439,ENT01755
REC003567,CORPORATE_BANKING,Neha Iyer & Sons,8074245574,WIIUT4139G,"853, Main Road, Madurai, Tamil Nadu - 376925",ACC02440,ENT01756
REC003568,RETAIL_CBS,Ansari Sangeeta,8029677057,PALGT5502P,"382, Main Road, Mumbai, Maharashtra - 133273",ACC02441,ENT01757
REC003569,CORPORATE_BANKING,Pooja Gupta & Sons,7244302967,,"57, Nagar, Coimbatore, Tamil Nadu - 550388",ACC02442,ENT01758
REC003570,CORPORATE_BANKING,Pooja Gupta,7244302967,ZXXGW3855P,"57, Nagar, Coimbatore, Tamil Nadu - 550388",ACC02442,ENT01758
REC003571,CORPORATE_BANKING,S. Das,,LGQOB0690Q,"653, Avenue, Kochi, Kerala - 493022",ACC02443,ENT01759
REC003572,RETAIL_CBS,SNEHA DAS,,LGQOB0690Q,"653, Avenue, Kochi, Kerala - 493022",ACC02443,ENT01759
REC003573,RETAIL_CBS,Sneha Das & Sons,7345469795,LGQOB0690Q,,ACC02443,ENT01759
REC003574,RETAIL_CBS,Mahesh Niadu,8175265678,TOCJV8737L,"429, Extension, Bengaluru, Karnataka - 463539",ACC02444,ENT01760
REC003575,CORPORATE_BANKING,Iyer Rajwinder,7992632585,,"816, Avenue, Coimbatore, Tamil Nadu - 355282",ACC02445,ENT01761
REC003576,CORPORATE_BANKING,R. Iyer,7992632585,,,ACC02445,ENT01761
REC003577,RETAIL_CBS,Jain Manpreet,7855300607,ATJFB8824U,"253, Extension, Bengaluru, Karnataka - 113816",ACC02446,ENT01762
REC003578,CORPORATE_BANKING,Manpreet Jain,7855300607,,"253, Extension, Bengaluru, Karnataka - 113816",ACC02446,ENT01762
REC003579,CORPORATE_BANKING,Manpreet Jain & Sons,,,"253, Extension, Bengaluru, Karnataka - 113816",ACC02446,ENT01762
REC003580,RETAIL_CBS,Mishra Harleen,6600266546,EAULF5969A,"162, Avenue, Kochi, Kerala - 235261",ACC02447,ENT01763
REC003581,CORPORATE_BANKING,Harleen Mishra & Sons,6600266546,EAULF5969A,"162, Avenue, Kochi, Kerala - 235261",ACC02447,ENT01763
REC003582,CORPORATE_BANKING,Harleen Misrha,,EAULF5969A,,ACC02447,ENT01763
REC003583,CORPORATE_BANKING,K. Bose,7309352841,,"466, Extension, Patna, Bihar - 397469",ACC02448,ENT01764
REC003584,CORPORATE_BANKING,Shreya Chauhan,,EYMJK0575I,"415, Extension, Mysuru, Karnataka - 389711",ACC02449,ENT01765
REC003585,RETAIL_CBS,Rao Kavita,6348697352,YPSUP8295S,"312, Cross Street, Bengaluru, Karnataka - 620391",ACC02451,ENT01766
REC003586,RETAIL_CBS,K. Rao,6348697352,YPSUP8295S,,ACC02451,ENT01766
REC003587,RETAIL_CBS,Kavita Rao,6348697352,YPSUP8295S,"312, Cross Street, Bengaluru, Karnataka - 620391",ACC02451,ENT01766
REC003588,RETAIL_CBS,FATIMA THOMAS,,,"813, Main Road, Delhi, Delhi - 557852",ACC02452,ENT01767
REC003589,RETAIL_CBS,F. Thomas,,OAWIK5912D,"813, Main Road, Delhi, Delhi - 557852",ACC02453,ENT01767
REC003590,CORPORATE_BANKING,M. Pandey,8997488344,XNSGV1501I,"48, Nagar, Jaipur, Rajasthan - 600133",ACC02454,ENT01768
REC003591,CORPORATE_BANKING,Manisha Pandey,8997488344,XNSGV1501I,"48, Nagar, Jaipur, Rajasthan - 600133",ACC02454,ENT01768
REC003592,RETAIL_CBS,Manisha Pndey,8997488344,XNSGV1501I,"48, Nagar, Jaipur, Rajasthan - 600133",ACC02454,ENT01768
REC003593,CORPORATE_BANKING,Sowmya Iyer & Sons,9201389923,MVRZC1872L,"390, Extension, Bhopal, Madhya Pradesh - 417207",ACC02455,ENT01769
REC003594,CORPORATE_BANKING,SOWMYA IYER,9201389923,MVRZC1872L,,ACC02456,ENT01769
REC003595,CORPORATE_BANKING,Jain Rekha,6196089033,RLZIX8908C,"529, Cross Street, Mumbai, Maharashtra - 579740",ACC02457,ENT01770
REC003596,RETAIL_CBS,REKHA JAIN,6196089033,RLZIX8908C,"529, Cross Street, Mumbai, Maharashtra - 579740",ACC02457,ENT01770
REC003597,RETAIL_CBS,Balaji Saxea,6764615677,PWJUH6883V,"234, Extension, Kochi, Kerala - 515648",ACC02458,ENT01771
REC003598,CORPORATE_BANKING,Rohit Asnari,7847715742,XJCUH3868V,,ACC02460,ENT01772
REC003599,CORPORATE_BANKING,Rohit Ansari,,XJCUH3868V,,ACC02460,ENT01772
REC003600,CORPORATE_BANKING,Rohit Asari,7847715742,XJCUH3868V,,ACC02460,ENT01772
REC003601,CORPORATE_BANKING,DIVYA GUPTA,9856866621,ELFMU7349C,,ACC02461,ENT01773
REC003602,RETAIL_CBS,Divya Gputa,,ELFMU7349C,"132, Avenue, Ahmedabad, Gujarat - 367418",ACC02461,ENT01773
REC003603,RETAIL_CBS,Divya Gupta,9856866621,ELFMU7349C,"132, Avenue, Ahmedabad, Gujarat - 367418",ACC02461,ENT01773
REC003604,RETAIL_CBS,Joshi Geeta,8571992236,UGJZF5568E,"484, Nagar, Chennai, Tamil Nadu - 267888",ACC02462,ENT01774
REC003605,RETAIL_CBS,GEETA JOSHI,8571992236,,"484, Nagar, Chennai, Tamil Nadu - 267888",ACC02462,ENT01774
REC003606,CORPORATE_BANKING,Manisha Mukherjee & Sons,9742789013,,"850, Layout, Chennai, Tamil Nadu - 127546",ACC02463,ENT01775
REC003607,RETAIL_CBS,Anil Reddy,,ZCQBB6211P,"760, Main Road, Bengaluru, Karnataka - 487745",ACC02465,ENT01776
REC003608,CORPORATE_BANKING,Anil Redyd,9650583003,ZCQBB6211P,"760, Main Road, Bengaluru, Karnataka - 487745",ACC02465,ENT01776
REC003609,CORPORATE_BANKING,V. Rao,6910139581,BAMUQ6487L,"613, Nagar, Kochi, Kerala - 408435",ACC02466,ENT01777
REC003610,RETAIL_CBS,Rao Vijay,6910139581,,"613, Nagar, Kochi, Kerala - 408435",ACC02467,ENT01777
REC003611,CORPORATE_BANKING,A. Sandhu,,GRQKQ1480B,"597, Cross Street, Nagpur, Maharashtra - 489316",ACC02468,ENT01778
REC003612,RETAIL_CBS,Anna Sanduh,8893364012,GRQKQ1480B,"597, Cross Street, Nagpur, Maharashtra - 489316",ACC02469,ENT01778
REC003613,RETAIL_CBS,Sandhu Anna,8893364012,GRQKQ1480B,"597, Cross Street, Nagpur, Maharashtra - 489316",ACC02468,ENT01778
REC003614,RETAIL_CBS,NITIN SIDHU,7551958868,ANNKM4193B,"912, Nagar, Bengaluru, Karnataka - 559385",ACC02470,ENT01779
REC003615,CORPORATE_BANKING,Nitin Sidhu & Sons,7551958868,ANNKM4193B,"912, Nagar, Bengaluru, Karnataka - 559385",ACC02470,ENT01779
REC003616,CORPORATE_BANKING,Divya Banrejee,,TAUGP0475D,"198, Avenue, Pune, Maharashtra - 488382",ACC02471,ENT01780
REC003617,RETAIL_CBS,Divya Banerje,,TAUGP0475D,"198, Avenue, Pune, Maharashtra - 488382",ACC02472,ENT01780
REC003618,CORPORATE_BANKING,Banerjee Divya,8057653247,TAUGP0475D,,ACC02471,ENT01780
REC003619,CORPORATE_BANKING,Vikram Patel,9937148899,LFMBU7434O,,ACC02473,ENT01781
REC003620,CORPORATE_BANKING,Radha Misra,,,"559, Colony, Thiruvananthapuram, Kerala - 517675",ACC02474,ENT01782
REC003621,CORPORATE_BANKING,Radha Msihra,8274797039,FEWQW6084M,,ACC02474,ENT01782
REC003622,CORPORATE_BANKING,Gurpreet Tohmas,8292681141,UGGDK9661U,"477, Cross Street, Bengaluru, Karnataka - 207425",ACC02475,ENT01783
REC003623,RETAIL_CBS,Gurpreet Tomas,8292681141,,"477, Cross Street, Bengaluru, Karnataka - 207425",ACC02476,ENT01783
REC003624,RETAIL_CBS,Susan Ghsoh,,BVOFU5181U,"412, Colony, Thiruvananthapuram, Kerala - 320227",ACC02477,ENT01784
REC003625,RETAIL_CBS,Ghosh Susan,,BVOFU5181U,,ACC02477,ENT01784
REC003626,RETAIL_CBS,Neha Pillai & Sons & Sons,8829369821,PNWOM7902V,"848, Layout, Ahmedabad, Gujarat - 424469",ACC02478,ENT01785
REC003627,RETAIL_CBS,Neha Pilai & Sons,8829369821,,,ACC02478,ENT01785
REC003628,CORPORATE_BANKING,Neha Pillai & Snos,8829369821,PNWOM7902V,,ACC02478,ENT01785
REC003629,RETAIL_CBS,Anil Das & Sons,7002886063,HVARD6658H,"173, Cross Street, Surat, Gujarat - 552414",ACC02479,ENT01786
REC003630,CORPORATE_BANKING,Sunita Joshi & Sons,8296843830,HEPRF5703W,"384, Extension, Pune, Maharashtra - 401582",ACC02480,ENT01787
REC003631,RETAIL_CBS,Sunita Josi,8296843830,,,ACC02480,ENT01787
REC003632,CORPORATE_BANKING,Sunita Josih,,HEPRF5703W,"384, Extension, Pune, Maharashtra - 401582",ACC02480,ENT01787
REC003633,CORPORATE_BANKING,Ashok Gill,7194692440,JKXXO3031J,"267, Cross Street, Madurai, Tamil Nadu - 239002",ACC02481,ENT01788
REC003634,RETAIL_CBS,ROHIT SINGH,6185474860,AOVKS1981C,"614, Cross Street, Mysuru, Karnataka - 226495",ACC02484,ENT01789
REC003635,CORPORATE_BANKING,Rohit Singh & Sons,6185474860,AOVKS1981C,,ACC02484,ENT01789
REC003636,CORPORATE_BANKING,R. Singh,6185474860,AOVKS1981C,,ACC02484,ENT01789
REC003637,RETAIL_CBS,Balaji Ydav,,GIOWJ6275D,"923, Extension, Patna, Bihar - 120622",ACC02485,ENT01790
REC003638,CORPORATE_BANKING,Anjali Ghosh,,,"325, Cross Street, Mysuru, Karnataka - 162945",ACC02486,ENT01791
REC003639,RETAIL_CBS,A. Ghosh,9420371085,NKBJX8751E,"325, Cross Street, Mysuru, Karnataka - 162945",ACC02486,ENT01791
REC003640,RETAIL_CBS,Anjali Ghsh,,,"325, Cross Street, Mysuru, Karnataka - 162945",ACC02486,ENT01791
REC003641,RETAIL_CBS,HARLEEN BHATT,9482417742,,"684, Layout, Bengaluru, Karnataka - 108582",ACC02487,ENT01792
REC003642,RETAIL_CBS,Harleen Bahtt,9482417742,KIMEL8655E,,ACC02488,ENT01792
REC003643,CORPORATE_BANKING,Bhatt Harleen,9482417742,KIMEL8655E,,ACC02487,ENT01792
REC003644,CORPORATE_BANKING,Ghosh Neha,7522320522,AINOQ3601Y,,ACC02489,ENT01793
REC003645,RETAIL_CBS,Neha Ghsoh,7522320522,AINOQ3601Y,"143, Nagar, Madurai, Tamil Nadu - 492672",ACC02490,ENT01793
REC003646,CORPORATE_BANKING,D. Sharma,9240669588,,"590, Layout, Kolkata, West Bengal - 344295",ACC02491,ENT01794
REC003647,RETAIL_CBS,Deepa Kuar,,YZUIS4134N,"242, Avenue, Ahmedabad, Gujarat - 221457",ACC02492,ENT01795
REC003648,RETAIL_CBS,SOWMYA DESAI,7497283664,ZAKSR8558R,"58, Avenue, Thiruvananthapuram, Kerala - 121413",ACC02493,ENT01796
REC003649,RETAIL_CBS,Desai Sowmya,7497283664,,"58, Avenue, Thiruvananthapuram, Kerala - 121413",ACC02493,ENT01796
REC003650,RETAIL_CBS,Sowmya Desai,7497283664,ZAKSR8558R,,ACC02493,ENT01796
REC003651,CORPORATE_BANKING,ANITA GHOSH,,DSHNC3298E,"617, Avenue, Delhi, Delhi - 667475",ACC02494,ENT01797
REC003652,RETAIL_CBS,A. Ghosh,6648517048,DSHNC3298E,,ACC02494,ENT01797
REC003653,RETAIL_CBS,Mehta Shreya,8605519216,QNSRL2860U,"632, Avenue, Madurai, Tamil Nadu - 174761",ACC02495,ENT01798
REC003654,CORPORATE_BANKING,Trivedi Nisha,,TTJZG5881I,"557, Main Road, Ahmedabad, Gujarat - 323961",ACC02497,ENT01799
REC003655,RETAIL_CBS,Nisha Trvedi,8242033324,TTJZG5881I,"557, Main Road, Ahmedabad, Gujarat - 323961",ACC02498,ENT01799
REC003656,CORPORATE_BANKING,Nisha Trivedi & Sons,8242033324,TTJZG5881I,"557, Main Road, Ahmedabad, Gujarat - 323961",ACC02497,ENT01799
REC003657,RETAIL_CBS,Zubair Shamra,8622758222,CJRYQ6370H,,ACC02499,ENT01800
