entity_key,canonical_name,phone,pan,address,num_records,num_accounts,account_ids,record_ids,has_unverified_link,is_watchlisted,rules_used
PERSON00001,ZEENAT SIDHU,6044029244,GYGEW1733R,"740, Nagar, Lucknow, Uttar Pradesh - 343192",2,1,ACC00001,REC000001;REC000002,False,False,R0_same_account;R3_address_and_name_sim
PERSON00002,Sidhu Zeenat,6044029244,,,1,1,ACC00002,REC000003,False,False,
PERSON00003,Anna Deasi,7705029423,FNZVH4843G,"34, Extension, Chennai, Tamil Nadu - 246661",3,2,ACC00003;ACC00004,REC000004;REC000005;REC000006,False,True,R0_same_account;R2_phone_and_name_sim
PERSON00004,B. Chatterjee,8897183010,OOPVT4425F,"101, Colony, Bengaluru, Karnataka - 204747",3,2,ACC00005;ACC00007,REC000007;REC000008;REC000011,False,False,R0_same_account;R1_same_pan
PERSON00005,Kapoor Shreya,6485873570,,"837, Extension, Thiruvananthapuram, Kerala - 342872",2,1,ACC00006,REC000009;REC000010,False,True,R0_same_account
PERSON00006,Balaji Chauan,8777419658,,"15, Avenue, Mumbai, Maharashtra - 647071",1,1,ACC00008,REC000012,False,False,
PERSON00007,Shreya Kapor,6485873570,MAUNN9122Z,,1,1,ACC00009,REC000013,False,False,
PERSON00008,Jyoti Saxena & Sons,7662644268,BLQLC0990W,"590, Avenue, Ahmedabad, Gujarat - 399628",3,2,ACC00010;ACC00013,REC000014;REC000015;REC000020,False,False,R0_same_account;R1_same_pan;R2_phone_and_name_sim;R3_address_and_name_sim;R4_phone_and_address
PERSON00009,ANNA AGARWAL,8575691714,XNEHN7759R,"983, Extension, Hyderabad, Telangana - 139815",4,2,ACC00011;ACC00012,REC000016;REC000017;REC000018;REC000019,False,False,R0_same_account;R1_same_pan;R2_phone_and_name_sim;R3_address_and_name_sim
PERSON00010,P. Malik,7025905338,WHSBC4977X,"41, Colony, Chandigarh, Punjab - 566624",4,2,ACC00014;ACC00015,REC000021;REC000022;REC000023;REC000024,False,True,R0_same_account;R1_same_pan;R3_address_and_name_sim;R5_initials;R8_soundex
PERSON00011,ANIL KAPOOR,9663668027,AKFIS8498C,"271, Cross Street, Madurai, Tamil Nadu - 110995",2,2,ACC00016;ACC00019,REC000025;REC000029,False,False,R1_same_pan;R2_phone_and_name_sim;R3_address_and_name_sim;R4_phone_and_address
PERSON00012,Lakshmi Karu,7462955086,VDYPC1228G,"314, Extension, Hyderabad, Telangana - 350041",2,2,ACC00017;ACC00022,REC000026;REC000034,False,False,R1_same_pan
PERSON00013,Priya Dhillon & Sons,8036184602,HACQC6800E,"513, Main Road, Madurai, Tamil Nadu - 267742",4,2,ACC00018;ACC00021,REC000027;REC000028;REC000032;REC000033,False,False,R0_same_account;R1_same_pan;R3_address_and_name_sim
PERSON00014,Chauhan Lakshmi,6794286152,TCEVY7434T,"949, Cross Street, Pune, Maharashtra - 550323",3,2,ACC00020;ACC00023,REC000030;REC000031;REC000035,False,True,R0_same_account;R1_same_pan
PERSON00015,Anna Malik & Sons,8653751361,TWZEO9887I,"921, Main Road, Bengaluru, Karnataka - 233667",3,2,ACC00024;ACC00028,REC000036;REC000037;REC000043,False,False,R0_same_account;R1_same_pan;R2_phone_and_name_sim;R3_address_and_name_sim;R4_phone_and_address
PERSON00016,Thomas Naveen,7274365026,,"50, Layout, Hyderabad, Telangana - 360152",1,1,ACC00025,REC000038,False,False,
PERSON00017,Manoj Pillai & Sons & Sons,7003902848,RISSI8252L,"929, Colony, Madurai, Tamil Nadu - 244194",2,1,ACC00026,REC000039;REC000040,False,False,R0_same_account;R2_phone_and_name_sim
PERSON00018,Zubair Ahmde,6719748773,,"822, Avenue, Jaipur, Rajasthan - 194972",2,1,ACC00027,REC000041;REC000042,False,False,R0_same_account
PERSON00019,SRINIVAS GUPTA,6854733540,XJMSS6479J,"331, Extension, Hyderabad, Telangana - 547484",3,2,ACC00029;ACC00030,REC000044;REC000045;REC000046,False,False,R0_same_account;R1_same_pan;R2_phone_and_name_sim;R3_address_and_name_sim;R4_phone_and_address
PERSON00020,Ahmed Gaurav,6667083313,TIFKL8318C,"971, Cross Street, Ahmedabad, Gujarat - 344027",3,2,ACC00031;ACC00035,REC000047;REC000048;REC000053,False,False,R0_same_account;R1_same_pan
PERSON00021,Naveen Thoas,7274365026,FXINW7503A,,1,1,ACC00032,REC000049,False,False,
PERSON00022,Ahmed Zubair,6719748773,QFXPM4290W,,2,1,ACC00033,REC000050;REC000051,False,False,R0_same_account;R1_same_pan
PERSON00023,Manoj Pillai &S ons,7003902848,,,1,1,ACC00034,REC000052,False,False,
PERSON00024,N. Brar,7083379250,CNXHF7842E,"216, Main Road, Patna, Bihar - 180987",5,2,ACC00036;ACC00037,REC000054;REC000055;REC000056;REC000057;REC000058,False,True,R0_same_account;R1_same_pan;R2_phone_and_name_sim;R3_address_and_name_sim;R4_phone_and_address;R5_initials;R8_soundex
PERSON00025,Agarwal Naveen,7441837871,LBEYH1318Z,"424, Colony, Kochi, Kerala - 592622",3,2,ACC00038;ACC00047,REC000059;REC000060;REC000073,False,False,R0_same_account;R1_same_pan;R2_phone_and_name_sim
PERSON00026,Arun Gill & Sons,6007141898,VPZQM7496A,"661, Cross Street, Nagpur, Maharashtra - 358523",3,2,ACC00039;ACC00060,REC000061;REC000095;REC000096,False,False,R0_same_account;R1_same_pan
PERSON00027,Harpreet Naidu & Sons,,HKLNO2165S,"85, Layout, Coimbatore, Tamil Nadu - 652139",3,2,ACC00040;ACC00053,REC000062;REC000063;REC000082,False,False,R0_same_account;R1_same_pan;R3_address_and_name_sim
PERSON00028,NAVEEN NAIR,6557010082,TATAC7133W,"614, Colony, Chennai, Tamil Nadu - 102250",4,2,ACC00041;ACC00045,REC000064;REC000065;REC000070;REC000071,False,False,R0_same_account;R1_same_pan;R2_phone_and_name_sim;R3_address_and_name_sim;R4_phone_and_address
PERSON00029,Divya Bose & Sons,7172599423,,"15, Extension, Chandigarh, Punjab - 311496",3,2,ACC00042;ACC00059,REC000066;REC000067;REC000094,False,False,R0_same_account;R2_phone_and_name_sim;R3_address_and_name_sim;R4_phone_and_address
PERSON00030,SANDEEP SINGH,6826582722,JEPQL3928S,"611, Avenue, Mumbai, Maharashtra - 255867",3,2,ACC00043;ACC00064,REC000068;REC000100;REC000101,False,False,R0_same_account;R1_same_pan
PERSON00031,Karthik Mukherjee & Sons,6301551157,JOMRT6029N,"59, Extension, Surat, Gujarat - 246640",3,2,ACC00044;ACC00057,REC000069;REC000090;REC000091,False,False,R0_same_account;R1_same_pan;R2_phone_and_name_sim
PERSON00032,M. Bose,7219121087,,"181, Cross Street, Jaipur, Rajasthan - 129371",1,1,ACC00046,REC000072,False,False,
PERSON00033,Rohit Varghese,6900298207,NUJKW6687G,"767, Cross Street, Madurai, Tamil Nadu - 316487",3,2,ACC00048;ACC00051,REC000074;REC000078;REC000079,True,False,R0_same_account;R6_reversed
PERSON00034,Meena Bsoe,,RBEPF4813J,,1,1,ACC00049,REC000075,False,False,
PERSON00035,A. Iyer,7246872264,CUDJL9905K,"138, Colony, Jaipur, Rajasthan - 105165",4,2,ACC00050;ACC00056,REC000076;REC000077;REC000088;REC000089,False,False,R0_same_account;R1_same_pan;R3_address_and_name_sim;R5_initials;R8_soundex
PERSON00036,Anil Bhatt & Sons,7048832001,QKJTZ2997N,,2,1,ACC00052,REC000080;REC000081,False,False,R0_same_account
PERSON00037,Lakshmi Reddy,6866577686,WIRYF3790A,"12, Layout, Lucknow, Uttar Pradesh - 351554",3,2,ACC00054;ACC00061,REC000083;REC000084;REC000097,False,False,R0_same_account;R1_same_pan
PERSON00038,Balaji Malhotra & Sons,8471430081,AUTOB9137K,"802, Extension, Thiruvananthapuram, Kerala - 572920",4,2,ACC00055;ACC00062,REC000085;REC000086;REC000087;REC000098,False,True,R0_same_account;R1_same_pan;R3_address_and_name_sim;R6_reversed
PERSON00039,Harpreet Iyengar & Sons,7211945136,YBNJK9885C,"189, Avenue, Patna, Bihar - 333843",3,2,ACC00058;ACC00063,REC000092;REC000093;REC000099,False,False,R0_same_account;R1_same_pan;R3_address_and_name_sim
PERSON00040,A. Reddy,6382975150,KERUZ4143O,"391, Cross Street, Mumbai, Maharashtra - 349800",3,2,ACC00065;ACC00093,REC000102;REC000148;REC000149,False,False,R0_same_account;R1_same_pan;R2_phone_and_name_sim;R4_phone_and_address
PERSON00041,Zubair Naidu & Sons,8279212006,ZKSHW6640U,"248, Extension, Kochi, Kerala - 304072",3,2,ACC00066;ACC00068,REC000103;REC000106;REC000107,False,False,R0_same_account;R1_same_pan;R2_phone_and_name_sim;R3_address_and_name_sim;R4_phone_and_address;R6_reversed
PERSON00042,Harpreet Agarwal & Sons,9353132505,PPUCW8817U,"770, Extension, Mysuru, Karnataka - 431457",4,2,ACC00067;ACC00070,REC000104;REC000105;REC000110;REC000111,False,False,R0_same_account;R1_same_pan;R2_phone_and_name_sim;R3_address_and_name_sim;R4_phone_and_address
PERSON00043,SUNIL MUKHERJEE,7255010724,WOGHI1663T,"527, Extension, Nagpur, Maharashtra - 416130",4,2,ACC00069;ACC00072,REC000108;REC000109;REC000115;REC000116,False,False,R0_same_account;R2_phone_and_name_sim;R3_address_and_name_sim;R5_initials;R8_soundex
PERSON00044,Mary Bose & Sons,7397979418,WUZTP5267Q,"658, Cross Street, Chandigarh, Punjab - 692219",4,2,ACC00071;ACC00074,REC000112;REC000113;REC000114;REC000118,False,True,R0_same_account;R1_same_pan;R3_address_and_name_sim;R4_phone_and_address;R6_reversed
PERSON00045,Neha Desai,7076249079,EQTWY0799P,"328, Colony, Chandigarh, Punjab - 271050",3,2,ACC00073;ACC00103,REC000117;REC000163;REC000164,False,False,R0_same_account;R1_same_pan;R2_phone_and_name_sim;R3_address_and_name_sim;R4_phone_and_address
PERSON00046,NITHYA SHAH,,BPGTN9706P,"922, Colony, Lucknow, Uttar Pradesh - 189986",2,2,ACC00075;ACC00101,REC000119;REC000161,False,False,R1_same_pan
PERSON00047,Kalpana Ghosh & Sons,6230933757,AGFCG8263D,"222, Extension, Pune, Maharashtra - 639821",2,2,ACC00076;ACC00098,REC000120;REC000156,False,False,R1_same_pan;R2_phone_and_name_sim
PERSON00048,Sowmya Sidhu,7013260226,JEFHO3884A,"447, Nagar, Mumbai, Maharashtra - 582411",3,2,ACC00077;ACC00086,REC000121;REC000122;REC000136,False,False,R0_same_account;R1_same_pan
PERSON00049,Anita Tiwair,6396100538,KZISU0318K,,3,2,ACC00078;ACC00094,REC000123;REC000124;REC000150,False,False,R0_same_account;R2_phone_and_name_sim
PERSON00050,Ashok Dbuey,6446276016,VTPNK4026G,"556, Extension, Surat, Gujarat - 246148",3,2,ACC00079;ACC00087,REC000125;REC000137;REC000138,False,False,R0_same_account;R1_same_pan;R3_address_and_name_sim
PERSON00051,DINESH MALHOTRA,7955535998,XVLBN2975H,"57, Colony, Coimbatore, Tamil Nadu - 336195",4,2,ACC00080;ACC00099,REC000126;REC000127;REC000157;REC000158,False,False,R0_same_account;R1_same_pan
PERSON00052,Irfan Gill,7553294381,NWOIT6669Z,"48, Extension, Kochi, Kerala - 255500",3,2,ACC00081;ACC00082,REC000128;REC000129;REC000130,False,False,R0_same_account;R1_same_pan;R5_initials;R8_soundex
PERSON00053,P. Yadav,7295059559,YOAZP3834H,"562, Avenue, Delhi, Delhi - 141750",3,2,ACC00083;ACC00096,REC000131;REC000132;REC000153,False,False,R0_same_account;R1_same_pan
PERSON00054,NISHA DAS,8799302547,DATWO8355N,"236, Layout, Coimbatore, Tamil Nadu - 390475",3,2,ACC00084;ACC00105,REC000133;REC000166;REC000167,False,False,R0_same_account;R1_same_pan;R5_initials
PERSON00055,Reddy Vasantha,8237550835,NZBGH1058V,"199, Layout, Surat, Gujarat - 571655",4,2,ACC00085;ACC00095,REC000134;REC000135;REC000151;REC000152,False,False,R0_same_account;R1_same_pan;R4_phone_and_address;R5_initials;R6_reversed
PERSON00056,Swati Agarwal,7233410668,WSBEG8633H,"853, Nagar, Chennai, Tamil Nadu - 144339",3,2,ACC00088;ACC00106,REC000139;REC000168;REC000169,False,False,R0_same_account;R1_same_pan;R2_phone_and_name_sim;R3_address_and_name_sim
PERSON00057,Manoj Paetl,6769196807,IIKPX9114V,"132, Layout, Thiruvananthapuram, Kerala - 521315",4,2,ACC00089;ACC00092,REC000140;REC000141;REC000146;REC000147,False,False,R0_same_account;R3_address_and_name_sim
PERSON00058,Sneha Ahmed & Sons,9297071202,ZMDPW6597C,"953, Avenue, Surat, Gujarat - 341785",4,2,ACC00090;ACC00097,REC000142;REC000143;REC000154;REC000155,False,False,R0_same_account;R1_same_pan;R2_phone_and_name_sim;R3_address_and_name_sim
PERSON00059,Prakash Patel & Sons,8836721844,IBLQD1100B,"858, Nagar, Nagpur, Maharashtra - 338618",4,2,ACC00091;ACC00100,REC000144;REC000145;REC000159;REC000160,False,False,R0_same_account;R1_same_pan;R2_phone_and_name_sim;R3_address_and_name_sim;R4_phone_and_address
PERSON00060,Padma Kumar & Sons,,CZERX0246O,"118, Cross Street, Nagpur, Maharashtra - 223876",2,2,ACC00102;ACC00104,REC000162;REC000165,False,False,R1_same_pan
PERSON00061,Ajay Mehta & Sons,6138401143,MHNBC4507G,"383, Colony, Thiruvananthapuram, Kerala - 338257",2,2,ACC00107;ACC00109,REC000170;REC000173,False,False,R3_address_and_name_sim
PERSON00062,SUNITA JAIN,6085336045,OVUZN4089O,"921, Colony, Patna, Bihar - 299839",3,2,ACC00108;ACC00110,REC000171;REC000172;REC000174,False,True,R0_same_account;R1_same_pan;R3_address_and_name_sim;R4_phone_and_address
PERSON00063,PADMA MALHOTRA,6973086280,OORSP1793L,"904, Avenue, Hyderabad, Telangana - 674618",2,1,ACC00111,REC000175;REC000176,False,False,R0_same_account;R1_same_pan
PERSON00064,Suresh Kaur & Sons,8524294543,QADQF9944P,"259, Extension, Patna, Bihar - 695254",3,2,ACC00112;ACC00116,REC000177;REC000178;REC000186,False,False,R0_same_account;R1_same_pan;R2_phone_and_name_sim;R3_address_and_name_sim;R4_phone_and_address
PERSON00065,Anita Sandhu,7004541277,BIXMY1590Z,"685, Extension, Chandigarh, Punjab - 425568",4,2,ACC00113;ACC00114,REC000179;REC000180;REC000181;REC000182,False,False,R0_same_account;R1_same_pan;R4_phone_and_address
PERSON00066,Kapoor Rekha,8437633222,ISLHS7482K,,4,2,ACC00115;ACC00117,REC000183;REC000184;REC000185;REC000187,False,True,R0_same_account;R1_same_pan;R2_phone_and_name_sim
PERSON00067,Gopal Kapoor,9980012651,XYLNI6523N,"923, Avenue, Surat, Gujarat - 606658",3,2,ACC00118;ACC00120,REC000188;REC000189;REC000192,False,False,R0_same_account;R1_same_pan;R2_phone_and_name_sim;R5_initials;R8_soundex
PERSON00068,SWATI SENGUPTA,6836708617,GRWAN0915C,"482, Avenue, Kolkata, West Bengal - 303325",3,2,ACC00119;ACC00124,REC000190;REC000191;REC000199,False,False,R0_same_account;R1_same_pan;R2_phone_and_name_sim;R3_address_and_name_sim
PERSON00069,Kiran Tiwari & Sons,9452697695,TIKKL8217I,"442, Nagar, Madurai, Tamil Nadu - 266632",3,2,ACC00121;ACC00125,REC000193;REC000194;REC000200,False,False,R0_same_account;R1_same_pan
PERSON00070,Desai Sandeep,9132507156,QYDCB3409B,"413, Avenue, Thiruvananthapuram, Kerala - 149120",4,2,ACC00122;ACC00123,REC000195;REC000196;REC000197;REC000198,False,True,R0_same_account;R1_same_pan;R2_phone_and_name_sim;R5_initials
PERSON00071,IRFAN CHATTERJEE,7977297714,RFCJH8977T,"955, Main Road, Coimbatore, Tamil Nadu - 326048",3,2,ACC00126;ACC00130,REC000201;REC000208;REC000209,False,False,R0_same_account;R1_same_pan;R2_phone_and_name_sim
PERSON00072,ZUBAIR KAUR,8706650409,RFQKE3358O,"813, Extension, Nagpur, Maharashtra - 476766",4,2,ACC00127;ACC00131,REC000202;REC000203;REC000210;REC000211,False,False,R0_same_account;R1_same_pan;R2_phone_and_name_sim;R3_address_and_name_sim;R4_phone_and_address
PERSON00073,Bhatt Radha,,ZVNFR8453G,"824, Cross Street, Kochi, Kerala - 198475",2,2,ACC00128;ACC00132,REC000204;REC000212,False,False,R1_same_pan
PERSON00074,Irfan Gill & Sons,6491019489,SGOOC7334W,"432, Avenue, Surat, Gujarat - 221129",4,2,ACC00129;ACC00133,REC000205;REC000206;REC000207;REC000213,False,True,R0_same_account;R1_same_pan
PERSON00075,Bose Vinod,7224200726,BQDEX0154M,"473, Colony, Ahmedabad, Gujarat - 591578",2,2,ACC00134;ACC00135,REC000214;REC000215,False,False,R1_same_pan
PERSON00076,A. Kapoor,6110634835,,"29, Layout, Bengaluru, Karnataka - 511893",1,1,ACC00136,REC000216,False,False,
PERSON00077,Imran Sndhu,,MCKXY7454R,"487, Colony, Ahmedabad, Gujarat - 408738",1,1,ACC00137,REC000217,False,False,
PERSON00078,Yadav Sunita,8914602745,HQCQG5749V,"398, Avenue, Kolkata, West Bengal - 319830",3,2,ACC00138;ACC00144,REC000218;REC000227;REC000228,False,False,R0_same_account;R1_same_pan
PERSON00079,Geeta Verma & Sons,8723511015,QRFOJ5352W,"923, Layout, Mumbai, Maharashtra - 286731",4,2,ACC00139;ACC00142,REC000219;REC000220;REC000221;REC000225,False,True,R0_same_account;R1_same_pan;R2_phone_and_name_sim
PERSON00080,Ajay Saxena,9173593665,HXHGN9375O,"625, Avenue, Bhopal, Madhya Pradesh - 380001",3,2,ACC00140;ACC00143,REC000222;REC000223;REC000226,False,False,R0_same_account;R1_same_pan;R2_phone_and_name_sim;R4_phone_and_address;R6_reversed
PERSON00081,Manpreet Khan & Sons,8888690163,JBPTC8308Q,"880, Layout, Kochi, Kerala - 373329",3,2,ACC00141;ACC00146,REC000224;REC000231;REC000232,False,False,R0_same_account;R1_same_pan;R4_phone_and_address
PERSON00082,KAVITA RAO,9410110973,LPNUG8853L,"44, Cross Street, Kolkata, West Bengal - 572256",4,2,ACC00145;ACC00147,REC000229;REC000230;REC000233;REC000234,False,False,R0_same_account;R2_phone_and_name_sim;R4_phone_and_address;R5_initials
PERSON00083,Dubey Susan,6795962461,,"825, Colony, Chennai, Tamil Nadu - 296605",1,1,ACC00148,REC000235,False,False,
PERSON00084,Kalpana Patel & Sons,9001617604,NGPBF2075G,"854, Extension, Patna, Bihar - 385368",2,2,ACC00149;ACC00150,REC000236;REC000237,False,False,R4_phone_and_address
PERSON00085,VINOD JAIN,6529943291,PEUJO8215M,"208, Colony, Mumbai, Maharashtra - 322213",4,2,ACC00151;ACC00152,REC000238;REC000239;REC000240;REC000241,False,False,R0_same_account;R1_same_pan;R2_phone_and_name_sim;R3_address_and_name_sim;R4_phone_and_address;R5_initials;R8_soundex
PERSON00086,S. Malik,,AONVK0784F,"17, Extension, Chennai, Tamil Nadu - 494174",1,1,ACC00153,REC000242,False,False,
PERSON00087,Priya Plilai,8830105794,QRFWG7091U,"946, Colony, Hyderabad, Telangana - 404386",2,2,ACC00154;ACC00155,REC000243;REC000244,False,False,R1_same_pan
PERSON00088,Joseph Nair & Sons,6845901684,OZQHS9196T,"714, Layout, Chandigarh, Punjab - 240860",2,1,ACC00156,REC000245;REC000246,False,False,R0_same_account;R1_same_pan;R2_phone_and_name_sim
PERSON00089,DIVYA PANDEY,9382917079,GLAVB7063U,"45, Layout, Chennai, Tamil Nadu - 466730",2,1,ACC00157,REC000247;REC000248,False,False,R0_same_account;R1_same_pan;R2_phone_and_name_sim;R3_address_and_name_sim;R4_phone_and_address
PERSON00090,Malhotra Ritu,7559369480,PHFDA6459Y,"175, Extension, Mumbai, Maharashtra - 284876",2,1,ACC00158,REC000249;REC000250,False,False,R0_same_account
PERSON00091,Nisha Pillai & Sons,6846385048,FMCFY6781Z,,1,1,ACC00159,REC000251,False,False,
PERSON00092,Ravi Nair & Sons,9620986094,IIVOO4622Y,"470, Main Road, Ahmedabad, Gujarat - 429471",3,2,ACC00160;ACC00161,REC000252;REC000253;REC000254,False,False,R0_same_account;R1_same_pan;R2_phone_and_name_sim;R3_address_and_name_sim;R4_phone_and_address
PERSON00093,Iyer Swati,6726843474,MYVUW1665K,"876, Avenue, Jaipur, Rajasthan - 371467",2,1,ACC00162,REC000255;REC000256,False,False,R0_same_account
PERSON00094,RAMESH SAXENA,9573075746,,,1,1,ACC00163,REC000257,False,False,
PERSON00095,RAMESH SAXENA,,RGTQT4314Z,"741, Extension, Mysuru, Karnataka - 111590",1,1,ACC00164,REC000258,False,False,
PERSON00096,ANJALI GILL,7770765132,OPSPZ1587N,"750, Extension, Delhi, Delhi - 241061",1,1,ACC00165,REC000259,False,False,
PERSON00097,Das Faisal,8929494732,,,2,1,ACC00166,REC000260;REC000261,False,False,R0_same_account
PERSON00098,Muthu Bose,,FTCQS1680I,"534, Main Road, Mumbai, Maharashtra - 202699",1,1,ACC00167,REC000262,False,False,
PERSON00099,I. Kaur,,BHCMF3399W,"217, Extension, Kolkata, West Bengal - 603807",1,1,ACC00168,REC000263,False,False,
PERSON00100,Simran Mukherje,7690133883,,,1,1,ACC00169,REC000264,False,False,
PERSON00101,Saxena Gopal,6921800427,JBBYJ9706T,"2, Cross Street, Thiruvananthapuram, Kerala - 436232",2,1,ACC00170,REC000265;REC000266,False,False,R0_same_account;R1_same_pan;R4_phone_and_address
PERSON00102,Sowmya Sengupta & Sons,8041150139,PHXXJ1831L,"396, Cross Street, Bengaluru, Karnataka - 321496",2,1,ACC00171,REC000267;REC000268,False,False,R0_same_account;R4_phone_and_address
PERSON00103,HARISH KAUR,7274821853,DIYSC9832I,"654, Colony, Surat, Gujarat - 318675",3,2,ACC00172;ACC00173,REC000269;REC000270;REC000271,False,False,R0_same_account;R1_same_pan;R2_phone_and_name_sim;R4_phone_and_address
PERSON00104,Thomas Dhillon & Sons,6679385330,INOSG1447O,"771, Avenue, Delhi, Delhi - 356581",2,1,ACC00174,REC000272;REC000273,False,False,R0_same_account;R1_same_pan;R3_address_and_name_sim
PERSON00105,Amandeep Tiwari,6438096327,XGGCU1349M,"453, Layout, Hyderabad, Telangana - 626650",2,2,ACC00175;ACC00176,REC000274;REC000275,True,False,R6_reversed
PERSON00106,RADHA PILLAI & SONS,9734563531,WVPQA1046S,"507, Main Road, Ahmedabad, Gujarat - 365113",2,1,ACC00177,REC000276;REC000277,False,False,R0_same_account;R1_same_pan
PERSON00107,RAHUL AHMED,,MGPYG2748N,"55, Avenue, Bhopal, Madhya Pradesh - 357648",1,1,ACC00178,REC000278,False,False,
PERSON00108,Aarti Bansal & Sons,9024691018,JKJKG5147R,"644, Colony, Surat, Gujarat - 494506",4,2,ACC00179;ACC00180,REC000279;REC000280;REC000281;REC000282,False,False,R0_same_account;R1_same_pan;R2_phone_and_name_sim;R3_address_and_name_sim;R6_reversed
PERSON00109,Priya Varghese & Sons,6202524735,DUJHK3182U,"125, Avenue, Mumbai, Maharashtra - 176531",1,1,ACC00181,REC000283,False,False,
PERSON00110,Sunil Deai,9133476914,ADTNM2411L,"538, Extension, Thiruvananthapuram, Kerala - 346467",2,1,ACC00182,REC000284;REC000285,False,False,R0_same_account;R1_same_pan;R4_phone_and_address
PERSON00111,KAVITA DAS,7619069286,BCIQI8625U,"88, Colony, Surat, Gujarat - 394314",2,1,ACC00183,REC000286;REC000287,False,False,R0_same_account;R1_same_pan;R2_phone_and_name_sim;R3_address_and_name_sim;R4_phone_and_address
PERSON00112,SUNIL DHILLON,8547207257,UYPTY1602S,,1,1,ACC00184,REC000288,False,False,
PERSON00113,Pankaj Ahmed & Sons,6936361733,,,2,1,ACC00185,REC000289;REC000290,False,False,R0_same_account
PERSON00114,Khan Kiran,8287338229,,"770, Extension, Jaipur, Rajasthan - 633079",1,1,ACC00186,REC000291,False,False,
PERSON00115,GURPREET BANERJEE,9420110212,,"335, Cross Street, Coimbatore, Tamil Nadu - 435673",2,1,ACC00187,REC000292;REC000293,False,False,R0_same_account;R2_phone_and_name_sim;R3_address_and_name_sim;R4_phone_and_address
PERSON00116,Ravi Sandhu & Sons,7705596747,TIKMP1046D,"395, Avenue, Bhopal, Madhya Pradesh - 515310",2,1,ACC00188,REC000294;REC000295,False,False,R0_same_account
PERSON00117,Kavita Agarwal,8692801941,FJCNZ5517L,"3, Main Road, Kolkata, West Bengal - 471639",2,1,ACC00189,REC000296;REC000297,False,False,R0_same_account;R1_same_pan;R2_phone_and_name_sim;R3_address_and_name_sim;R4_phone_and_address
PERSON00118,Ritu Chatterjee & Sons,8552036885,UMZOS8796Z,"408, Extension, Nagpur, Maharashtra - 256972",4,2,ACC00190;ACC00191,REC000298;REC000299;REC000300;REC000301,False,False,R0_same_account;R1_same_pan;R2_phone_and_name_sim;R3_address_and_name_sim;R4_phone_and_address
PERSON00119,Susan Anasri,6717346773,ILKFG8240N,"833, Layout, Coimbatore, Tamil Nadu - 384864",4,2,ACC00192;ACC00193,REC000302;REC000303;REC000304;REC000305,False,False,R0_same_account;R1_same_pan;R3_address_and_name_sim;R4_phone_and_address
PERSON00120,Shobha Pillia & Sons,9161133939,,,1,1,ACC00194,REC000306,False,False,
PERSON00121,Susan Bose & Sons,6628604101,OIHNS1461J,"274, Cross Street, Delhi, Delhi - 425723",2,1,ACC00195,REC000307;REC000308,False,False,R0_same_account;R3_address_and_name_sim
PERSON00122,G. Menon,,NVHRL0438G,"788, Main Road, Lucknow, Uttar Pradesh - 648182",1,1,ACC00196,REC000309,False,False,
PERSON00123,Thomas Bansal & Sons,6693605194,ZUJPV6306D,"989, Avenue, Kochi, Kerala - 261564",1,1,ACC00197,REC000310,False,False,
PERSON00124,Das Imran,6615690320,EOTTY9983R,"853, Main Road, Pune, Maharashtra - 188452",3,2,ACC00198;ACC00199,REC000311;REC000312;REC000313,False,False,R0_same_account;R1_same_pan;R2_phone_and_name_sim;R3_address_and_name_sim;R4_phone_and_address
PERSON00125,Sneha Verma,7745984967,AVOVV3564C,"79, Cross Street, Surat, Gujarat - 458847",2,1,ACC00200,REC000314;REC000315,False,False,R0_same_account;R2_phone_and_name_sim
PERSON00126,Chatterjee Ramesh,9107033745,FSZWP9099U,"240, Nagar, Jaipur, Rajasthan - 303212",5,3,ACC00201;ACC00202;ACC00203,REC000316;REC000317;REC000318;REC000319;REC000320,False,False,R0_same_account;R1_same_pan;R3_address_and_name_sim;R4_phone_and_address;R6_reversed
PERSON00127,Chatterjee Nisha,6496072750,JHBMH7855L,"597, Nagar, Hyderabad, Telangana - 507819",1,1,ACC00204,REC000321,False,False,
PERSON00128,Faisal Cahtterjee,8686816579,PZCJG3210A,"810, Main Road, Madurai, Tamil Nadu - 410851",2,1,ACC00205,REC000322;REC000323,False,False,R0_same_account;R1_same_pan;R2_phone_and_name_sim;R3_address_and_name_sim;R4_phone_and_address
PERSON00129,RAMESH SENGUPTA,8252956017,HGRNB7264I,"826, Main Road, Kolkata, West Bengal - 408303",4,2,ACC00206;ACC00207,REC000324;REC000325;REC000326;REC000327,False,False,R0_same_account;R1_same_pan;R2_phone_and_name_sim;R3_address_and_name_sim;R4_phone_and_address
PERSON00130,Swati Kahn,8160344886,,"322, Nagar, Kolkata, West Bengal - 287276",1,1,ACC00208,REC000328,False,False,
PERSON00131,Amit Saxena,,PCWGY6281I,"214, Main Road, Thiruvananthapuram, Kerala - 686322",2,1,ACC00209,REC000329;REC000330,False,False,R0_same_account;R1_same_pan
PERSON00132,Gaurav Desai,9501865285,IBVTY1989R,,1,1,ACC00210,REC000331,False,False,
PERSON00133,LAKSHMI GHOSH,6044745369,KULQX6680S,"634, Extension, Surat, Gujarat - 280008",2,1,ACC00211,REC000332;REC000333,False,False,R0_same_account;R1_same_pan
PERSON00134,GURPREET YADAV,8439946388,PQIIX5265D,"314, Colony, Kolkata, West Bengal - 300300",2,1,ACC00212,REC000334;REC000335,False,False,R0_same_account;R4_phone_and_address
PERSON00135,Kritika Chauhn,,BPILQ8842U,"256, Main Road, Ahmedabad, Gujarat - 578443",2,1,ACC00213,REC000336;REC000337,False,False,R0_same_account;R1_same_pan
PERSON00136,Priya Trievdi,8071161909,ZELAN6276P,"339, Extension, Lucknow, Uttar Pradesh - 318014",2,1,ACC00214,REC000338;REC000339,False,False,R0_same_account
PERSON00137,Rajesh Agarwal,9153307176,FTELI0097J,,2,1,ACC00215,REC000340;REC000341,False,False,R0_same_account;R1_same_pan;R2_phone_and_name_sim
PERSON00138,Aarti Shah & Sons,9061674840,GEZVR0015A,"887, Extension, Nagpur, Maharashtra - 304342",2,1,ACC00216,REC000342;REC000343,False,False,R0_same_account;R1_same_pan;R3_address_and_name_sim
PERSON00139,Pillai Anita,6659748012,,"944, Main Road, Kochi, Kerala - 459895",1,1,ACC00217,REC000344,False,False,
PERSON00140,VIKRAM DUBEY,,OUIRA4509Z,"743, Extension, Madurai, Tamil Nadu - 361981",2,1,ACC00218,REC000345;REC000346,False,False,R0_same_account;R1_same_pan
PERSON00141,PADMA CHAUHAN,8550950501,MFIBN4879B,"465, Nagar, Hyderabad, Telangana - 400106",1,1,ACC00219,REC000347,False,False,
PERSON00142,Kaur Zubair,6751944763,SXYYU2077U,"233, Extension, Bengaluru, Karnataka - 110703",4,2,ACC00220;ACC00221,REC000348;REC000349;REC000350;REC000351,False,False,R0_same_account;R1_same_pan;R2_phone_and_name_sim;R3_address_and_name_sim;R4_phone_and_address
PERSON00143,Z. Malhotra,7207421458,NKUAA3855P,"638, Colony, Kochi, Kerala - 422365",5,3,ACC00222;ACC00223;ACC00224,REC000352;REC000353;REC000354;REC000355;REC000356,False,False,R0_same_account;R1_same_pan;R2_phone_and_name_sim;R3_address_and_name_sim;R4_phone_and_address
PERSON00144,Iyer Swati,6793095366,,"604, Layout, Surat, Gujarat - 244076",1,1,ACC00225,REC000357,False,False,
PERSON00145,Bose Neha,7940977098,EIAGL7616C,"571, Avenue, Mysuru, Karnataka - 696604",1,1,ACC00226,REC000358,False,False,
PERSON00146,Jaspreet Qureshi & Sons,9227454066,,"324, Main Road, Patna, Bihar - 640204",2,1,ACC00227,REC000359;REC000360,False,False,R0_same_account;R2_phone_and_name_sim;R3_address_and_name_sim;R4_phone_and_address
PERSON00147,Harish Thmoas,7618859767,APTHI5149E,"461, Main Road, Surat, Gujarat - 129785",5,3,ACC00228;ACC00229;ACC00230,REC000361;REC000362;REC000363;REC000364;REC000365,False,False,R0_same_account;R1_same_pan;R2_phone_and_name_sim;R3_address_and_name_sim;R4_phone_and_address
PERSON00148,SANJAY AGARWAL,7863178557,GVPMV1879V,"471, Cross Street, Bhopal, Madhya Pradesh - 246348",2,2,ACC00231;ACC00232,REC000366;REC000367,False,False,R1_same_pan;R2_phone_and_name_sim
PERSON00149,Srinivas Ghosh & Sons,9709325134,NCCPA9784F,"168, Colony, Madurai, Tamil Nadu - 476588",3,2,ACC00233;ACC00234,REC000368;REC000369;REC000370,False,False,R0_same_account;R1_same_pan;R2_phone_and_name_sim;R3_address_and_name_sim;R4_phone_and_address
PERSON00150,Sneha Agarwal,8181111611,USTEJ8478A,"488, Main Road, Chennai, Tamil Nadu - 687402",2,1,ACC00235,REC000371;REC000372,False,False,R0_same_account;R1_same_pan;R2_phone_and_name_sim;R3_address_and_name_sim;R4_phone_and_address
PERSON00151,Imran Iyer,9899047710,QUTRA0238B,"697, Nagar, Mysuru, Karnataka - 467565",5,3,ACC00236;ACC00237;ACC00238,REC000373;REC000374;REC000375;REC000376;REC000377,False,False,R0_same_account;R1_same_pan;R2_phone_and_name_sim;R3_address_and_name_sim;R4_phone_and_address
PERSON00152,Faisal Naidu & Sons,8511101600,HOJPQ6542X,"917, Cross Street, Mysuru, Karnataka - 495454",4,2,ACC00239;ACC00240,REC000378;REC000379;REC000380;REC000381,False,False,R0_same_account;R1_same_pan;R2_phone_and_name_sim;R3_address_and_name_sim;R4_phone_and_address
PERSON00153,Malik Neha,9434973644,WDFQC3904I,"807, Layout, Patna, Bihar - 180237",4,2,ACC00241;ACC00242,REC000382;REC000383;REC000384;REC000385,False,False,R0_same_account;R1_same_pan
PERSON00154,Usha Tiwari & Sons,7778695754,VEREV2468I,"659, Main Road, Mysuru, Karnataka - 434543",4,2,ACC00243;ACC00244,REC000386;REC000387;REC000388;REC000389,False,False,R0_same_account;R1_same_pan;R2_phone_and_name_sim
PERSON00155,Harleen Mukherjee,8229324848,XXAGF2913O,"929, Colony, Mysuru, Karnataka - 309666",2,1,ACC00245,REC000390;REC000391,False,False,R0_same_account;R1_same_pan
PERSON00156,MANOJ REDDY,7338571884,PRHDA7548T,"784, Colony, Pune, Maharashtra - 112875",3,2,ACC00246;ACC00247,REC000392;REC000393;REC000394,False,False,R0_same_account;R3_address_and_name_sim
PERSON00157,R. Das,7078303403,UYQQU4459C,"914, Extension, Jaipur, Rajasthan - 480679",3,2,ACC00248;ACC00249,REC000395;REC000396;REC000397,False,False,R0_same_account;R1_same_pan;R2_phone_and_name_sim;R3_address_and_name_sim;R4_phone_and_address
PERSON00158,Ravi Menon & Sons,8187059310,VLLIH9048L,"634, Avenue, Kochi, Kerala - 335148",2,1,ACC00250,REC000398;REC000399,False,False,R0_same_account;R1_same_pan;R3_address_and_name_sim
PERSON00159,Iyer Vijay,8759364679,WPGKQ4549L,"259, Layout, Hyderabad, Telangana - 137206",2,1,ACC00251,REC000400;REC000401,False,False,R0_same_account;R1_same_pan;R4_phone_and_address
PERSON00160,Mukherjee Ramesh,9821408204,TYYRZ2541G,,2,1,ACC00252,REC000402;REC000403,False,False,R0_same_account
PERSON00161,Venkatesh Singh,,NKWZL5621G,,1,1,ACC00253,REC000404,False,False,
PERSON00162,VENKATESH SINGH,9728066943,,"49, Cross Street, Ahmedabad, Gujarat - 132157",1,1,ACC00254,REC000405,False,False,
PERSON00163,Harish Sengupa,6580152398,XJSZG8662D,"694, Colony, Mysuru, Karnataka - 469813",2,1,ACC00255,REC000406;REC000407,False,False,R0_same_account;R1_same_pan
PERSON00164,I. Pandey,7000616946,,,1,1,ACC00256,REC000408,False,False,
PERSON00165,Irfan Pnadey,7000616946,NDLPF6291F,"256, Main Road, Nagpur, Maharashtra - 153934",2,1,ACC00257,REC000409;REC000410,False,False,R0_same_account;R1_same_pan;R3_address_and_name_sim
PERSON00166,Anna Naidu,6123524855,LXQMY3998M,"260, Layout, Madurai, Tamil Nadu - 134040",1,1,ACC00258,REC000411,False,False,
PERSON00167,SRINIVAS AHMED,6304080085,FVIYU5793O,"580, Avenue, Coimbatore, Tamil Nadu - 476841",1,1,ACC00259,REC000412,False,False,
PERSON00168,JOSEPH SAXENA,8357242405,GLYYT2553D,"53, Main Road, Patna, Bihar - 613422",1,1,ACC00260,REC000413,False,False,
PERSON00169,IMRAN KHAN,7916497876,LDAXT2275V,"208, Colony, Lucknow, Uttar Pradesh - 301930",2,2,ACC00261;ACC00262,REC000414;REC000415,False,False,R4_phone_and_address
PERSON00170,Jaspreet Kapoor & Sons,7750707453,AILVM2451J,"867, Avenue, Thiruvananthapuram, Kerala - 654650",4,3,ACC00263;ACC00264;ACC00265,REC000416;REC000417;REC000418;REC000419,False,False,R0_same_account;R2_phone_and_name_sim;R3_address_and_name_sim;R4_phone_and_address
PERSON00171,Zeenat Bhatt & Sons,6447716162,EHFVV0285P,"322, Main Road, Surat, Gujarat - 671080",2,1,ACC00266,REC000420;REC000421,False,False,R0_same_account;R1_same_pan;R2_phone_and_name_sim;R3_address_and_name_sim;R4_phone_and_address
PERSON00172,Irfan Saxena & Sons,8697651064,HXICU9856L,"194, Cross Street, Madurai, Tamil Nadu - 116616",4,2,ACC00267;ACC00268,REC000422;REC000423;REC000424;REC000425,False,False,R0_same_account;R1_same_pan;R2_phone_and_name_sim;R3_address_and_name_sim;R4_phone_and_address
PERSON00173,Banerjee Sarita,9232832315,,"648, Main Road, Nagpur, Maharashtra - 146851",3,2,ACC00269;ACC00270,REC000426;REC000427;REC000428,True,False,R0_same_account;R5_initials;R8_soundex
PERSON00174,VINOD KAPOOR,6220802245,RDCPX7249L,"300, Cross Street, Lucknow, Uttar Pradesh - 415391",1,1,ACC00271,REC000429,False,False,
PERSON00175,Kaur Sneha,8974358318,ZMXPA7724J,"71, Cross Street, Jaipur, Rajasthan - 200894",1,1,ACC00272,REC000430,False,False,
PERSON00176,Thomas Verma & Sons,8280245367,,"592, Nagar, Delhi, Delhi - 416793",1,1,ACC00273,REC000431,False,False,
PERSON00177,SANDEEP TIWARI,,SOBVQ6512B,"923, Layout, Delhi, Delhi - 494062",1,1,ACC00274,REC000432,False,False,
PERSON00178,Mary Vrema,9872492290,YRKMD3776M,"144, Layout, Ahmedabad, Gujarat - 402201",2,1,ACC00275,REC000433;REC000434,False,False,R0_same_account;R1_same_pan
PERSON00179,MAHESH MALHOTRA,,EHLXT5724W,"418, Avenue, Mumbai, Maharashtra - 430305",1,1,ACC00276,REC000435,False,False,
PERSON00180,Manoj Ghosh,6741182094,AWJQC4139W,"535, Nagar, Coimbatore, Tamil Nadu - 586793",2,1,ACC00277,REC000436;REC000437,False,False,R0_same_account;R4_phone_and_address
PERSON00181,Harpreet Kmuar,8231192525,JNAWD3705Q,"940, Colony, Surat, Gujarat - 586378",1,1,ACC00278,REC000438,False,False,
PERSON00182,ANIL YADAV,,WLPEP8823S,,1,1,ACC00279,REC000439,False,False,
PERSON00183,SNEHA BOSE,8953629227,TUDWP5588T,"485, Avenue, Ahmedabad, Gujarat - 381553",3,2,ACC00280;ACC00281,REC000440;REC000441;REC000442,False,False,R0_same_account;R1_same_pan;R2_phone_and_name_sim;R3_address_and_name_sim
PERSON00184,LAKSHMI PILLAI & SONS,6469861108,TSVUR4740M,"316, Extension, Kochi, Kerala - 163986",3,2,ACC00282;ACC00283,REC000443;REC000444;REC000445,False,False,R0_same_account;R1_same_pan;R2_phone_and_name_sim;R3_address_and_name_sim;R4_phone_and_address
PERSON00185,Mary Dhiloln,9337989836,,"756, Nagar, Hyderabad, Telangana - 609455",1,1,ACC00284,REC000446,False,False,
PERSON00186,Pandey Suresh,9576130114,UJULB6297N,"434, Cross Street, Delhi, Delhi - 350759",2,1,ACC00285,REC000447;REC000448,False,False,R0_same_account;R1_same_pan
PERSON00187,Karthik Verma & Sons,8921422868,WLMYM6315D,"605, Avenue, Nagpur, Maharashtra - 525230",3,2,ACC00286;ACC00287,REC000449;REC000450;REC000451,True,False,R0_same_account;R1_same_pan;R3_address_and_name_sim;R6_reversed
PERSON00188,Naidu Nisha,7054296078,NRRHZ4800H,"768, Cross Street, Ahmedabad, Gujarat - 679916",3,2,ACC00288;ACC00289,REC000452;REC000453;REC000454,False,False,R0_same_account;R1_same_pan;R3_address_and_name_sim
PERSON00189,Lakshmi Banejee,7416135448,ESYOP0302K,"9, Layout, Kochi, Kerala - 105057",1,1,ACC00290,REC000455,False,False,
PERSON00190,Malhotra Sowmya,9608398266,SIMKC5017H,"406, Avenue, Ahmedabad, Gujarat - 520573",1,1,ACC00291,REC000456,False,False,
PERSON00191,Gill Nitin,8669544727,SMUSZ5201I,"576, Cross Street, Hyderabad, Telangana - 177481",6,3,ACC00292;ACC00293;ACC00294,REC000457;REC000458;REC000459;REC000460;REC000461;REC000462,False,False,R0_same_account;R1_same_pan;R2_phone_and_name_sim;R3_address_and_name_sim;R4_phone_and_address;R5_initials;R6_reversed;R8_soundex
PERSON00192,I. Agarwal,7333584962,BBYPX4102M,"365, Main Road, Thiruvananthapuram, Kerala - 501625",2,2,ACC00295;ACC00296,REC000463;REC000464,False,False,R1_same_pan;R2_phone_and_name_sim;R3_address_and_name_sim;R4_phone_and_address
PERSON00193,Chauhan Anil,,DNTLI1453K,"937, Nagar, Mysuru, Karnataka - 133148",2,1,ACC00297,REC000465;REC000466,False,False,R0_same_account
PERSON00194,Sabiha Nadiu,9123154095,,"235, Cross Street, Coimbatore, Tamil Nadu - 616805",1,1,ACC00298,REC000467,False,False,
PERSON00195,Manpreet Das & Sons,8151294055,ECDXX5572Y,,1,1,ACC00299,REC000468,False,False,
PERSON00196,Muthu Vemra,6955001639,TFPOO5274S,"56, Extension, Kolkata, West Bengal - 503497",2,1,ACC00300,REC000469;REC000470,False,False,R0_same_account;R1_same_pan
PERSON00197,MANOJ MENON,,MBYGG6698F,"207, Avenue, Chennai, Tamil Nadu - 455156",2,2,ACC00301;ACC00302,REC000471;REC000472,False,False,R1_same_pan
PERSON00198,S. Banerjee,6027560935,MKNKX3892V,"703, Avenue, Mumbai, Maharashtra - 680721",3,2,ACC00303;ACC00304,REC000473;REC000474;REC000475,False,False,R0_same_account;R1_same_pan;R2_phone_and_name_sim;R3_address_and_name_sim;R4_phone_and_address
PERSON00199,PADMA VARGHESE,7506189426,MXZAH5193J,"667, Avenue, Mysuru, Karnataka - 545073",2,1,ACC00305,REC000476;REC000477,False,False,R0_same_account;R1_same_pan
PERSON00200,Amit Qureshi & Sons,8551469392,HPUCT7283T,"310, Cross Street, Thiruvananthapuram, Kerala - 639949",3,2,ACC00306;ACC00307,REC000478;REC000479;REC000480,False,False,R0_same_account;R1_same_pan;R2_phone_and_name_sim;R3_address_and_name_sim;R4_phone_and_address
PERSON00201,REKHA MISHRA,9360214452,CZHAY4049E,"703, Layout, Coimbatore, Tamil Nadu - 318642",1,1,ACC00308,REC000481,False,False,
PERSON00202,Susan Shah & Sons,9747857327,NJTHR9514S,"541, Extension, Lucknow, Uttar Pradesh - 308552",2,1,ACC00309,REC000482;REC000483,False,False,R0_same_account
PERSON00203,Mukherjee Sangeeta,7057315165,WLHKK5131K,"300, Extension, Thiruvananthapuram, Kerala - 565395",2,2,ACC00310;ACC00311,REC000484;REC000485,False,False,R4_phone_and_address
PERSON00204,Balaji Das & Sons,9712503322,AWYBS7763M,"849, Cross Street, Ahmedabad, Gujarat - 393770",2,1,ACC00312,REC000486;REC000487,False,False,R0_same_account;R1_same_pan;R2_phone_and_name_sim;R3_address_and_name_sim;R4_phone_and_address
PERSON00205,Geeta Rao,9097711922,LHTDV5445V,"481, Cross Street, Kochi, Kerala - 291057",2,1,ACC00313,REC000488;REC000489,False,False,R0_same_account;R1_same_pan
PERSON00206,Kritika Tiwari & Sons,9478039881,GOMJH3518F,,1,1,ACC00314,REC000490,False,False,
PERSON00207,Joseph Dhillon,6757848504,PIDFS1102V,"499, Nagar, Bhopal, Madhya Pradesh - 515571",2,1,ACC00315,REC000491;REC000492,False,False,R0_same_account;R1_same_pan;R4_phone_and_address
PERSON00208,Srinivas Kapoor & Sons,7634668980,URJWC1405Y,"405, Layout, Lucknow, Uttar Pradesh - 664774",1,1,ACC00316,REC000493,False,False,
PERSON00209,Sengupta Jaspreet,9204295850,PZXWP6337M,"777, Cross Street, Chandigarh, Punjab - 413400",3,2,ACC00317;ACC00318,REC000494;REC000495;REC000496,False,False,R0_same_account;R1_same_pan;R3_address_and_name_sim;R4_phone_and_address
PERSON00210,Preethi Brar,8559224877,QTKMY6435B,"804, Colony, Surat, Gujarat - 309807",2,1,ACC00319,REC000497;REC000498,False,False,R0_same_account;R1_same_pan;R2_phone_and_name_sim
PERSON00211,GAURAV KUMAR,7835267743,ENIPA7699J,,1,1,ACC00320,REC000499,False,False,
PERSON00212,Manisha Yadav,7724717314,,"608, Main Road, Delhi, Delhi - 246333",1,1,ACC00321,REC000500,False,False,
PERSON00213,Shobha Paetl,,TYQCG3872L,"999, Avenue, Nagpur, Maharashtra - 408895",1,1,ACC00322,REC000501,False,False,
PERSON00214,GOPAL DUBEY,6015760755,RDCWD4017G,,1,1,ACC00323,REC000502,False,False,
PERSON00215,GOPAL PILLAI & SONS,7437466719,SMZFH5249N,"116, Extension, Surat, Gujarat - 226370",2,2,ACC00324;ACC00325,REC000503;REC000504,False,False,R2_phone_and_name_sim
PERSON00216,Vinod Pillai&  Sons,7502506867,BYCQZ5034O,"425, Cross Street, Thiruvananthapuram, Kerala - 461613",1,1,ACC00326,REC000505,False,False,
PERSON00217,ARJUN DESAI,9649479315,CQOSW1000Q,"881, Cross Street, Coimbatore, Tamil Nadu - 402267",2,1,ACC00327,REC000506;REC000507,False,False,R0_same_account;R4_phone_and_address
PERSON00218,Manisha Desai & Sons,6067802049,GWULK6459H,"61, Nagar, Ahmedabad, Gujarat - 513947",4,3,ACC00328;ACC00329;ACC00330,REC000508;REC000509;REC000510;REC000511,False,False,R0_same_account;R1_same_pan;R2_phone_and_name_sim
PERSON00219,Vasantha Mukherjee,7996573993,,"839, Layout, Nagpur, Maharashtra - 619462",1,1,ACC00331,REC000512,False,False,
PERSON00220,NITIN JOSHI,7615979478,EVDHZ1493P,"129, Cross Street, Hyderabad, Telangana - 421287",2,1,ACC00332,REC000513;REC000514,False,False,R0_same_account;R1_same_pan
PERSON00221,Das Gopal,7059503790,ERQSC0869C,"738, Layout, Nagpur, Maharashtra - 684088",9,5,ACC00333;ACC00334;ACC00335;ACC00336;ACC00337,REC000515;REC000516;REC000517;REC000518;REC000519;REC000520;REC000521;REC000522;REC000523,False,False,R0_same_account;R1_same_pan;R2_phone_and_name_sim;R3_address_and_name_sim;R4_phone_and_address;R5_initials
PERSON00222,Shreya Bose,9032008304,HIRKS6674W,"256, Cross Street, Lucknow, Uttar Pradesh - 130910",2,1,ACC00338,REC000524;REC000525,False,False,R0_same_account;R1_same_pan
PERSON00223,Harpreet Trivedi,6873672387,XYACN6091I,"793, Nagar, Bhopal, Madhya Pradesh - 484080",2,1,ACC00339,REC000526;REC000527,False,False,R0_same_account
PERSON00224,Geeta Pillai & Snos,7421935623,,,1,1,ACC00340,REC000528,False,False,
PERSON00225,Pillai & Sons Geeta,7421935623,COXTC4088P,"152, Colony, Bengaluru, Karnataka - 258541",1,1,ACC00341,REC000529,False,False,
PERSON00226,ZEENAT VERMA,9177801712,KYRSH7798L,"205, Colony, Chandigarh, Punjab - 663318",3,2,ACC00342;ACC00343,REC000530;REC000531;REC000532,False,False,R0_same_account;R1_same_pan;R2_phone_and_name_sim;R3_address_and_name_sim;R4_phone_and_address
PERSON00227,RITU REDDY,9105642358,RBOUN6431S,"938, Avenue, Mumbai, Maharashtra - 158939",3,2,ACC00344;ACC00345,REC000533;REC000534;REC000535,False,False,R0_same_account;R2_phone_and_name_sim;R3_address_and_name_sim;R4_phone_and_address;R5_initials;R8_soundex
PERSON00228,Iyer Shobha,9328102620,RDWHZ5315H,"199, Cross Street, Pune, Maharashtra - 437795",2,2,ACC00346;ACC00347,REC000536;REC000537,False,False,R4_phone_and_address
PERSON00229,Kritika Thomas,6314845544,KSCJT5649Z,"840, Nagar, Surat, Gujarat - 679464",2,1,ACC00348,REC000538;REC000539,False,False,R0_same_account;R1_same_pan;R4_phone_and_address
PERSON00230,AJAY THOMAS,8750221055,HHZVM3035E,"937, Layout, Delhi, Delhi - 616300",2,2,ACC00349;ACC00350,REC000540;REC000541,False,False,R2_phone_and_name_sim;R3_address_and_name_sim;R4_phone_and_address
PERSON00231,Sneha Senupta,9798033891,,"808, Layout, Mumbai, Maharashtra - 623774",1,1,ACC00351,REC000542,False,False,
PERSON00232,Faisal Tivedi,6839531603,GFYOF5904J,"171, Cross Street, Surat, Gujarat - 361529",1,1,ACC00352,REC000543,False,False,
PERSON00233,JYOTI NAIR,9876528887,UICWE2876X,"56, Extension, Nagpur, Maharashtra - 211114",4,2,ACC00353;ACC00354,REC000544;REC000545;REC000546;REC000547,False,False,R0_same_account;R1_same_pan;R4_phone_and_address
PERSON00234,Malhotra Preethi,8462673490,CNOXS3350P,"36, Avenue, Patna, Bihar - 623627",2,1,ACC00355,REC000548;REC000549,False,False,R0_same_account;R1_same_pan
PERSON00235,Thomas Brar & Sons,6506402893,MLXPQ7988X,"789, Avenue, Hyderabad, Telangana - 618223",3,2,ACC00356;ACC00357,REC000550;REC000551;REC000552,False,False,R0_same_account;R1_same_pan;R2_phone_and_name_sim;R5_initials
PERSON00236,Mary Ansari & Sons,7295232481,SATBF8185Z,"980, Colony, Madurai, Tamil Nadu - 223904",2,1,ACC00358,REC000553;REC000554,False,False,R0_same_account
PERSON00237,S. Singh,6203076403,AUFYW6062B,"927, Main Road, Chandigarh, Punjab - 479237",1,1,ACC00359,REC000555,False,False,
PERSON00238,Sandhu Srinivas,9040271718,XQPGX5095O,"564, Avenue, Ahmedabad, Gujarat - 337950",3,2,ACC00360;ACC00361,REC000556;REC000557;REC000558,False,False,R0_same_account;R1_same_pan;R2_phone_and_name_sim;R3_address_and_name_sim;R4_phone_and_address
PERSON00239,Ashok Snigh,8091967293,,,1,1,ACC00362,REC000559,False,False,
PERSON00240,Ashok Snigh,8091967293,RCVFP6437R,"129, Avenue, Chandigarh, Punjab - 106409",2,1,ACC00363,REC000560;REC000561,False,False,R0_same_account;R1_same_pan
PERSON00241,ASHOK KAUR,6699972255,UKDCL4358N,"391, Cross Street, Thiruvananthapuram, Kerala - 614755",2,1,ACC00364,REC000562;REC000563,False,False,R0_same_account;R3_address_and_name_sim
PERSON00242,Rajesh Mehta,8981346617,YQTLV0362Y,"26, Avenue, Pune, Maharashtra - 600416",2,1,ACC00365,REC000564;REC000565,False,False,R0_same_account;R1_same_pan
PERSON00243,Sandeep Khan & Sons,7109112834,WUVHG1890O,"828, Extension, Ahmedabad, Gujarat - 135893",1,1,ACC00366,REC000566,False,False,
PERSON00244,Amandeep Naidu & Sons,8046023129,KEIQJ1918C,,2,1,ACC00367,REC000567;REC000568,False,False,R0_same_account;R1_same_pan
PERSON00245,Rahul Rao & Sons,,VELRX3013T,"790, Avenue, Chandigarh, Punjab - 441071",1,1,ACC00368,REC000569,False,False,
PERSON00246,MANPREET KHAN,8356903121,,,1,1,ACC00369,REC000570,False,False,
PERSON00247,Nitin Sengupta,9498078574,DAHEA4461K,"398, Extension, Patna, Bihar - 339529",3,2,ACC00370;ACC00371,REC000571;REC000572;REC000573,False,False,R0_same_account;R1_same_pan;R2_phone_and_name_sim;R3_address_and_name_sim;R4_phone_and_address
PERSON00248,Zubair Verma & Sons,9289057082,WHLPG9477G,"823, Nagar, Kolkata, West Bengal - 407987",5,3,ACC00372;ACC00373;ACC00374,REC000574;REC000575;REC000576;REC000577;REC000578,False,False,R0_same_account;R1_same_pan;R2_phone_and_name_sim;R3_address_and_name_sim
PERSON00249,NAVEEN MUKHERJEE,8117539017,AZDET7514O,,2,2,ACC00375;ACC00376,REC000579;REC000580,False,False,R1_same_pan;R2_phone_and_name_sim
PERSON00250,ANJALI SHARMA,8219468060,ZAVHQ3742W,"616, Nagar, Thiruvananthapuram, Kerala - 658594",2,1,ACC00377,REC000581;REC000582,False,False,R0_same_account;R2_phone_and_name_sim;R3_address_and_name_sim;R4_phone_and_address
PERSON00251,Ashok Naidu,9904613138,HCAWC0599T,,2,2,ACC00378;ACC00379,REC000583;REC000584,True,False,R5_initials;R8_soundex
PERSON00252,Manoj Banerjee & Sons,7729935152,ETSXI3404V,"491, Extension, Thiruvananthapuram, Kerala - 360440",2,1,ACC00380,REC000585;REC000586,False,False,R0_same_account;R1_same_pan
PERSON00253,R. Kaur,9558455457,,"476, Cross Street, Nagpur, Maharashtra - 385756",1,1,ACC00381,REC000587,False,False,
PERSON00254,SANDEEP DAS,8573661336,VJIQB8764S,"893, Colony, Kochi, Kerala - 245635",2,1,ACC00382,REC000588;REC000589,False,False,R0_same_account;R4_phone_and_address
PERSON00255,Simran Bose,,UPVXK9803N,"686, Layout, Ahmedabad, Gujarat - 332772",2,1,ACC00383,REC000590;REC000591,False,False,R0_same_account;R1_same_pan
PERSON00256,M. Kumar,7106384680,,"981, Layout, Pune, Maharashtra - 585954",1,1,ACC00384,REC000592,False,False,
PERSON00257,Pankaj Kapoor,6444751271,HIYNO7220Q,"29, Colony, Surat, Gujarat - 645957",3,2,ACC00385;ACC00386,REC000593;REC000594;REC000595,False,False,R0_same_account;R1_same_pan;R2_phone_and_name_sim;R3_address_and_name_sim;R4_phone_and_address;R6_reversed
PERSON00258,Ashok Varghees,6202974702,TYUBZ1979C,"575, Cross Street, Lucknow, Uttar Pradesh - 560822",1,1,ACC00387,REC000596,False,False,
PERSON00259,Banerjee Manpreet,6234562717,NJXLB4318G,"841, Layout, Delhi, Delhi - 417185",2,1,ACC00388,REC000597;REC000598,False,False,R0_same_account;R1_same_pan
PERSON00260,Manisha Kapoor & Sons,8010241085,AAIQH9141B,"633, Cross Street, Hyderabad, Telangana - 123679",3,2,ACC00389;ACC00390,REC000599;REC000600;REC000601,False,False,R0_same_account;R1_same_pan;R2_phone_and_name_sim;R4_phone_and_address
PERSON00261,Zubair Iyengar,,GCCTM3853J,"811, Extension, Thiruvananthapuram, Kerala - 398656",1,1,ACC00391,REC000602,False,False,
PERSON00262,Ramesh Deasi,,OWYSR4169D,"780, Cross Street, Pune, Maharashtra - 172291",1,1,ACC00392,REC000603,False,False,
PERSON00263,Sabiha Ansari,8696613496,UHRMA4225D,"898, Main Road, Hyderabad, Telangana - 610061",2,1,ACC00393,REC000604;REC000605,False,False,R0_same_account
PERSON00264,Iyer Sandeep,8034838374,SAPOP7805X,"523, Avenue, Ahmedabad, Gujarat - 507748",2,1,ACC00394,REC000606;REC000607,False,False,R0_same_account;R1_same_pan
PERSON00265,Kumar Rajwinder,7698231409,FKRPJ3742Z,"532, Avenue, Jaipur, Rajasthan - 641955",4,2,ACC00395;ACC00396,REC000608;REC000609;REC000610;REC000611,False,False,R0_same_account;R2_phone_and_name_sim;R3_address_and_name_sim;R4_phone_and_address
PERSON00266,Sunil Banerjee & Sons,7396433933,GODJA1776G,"315, Main Road, Chennai, Tamil Nadu - 265023",6,3,ACC00397;ACC00398;ACC00399,REC000612;REC000613;REC000614;REC000615;REC000616;REC000617,False,False,R0_same_account;R1_same_pan;R2_phone_and_name_sim;R3_address_and_name_sim;R4_phone_and_address;R8_soundex
PERSON00267,P. Mehta,8705180632,DOXFY9686C,,1,1,ACC00400,REC000618,False,False,
PERSON00268,Bose Rohit,7250041315,YDFJN2835B,"114, Cross Street, Jaipur, Rajasthan - 624402",2,2,ACC00401;ACC00402,REC000619;REC000620,False,False,R4_phone_and_address
PERSON00269,Neha Qurehi,9304571772,MLGDQ0662W,"826, Main Road, Nagpur, Maharashtra - 519424",1,1,ACC00403,REC000621,False,False,
PERSON00270,Pankaj Sheihk,9195582866,PARMB5708F,"865, Nagar, Thiruvananthapuram, Kerala - 154798",2,1,ACC00404,REC000622;REC000623,False,False,R0_same_account;R1_same_pan;R3_address_and_name_sim
PERSON00271,Manpreet Trivedi,9106556238,ALLPL6893J,"982, Layout, Delhi, Delhi - 695336",1,1,ACC00405,REC000624,False,False,
PERSON00272,Ghosh Irfan,9884227921,CMLVD4724G,"600, Colony, Kolkata, West Bengal - 685505",3,2,ACC00406;ACC00407,REC000625;REC000626;REC000627,False,False,R0_same_account;R1_same_pan;R2_phone_and_name_sim;R3_address_and_name_sim;R4_phone_and_address
PERSON00273,Vasantha Mehta,6052819272,KJYTD7165T,"597, Cross Street, Bhopal, Madhya Pradesh - 160175",1,1,ACC00408,REC000628,False,False,
PERSON00274,Pillai & Sons Naveen,8158991335,,"931, Avenue, Delhi, Delhi - 413859",1,1,ACC00409,REC000629,False,False,
PERSON00275,Arjun Tiwai,,WRKBR6899A,"169, Avenue, Chandigarh, Punjab - 573749",1,1,ACC00410,REC000630,False,False,
PERSON00276,AJAY SIDHU,8967541571,NCGAG2970L,"618, Colony, Jaipur, Rajasthan - 353546",2,1,ACC00411,REC000631;REC000632,False,False,R0_same_account;R2_phone_and_name_sim;R3_address_and_name_sim;R4_phone_and_address
PERSON00277,Prakash Gill,6161056704,TNLVG8946S,"77, Avenue, Madurai, Tamil Nadu - 534432",2,2,ACC00412;ACC00413,REC000633;REC000634,False,False,R1_same_pan;R3_address_and_name_sim
PERSON00278,Ahmed Shreya,7797106026,,,1,1,ACC00414,REC000635,False,False,
PERSON00279,Lakshmi Qureshi & Sons,6345211765,LHYBY9733S,"265, Main Road, Madurai, Tamil Nadu - 285810",1,1,ACC00415,REC000636,False,False,
PERSON00280,K. Khan,9720746696,SWIPA8974X,"604, Extension, Lucknow, Uttar Pradesh - 304147",3,2,ACC00416;ACC00417,REC000637;REC000638;REC000639,False,False,R0_same_account;R2_phone_and_name_sim;R3_address_and_name_sim;R4_phone_and_address
PERSON00281,SHOBHA AGARWAL,,KYEBO6379M,"530, Avenue, Nagpur, Maharashtra - 504547",2,1,ACC00418,REC000640;REC000641,False,False,R0_same_account;R3_address_and_name_sim
PERSON00282,Amit Yadav & Sons,7110828092,GZWNM4115V,"77, Layout, Bengaluru, Karnataka - 514076",1,1,ACC00419,REC000642,False,False,
PERSON00283,Bose Harish,8137984549,ZGZNU7651P,"266, Colony, Hyderabad, Telangana - 601287",2,1,ACC00420,REC000643;REC000644,False,False,R0_same_account;R1_same_pan
PERSON00284,Deepa Kaur & Sons,9002492945,ETKCJ6935X,"197, Cross Street, Pune, Maharashtra - 365511",2,1,ACC00421,REC000645;REC000646,False,False,R0_same_account;R1_same_pan
PERSON00285,Sunita Maik,7980349268,HGUWK8760W,"442, Colony, Lucknow, Uttar Pradesh - 431848",2,1,ACC00422,REC000647;REC000648,False,False,R0_same_account
PERSON00286,SIMRAN PANDEY,6828264592,KBJEJ8245J,"601, Cross Street, Surat, Gujarat - 440469",3,2,ACC00423;ACC00424,REC000649;REC000650;REC000651,False,False,R0_same_account;R2_phone_and_name_sim;R3_address_and_name_sim
PERSON00287,Radha Dubey,9405486401,JEOVG2658W,,1,1,ACC00425,REC000652,False,False,
PERSON00288,Agarwal Muthu,6465675309,IHBDQ6543T,"743, Main Road, Jaipur, Rajasthan - 491928",2,1,ACC00426,REC000653;REC000654,False,False,R0_same_account;R1_same_pan
PERSON00289,Geeta Bhatt,9953517101,,"554, Cross Street, Mumbai, Maharashtra - 267968",1,1,ACC00427,REC000655,False,False,
PERSON00290,Kalpana Ansari & Sons,7406299089,QKWIY8854W,"214, Colony, Ahmedabad, Gujarat - 622162",1,1,ACC00428,REC000656,False,False,
PERSON00291,Deepak Ghohs,8564591834,WXSPE8897G,"895, Nagar, Hyderabad, Telangana - 284299",2,1,ACC00429,REC000657;REC000658,False,False,R0_same_account
PERSON00292,Mukherjee Kiran,8629986292,WGCGP5402D,"196, Extension, Delhi, Delhi - 609247",2,1,ACC00430,REC000659;REC000660,False,False,R0_same_account;R1_same_pan
PERSON00293,Gaurav Saxena & Sons,7097771389,CJKOG1574P,"636, Cross Street, Kolkata, West Bengal - 600890",2,1,ACC00431,REC000661;REC000662,False,False,R0_same_account;R1_same_pan;R2_phone_and_name_sim;R3_address_and_name_sim;R4_phone_and_address
PERSON00294,Anita Pillai & Sons & Sons,9879326217,QMUZW1015I,"807, Main Road, Nagpur, Maharashtra - 173767",2,1,ACC00432,REC000663;REC000664,False,False,R0_same_account;R2_phone_and_name_sim;R3_address_and_name_sim;R4_phone_and_address
PERSON00295,Anjali Shiekh,,CZZPC6805H,"976, Extension, Madurai, Tamil Nadu - 163859",1,1,ACC00433,REC000665,False,False,
PERSON00296,Suresh Yadva,6402174552,DSLCF5133T,"662, Cross Street, Mumbai, Maharashtra - 576071",1,1,ACC00434,REC000666,False,False,
PERSON00297,Harleen Desai,6732699718,RMSFR8183N,"993, Cross Street, Kolkata, West Bengal - 196067",4,2,ACC00435;ACC00436,REC000667;REC000668;REC000669;REC000670,False,False,R0_same_account;R1_same_pan;R2_phone_and_name_sim;R3_address_and_name_sim;R4_phone_and_address
PERSON00298,Sabiha Iyengar & Sons,8942909862,SFWNS6866K,"104, Colony, Jaipur, Rajasthan - 407327",5,3,ACC00437;ACC00438;ACC00439,REC000671;REC000672;REC000673;REC000674;REC000675,False,False,R0_same_account;R1_same_pan;R2_phone_and_name_sim;R3_address_and_name_sim;R4_phone_and_address;R5_initials;R8_soundex
PERSON00299,Kumar Padma,8655059028,VNBDR4763Y,"916, Main Road, Jaipur, Rajasthan - 182910",4,2,ACC00440;ACC00441,REC000676;REC000677;REC000678;REC000679,False,False,R0_same_account;R1_same_pan;R2_phone_and_name_sim;R4_phone_and_address
PERSON00300,SRINIVAS VERMA,8081289391,EAPMK8179A,"388, Main Road, Jaipur, Rajasthan - 443465",3,2,ACC00442;ACC00443,REC000680;REC000681;REC000682,False,False,R0_same_account;R1_same_pan
PERSON00301,Mahesh Iyenagr,7723891877,WCNOF4336Y,"315, Main Road, Mumbai, Maharashtra - 250494",1,1,ACC00444,REC000683,False,False,
PERSON00302,Sunil Gupta,6326841328,OBCKJ5485M,"97, Nagar, Kolkata, West Bengal - 369056",4,2,ACC00445;ACC00446,REC000684;REC000685;REC000686;REC000687,False,False,R0_same_account;R1_same_pan;R2_phone_and_name_sim;R3_address_and_name_sim;R4_phone_and_address
PERSON00303,SABIHA AGARWAL,7339450203,FYJDL4030N,"664, Extension, Kolkata, West Bengal - 492528",3,2,ACC00447;ACC00448,REC000688;REC000689;REC000690,False,False,R0_same_account;R1_same_pan;R2_phone_and_name_sim
PERSON00304,Sidhu Harleen,7856965949,CWVLO3932J,"416, Nagar, Nagpur, Maharashtra - 263213",3,2,ACC00449;ACC00450,REC000691;REC000692;REC000693,False,False,R0_same_account;R1_same_pan;R4_phone_and_address
PERSON00305,Ashok Mishra,7962609565,SKPFD3851H,"132, Nagar, Madurai, Tamil Nadu - 471728",2,1,ACC00451,REC000694;REC000695,False,False,R0_same_account;R4_phone_and_address
PERSON00306,Nithya Ahmed & Sons,6032388993,PYQQM1159C,"66, Cross Street, Jaipur, Rajasthan - 630813",2,1,ACC00452,REC000696;REC000697,False,False,R0_same_account;R1_same_pan;R3_address_and_name_sim
PERSON00307,AYESHA PILLAI & SONS,8745393809,KOFPT9718U,"133, Layout, Pune, Maharashtra - 245667",2,1,ACC00453,REC000698;REC000699,False,False,R0_same_account;R4_phone_and_address
PERSON00308,MANPREET NAIR,8483792799,IMBBP1710G,"835, Avenue, Madurai, Tamil Nadu - 103950",4,2,ACC00454;ACC00455,REC000700;REC000701;REC000702;REC000703,False,False,R0_same_account;R1_same_pan;R3_address_and_name_sim
PERSON00309,Vijay Malik,6657388037,TAZFZ2318V,"590, Main Road, Bengaluru, Karnataka - 216897",1,1,ACC00456,REC000704,False,False,
PERSON00310,Vinod Trivedi & Sons,,OEUZL3661S,"340, Main Road, Kolkata, West Bengal - 486048",2,1,ACC00457,REC000705;REC000706,False,False,R0_same_account
PERSON00311,Dinesh Thmas,8728894468,,,1,1,ACC00458,REC000707,False,False,
PERSON00312,Anita Dhillon,9639039192,YIFCY4825T,"257, Cross Street, Chandigarh, Punjab - 546613",2,1,ACC00459,REC000708;REC000709,False,False,R0_same_account;R1_same_pan
PERSON00313,Rajesh Cahuhan,8252589450,QUMKH2257G,"142, Cross Street, Ahmedabad, Gujarat - 528433",2,1,ACC00460,REC000710;REC000711,False,False,R0_same_account;R1_same_pan
PERSON00314,SANDEEP IYER,6442117905,DGDMG9698N,"244, Cross Street, Thiruvananthapuram, Kerala - 386050",1,1,ACC00461,REC000712,False,False,
PERSON00315,Arjun Sidhu,8270291434,UAHBB1451U,"962, Main Road, Hyderabad, Telangana - 203967",1,1,ACC00462,REC000713,False,False,
PERSON00316,Zeenat Ghosh & Sons,8399053411,NZBGG8794K,,1,1,ACC00463,REC000714,False,False,
PERSON00317,Nithya Qureshi,,PRMQT6874Y,"303, Extension, Madurai, Tamil Nadu - 691403",1,1,ACC00464,REC000715,False,False,
PERSON00318,Karthik Mehta,8222319004,IUUFR0961H,"952, Avenue, Mumbai, Maharashtra - 622575",2,1,ACC00465,REC000716;REC000717,False,False,R0_same_account;R2_phone_and_name_sim
PERSON00319,Imran Gill & Sons,7299363014,DJSVI4718I,"771, Cross Street, Nagpur, Maharashtra - 345218",2,1,ACC00466,REC000718;REC000719,False,False,R0_same_account;R1_same_pan
PERSON00320,Ritu Joshi & Sons,6221522741,HGYUS0229C,,2,1,ACC00467,REC000720;REC000721,False,False,R0_same_account;R1_same_pan
PERSON00321,Susan Brar & Sons,,PVSNQ8916M,"446, Layout, Mumbai, Maharashtra - 286504",3,2,ACC00468;ACC00469,REC000722;REC000723;REC000724,False,False,R0_same_account;R1_same_pan;R3_address_and_name_sim
PERSON00322,Naveen Sharma & Sons,8199398277,MLIWK2269S,"295, Avenue, Mysuru, Karnataka - 109265",4,3,ACC00470;ACC00471;ACC00472,REC000725;REC000726;REC000727;REC000728,False,False,R0_same_account;R1_same_pan;R2_phone_and_name_sim;R3_address_and_name_sim;R4_phone_and_address
PERSON00323,Vinod Ahmed & Sons,6002668328,OZABK7682P,"378, Extension, Chandigarh, Punjab - 580302",2,1,ACC00473,REC000729;REC000730,False,False,R0_same_account;R1_same_pan
PERSON00324,A. Thomas,9719857117,NEYZP7831O,"85, Main Road, Jaipur, Rajasthan - 359443",4,2,ACC00474;ACC00475,REC000731;REC000732;REC000733;REC000734,False,False,R0_same_account;R1_same_pan;R2_phone_and_name_sim;R3_address_and_name_sim;R4_phone_and_address
PERSON00325,VIJAY BOSE,,KUXWW8262V,"220, Layout, Lucknow, Uttar Pradesh - 349306",2,1,ACC00476,REC000735;REC000736,False,False,R0_same_account;R1_same_pan
PERSON00326,Vasantha Segnupta,6808825435,QCCCM4733D,"645, Main Road, Bengaluru, Karnataka - 328493",2,1,ACC00477,REC000737;REC000738,False,False,R0_same_account;R1_same_pan;R3_address_and_name_sim
PERSON00327,Shobha Sdihu,8238389785,XDYPD6806V,"497, Colony, Ahmedabad, Gujarat - 619229",3,2,ACC00478;ACC00479,REC000739;REC000740;REC000741,False,False,R0_same_account;R1_same_pan;R3_address_and_name_sim
PERSON00328,Qureshi Nitin,7329157363,QTGDU9280G,,1,1,ACC00480,REC000742,False,False,
PERSON00329,SARITA CHAUHAN,9610204880,,,1,1,ACC00481,REC000743,False,False,
PERSON00330,IRFAN IYENGAR,7814795273,FPNTJ1940Q,"911, Avenue, Kolkata, West Bengal - 300998",3,2,ACC00482;ACC00483,REC000744;REC000745;REC000746,False,False,R0_same_account;R1_same_pan;R2_phone_and_name_sim;R3_address_and_name_sim;R4_phone_and_address
PERSON00331,FAISAL BRAR,9462335901,SQTMC4108J,"272, Avenue, Kochi, Kerala - 357344",1,1,ACC00484,REC000747,False,False,
PERSON00332,Sangeeta Brar & Sons,6630377935,QCBHY7471R,"757, Extension, Thiruvananthapuram, Kerala - 464629",2,1,ACC00485,REC000748;REC000749,False,False,R0_same_account;R4_phone_and_address
PERSON00333,Rekha Khan,7445837111,QNDLO8076B,"881, Cross Street, Coimbatore, Tamil Nadu - 590814",1,1,ACC00486,REC000750,False,False,
PERSON00334,Sangeeta Rao,6782692407,LLGFM2574M,"858, Cross Street, Nagpur, Maharashtra - 358974",1,1,ACC00487,REC000751,False,False,
PERSON00335,Sabiha Naidu & Sons,8816615668,KBHVV9694S,"86, Avenue, Jaipur, Rajasthan - 432019",2,1,ACC00488,REC000752;REC000753,False,False,R0_same_account;R1_same_pan;R4_phone_and_address
PERSON00336,Susan Tiwari,9200499242,BWKDN4447E,"969, Extension, Lucknow, Uttar Pradesh - 685437",2,1,ACC00489,REC000754;REC000755,False,False,R0_same_account;R1_same_pan
PERSON00337,Kiran Brar,,HCKQA6206F,"185, Nagar, Surat, Gujarat - 543591",1,1,ACC00490,REC000756,False,False,
PERSON00338,SANJAY SHARMA,7947533944,VGVLA4822Q,"515, Layout, Lucknow, Uttar Pradesh - 178057",2,1,ACC00491,REC000757;REC000758,False,False,R0_same_account;R1_same_pan;R4_phone_and_address
PERSON00339,Agarwal Sandeep,8491895119,ZDYLE6041V,"955, Avenue, Lucknow, Uttar Pradesh - 447478",2,1,ACC00492,REC000759;REC000760,False,False,R0_same_account;R1_same_pan;R4_phone_and_address
PERSON00340,DINESH QURESHI,8608120314,IIJNQ6166P,"817, Main Road, Kolkata, West Bengal - 219453",2,1,ACC00493,REC000761;REC000762,False,False,R0_same_account;R1_same_pan
PERSON00341,Sengupta Balaji,7997389807,ISLZL2770Y,"824, Colony, Chennai, Tamil Nadu - 252116",2,2,ACC00494;ACC00495,REC000763;REC000764,False,False,R1_same_pan
PERSON00342,Vasantha Verma & Sons,7517020642,UXFBA8546C,"33, Avenue, Mumbai, Maharashtra - 482272",4,3,ACC00496;ACC00497;ACC00498,REC000765;REC000766;REC000767;REC000768,False,False,R0_same_account;R1_same_pan;R2_phone_and_name_sim;R4_phone_and_address
PERSON00343,Dinesh Mukherjee & Sons,7172371227,HIHOG7085H,"183, Colony, Chennai, Tamil Nadu - 164509",5,3,ACC00499;ACC00500;ACC00501,REC000769;REC000770;REC000771;REC000772;REC000773,False,False,R0_same_account;R1_same_pan;R2_phone_and_name_sim;R3_address_and_name_sim;R4_phone_and_address
PERSON00344,Ritu Sheikh & Sons,6635796616,DOCRG6216S,"486, Cross Street, Mysuru, Karnataka - 577782",4,2,ACC00502;ACC00503,REC000774;REC000775;REC000776;REC000777,False,False,R0_same_account;R2_phone_and_name_sim;R3_address_and_name_sim;R4_phone_and_address;R5_initials;R8_soundex
PERSON00345,USHA DHILLON,,BKVRX9202U,"388, Layout, Pune, Maharashtra - 694736",1,1,ACC00504,REC000778,False,False,
PERSON00346,PREETHI MALIK,7664628052,MIQQN1741K,"312, Colony, Kochi, Kerala - 610320",4,2,ACC00505;ACC00506,REC000779;REC000780;REC000781;REC000782,False,False,R0_same_account;R1_same_pan;R3_address_and_name_sim
PERSON00347,VIJAY KAPOOR,8254776820,ZXBMH3582L,"572, Nagar, Mumbai, Maharashtra - 325947",2,1,ACC00507,REC000783;REC000784,False,False,R0_same_account;R1_same_pan;R2_phone_and_name_sim;R3_address_and_name_sim;R4_phone_and_address
PERSON00348,Zubair Sandhu & Sons,6735548777,,"530, Cross Street, Delhi, Delhi - 413801",1,1,ACC00508,REC000785,False,False,
PERSON00349,Harpreet Pillai & Sons & Sons,7078046232,OVEEA0515F,"623, Layout, Kolkata, West Bengal - 490574",3,2,ACC00509;ACC00510,REC000786;REC000787;REC000788,False,False,R0_same_account;R1_same_pan;R2_phone_and_name_sim;R3_address_and_name_sim;R4_phone_and_address
PERSON00350,K. Thomas,,INLVA9519F,"761, Nagar, Mumbai, Maharashtra - 191250",1,1,ACC00511,REC000789,False,False,
PERSON00351,Harpreet Varghese & Sons,6252301723,XUPHA8273S,"21, Cross Street, Chennai, Tamil Nadu - 119620",2,1,ACC00512,REC000790;REC000791,False,False,R0_same_account;R1_same_pan;R2_phone_and_name_sim
PERSON00352,Joseph Vema,7933462372,EMMGA3990F,"895, Nagar, Hyderabad, Telangana - 611909",1,1,ACC00513,REC000792,False,False,
PERSON00353,Meena Sahh,6029984596,MRCWW6051V,"655, Extension, Lucknow, Uttar Pradesh - 338752",2,1,ACC00514,REC000793;REC000794,False,False,R0_same_account;R1_same_pan;R2_phone_and_name_sim;R3_address_and_name_sim;R4_phone_and_address
PERSON00354,V. Kumar,,BGLTX8992Y,"59, Layout, Bengaluru, Karnataka - 477864",1,1,ACC00515,REC000795,False,False,
PERSON00355,Das Shreya,8846152132,XDWZG5591M,"130, Layout, Mumbai, Maharashtra - 413309",2,1,ACC00516,REC000796;REC000797,False,False,R0_same_account;R1_same_pan
PERSON00356,SARITA DAS,7878987932,YPXPB1632K,"432, Nagar, Coimbatore, Tamil Nadu - 443066",2,1,ACC00517,REC000798;REC000799,False,False,R0_same_account;R1_same_pan
PERSON00357,Sarita Dhillon & Sons,8282179010,BURUG9984O,"706, Colony, Ahmedabad, Gujarat - 388630",1,1,ACC00518,REC000800,False,False,
PERSON00358,Deepak Thomas & Sons,9506294232,XIQRS2490R,"310, Layout, Hyderabad, Telangana - 119179",2,1,ACC00519,REC000801;REC000802,False,False,R0_same_account;R2_phone_and_name_sim
PERSON00359,Ahmed Harish,8375559301,KSCFQ0839W,,1,1,ACC00520,REC000803,False,False,
PERSON00360,Kavita Khan & Sons,6695933787,MHBBA5362R,"325, Layout, Chandigarh, Punjab - 344110",3,2,ACC00521;ACC00522,REC000804;REC000805;REC000806,False,False,R0_same_account;R1_same_pan;R2_phone_and_name_sim;R3_address_and_name_sim;R4_phone_and_address
PERSON00361,Vasantha Iyer & Sons,9647787024,RUSGP3384S,"104, Avenue, Kolkata, West Bengal - 393273",4,2,ACC00523;ACC00524,REC000807;REC000808;REC000809;REC000810,False,False,R0_same_account;R1_same_pan;R2_phone_and_name_sim;R3_address_and_name_sim;R4_phone_and_address
PERSON00362,Ramesh Malhotra,7546584245,YYEET7259N,"691, Extension, Surat, Gujarat - 216956",3,2,ACC00525;ACC00526,REC000811;REC000812;REC000813,False,False,R0_same_account;R1_same_pan;R2_phone_and_name_sim;R3_address_and_name_sim;R4_phone_and_address
PERSON00363,Sanjay Tiwari & Sons,9246671676,DBRIL7511L,"520, Avenue, Mysuru, Karnataka - 495025",2,1,ACC00527,REC000814;REC000815,False,False,R0_same_account
PERSON00364,Joseph Agarwal,9851137831,HXHXS1015Z,"708, Layout, Mumbai, Maharashtra - 356248",5,3,ACC00528;ACC00529;ACC00530,REC000816;REC000817;REC000818;REC000819;REC000820,False,False,R0_same_account;R1_same_pan;R2_phone_and_name_sim;R3_address_and_name_sim;R4_phone_and_address
PERSON00365,Srinivas Pillai & Sons,7893153647,,,1,1,ACC00531,REC000821,False,False,
PERSON00366,Srinivas Pillai & Sons,,JGIMS9437C,"246, Main Road, Thiruvananthapuram, Kerala - 539199",1,1,ACC00532,REC000822,False,False,
PERSON00367,Sarita Mehta,6403092963,YAIBY3767J,"130, Avenue, Patna, Bihar - 277973",1,1,ACC00533,REC000823,False,False,
PERSON00368,JASPREET CHATTERJEE,9524125535,RWEGD4494S,"280, Cross Street, Chandigarh, Punjab - 141616",2,1,ACC00534,REC000824;REC000825,False,False,R0_same_account;R1_same_pan
PERSON00369,Anil Kahn,9414957932,GTBBY7181H,"183, Layout, Chandigarh, Punjab - 639607",2,1,ACC00535,REC000826;REC000827,False,False,R0_same_account
PERSON00370,D. Sharma,8753055616,CGIVM6231T,"917, Nagar, Jaipur, Rajasthan - 527278",1,1,ACC00536,REC000828,False,False,
PERSON00371,Vijay Das & Sons,8566975260,,,1,1,ACC00537,REC000829,False,False,
PERSON00372,NISHA BRAR,6688187817,QICVZ6858T,"46, Avenue, Chennai, Tamil Nadu - 113585",1,1,ACC00538,REC000830,False,False,
PERSON00373,Padma Sandhu,8510141501,ULJNG0927O,"329, Avenue, Hyderabad, Telangana - 509993",2,1,ACC00539,REC000831;REC000832,False,False,R0_same_account
PERSON00374,Saxena Divya,9590236719,DWVWU6686D,"710, Avenue, Ahmedabad, Gujarat - 265917",2,1,ACC00540,REC000833;REC000834,False,False,R0_same_account;R4_phone_and_address
PERSON00375,AMANDEEP KHAN,,MIAUV9846G,,1,1,ACC00541,REC000835,False,False,
PERSON00376,Gopal Ansari & Sons,8587408524,PWYVG8690G,"588, Nagar, Nagpur, Maharashtra - 685549",3,2,ACC00542;ACC00543,REC000836;REC000837;REC000838,False,False,R0_same_account;R1_same_pan;R2_phone_and_name_sim;R3_address_and_name_sim;R4_phone_and_address
PERSON00377,SHOBHA KUMAR,8744472870,FHDOM4156I,"638, Avenue, Mumbai, Maharashtra - 357035",2,1,ACC00544,REC000839;REC000840,False,False,R0_same_account;R1_same_pan;R3_address_and_name_sim
PERSON00378,Anjali Iyre,6147122988,NHMHQ0140G,"307, Cross Street, Chandigarh, Punjab - 591951",2,1,ACC00545,REC000841;REC000842,False,False,R0_same_account
PERSON00379,Shah Prakash,9482654827,,,1,1,ACC00546,REC000843,False,False,
PERSON00380,Sabiha Varghese & Sons,9745553548,BDTRN1302N,"400, Layout, Lucknow, Uttar Pradesh - 590595",2,2,ACC00547;ACC00548,REC000844;REC000845,False,False,R1_same_pan
PERSON00381,Nitin Mailk,8929350995,FFSGE0194F,"742, Main Road, Madurai, Tamil Nadu - 256455",1,1,ACC00549,REC000846,False,False,
PERSON00382,Manisha Saxena & Sons,,QNQRI1899U,"873, Layout, Pune, Maharashtra - 110828",1,1,ACC00550,REC000847,False,False,
PERSON00383,Sabiha Dhlilon,9047356618,MBDJD1378F,,2,1,ACC00551,REC000848;REC000849,False,False,R0_same_account;R1_same_pan
PERSON00384,Kapoor Prakash,9964311259,UQHOX1813K,"794, Cross Street, Madurai, Tamil Nadu - 416815",5,3,ACC00552;ACC00553;ACC00554,REC000850;REC000851;REC000852;REC000853;REC000854,False,False,R0_same_account;R1_same_pan;R2_phone_and_name_sim;R3_address_and_name_sim;R4_phone_and_address
PERSON00385,Chatterjee Nithya,8337329338,HBJNA2350U,,1,1,ACC00555,REC000855,False,False,
PERSON00386,Tiwari Zubair,6527340875,,"494, Layout, Coimbatore, Tamil Nadu - 299167",2,1,ACC00556,REC000856;REC000857,False,False,R0_same_account
PERSON00387,U. Ghosh,6650657470,,"956, Main Road, Ahmedabad, Gujarat - 330424",1,1,ACC00557,REC000858,False,False,
PERSON00388,A. Sheikh,7347432419,ZGGOE6869F,"821, Nagar, Jaipur, Rajasthan - 527320",1,1,ACC00558,REC000859,False,False,
PERSON00389,Dhillon Rohit,9375551341,ZTPBD8874A,"240, Extension, Coimbatore, Tamil Nadu - 542063",2,1,ACC00559,REC000860;REC000861,False,False,R0_same_account;R1_same_pan;R4_phone_and_address
PERSON00390,VASANTHA MISHRA,7303890220,OLIJP0798T,"492, Colony, Ahmedabad, Gujarat - 405560",2,1,ACC00560,REC000862;REC000863,False,False,R0_same_account;R1_same_pan;R2_phone_and_name_sim
PERSON00391,Vinod Malhotra & Sons,8265375471,,,1,1,ACC00561,REC000864,False,False,
PERSON00392,Suresh Bhatt & Sons,9637743214,PJAJQ9006H,"658, Layout, Bhopal, Madhya Pradesh - 162659",2,2,ACC00562;ACC00563,REC000865;REC000866,False,False,R3_address_and_name_sim
PERSON00393,Deepa Nair & Sons,7880467553,VUILY0662K,"792, Cross Street, Kochi, Kerala - 422836",2,1,ACC00564,REC000867;REC000868,False,False,R0_same_account;R1_same_pan
PERSON00394,RAVI SHEIKH,8676682119,URBQU3434Y,"905, Layout, Nagpur, Maharashtra - 184201",1,1,ACC00565,REC000869,False,False,
PERSON00395,Brar Shreya,7803150693,JANWG2062R,"119, Extension, Delhi, Delhi - 664133",2,2,ACC00566;ACC00567,REC000870;REC000871,False,False,R1_same_pan;R4_phone_and_address
PERSON00396,Karthik Pillai & Sons,6131673441,RSSGR0477D,"681, Layout, Jaipur, Rajasthan - 279171",2,2,ACC00568;ACC00569,REC000872;REC000873,False,False,R1_same_pan
PERSON00397,Rekha Gill,7375523443,QJMKI5056F,"139, Layout, Bengaluru, Karnataka - 550616",2,1,ACC00570,REC000874;REC000875,False,False,R0_same_account;R1_same_pan;R4_phone_and_address
PERSON00398,Desai Zeenat,7459915452,NSGFG4019R,"516, Main Road, Chennai, Tamil Nadu - 657896",5,3,ACC00571;ACC00572;ACC00573,REC000876;REC000877;REC000878;REC000879;REC000880,False,False,R0_same_account;R1_same_pan;R2_phone_and_name_sim;R3_address_and_name_sim;R4_phone_and_address
PERSON00399,Sabiha Iyer & Sons,8685525485,BTQMQ7711T,"326, Layout, Hyderabad, Telangana - 247583",2,2,ACC00574;ACC00575,REC000881;REC000882,False,False,R1_same_pan
PERSON00400,Ramesh Brar & Sons,7751339356,VDAXR5428L,,2,2,ACC00576;ACC00577,REC000883;REC000884,False,False,R1_same_pan
PERSON00401,Imran Bansal,7015160352,UHPVR2715Z,"208, Layout, Pune, Maharashtra - 381289",2,1,ACC00578,REC000885;REC000886,False,False,R0_same_account;R1_same_pan;R2_phone_and_name_sim;R3_address_and_name_sim;R4_phone_and_address
PERSON00402,Ashok Varghese,8235071792,,,1,1,ACC00579,REC000887,False,False,
PERSON00403,Anna Panedy,,HMCSM9887D,"943, Colony, Chennai, Tamil Nadu - 155528",1,1,ACC00580,REC000888,False,False,
PERSON00404,Iyer Lakshmi,9605301911,PWMUN6087D,,1,1,ACC00581,REC000889,False,False,
PERSON00405,Arun Amed,6590996845,,"240, Extension, Thiruvananthapuram, Kerala - 642565",1,1,ACC00582,REC000890,False,False,
PERSON00406,Gopal Ghosh & Sons,6282681062,QNCWQ4221G,"936, Nagar, Mysuru, Karnataka - 310438",3,2,ACC00583;ACC00584,REC000891;REC000892;REC000893,False,False,R0_same_account;R1_same_pan;R2_phone_and_name_sim;R3_address_and_name_sim;R4_phone_and_address
PERSON00407,Sangeeta Bhatt & Sons,6301447867,UCXTL3311Q,"961, Colony, Chennai, Tamil Nadu - 438603",3,2,ACC00585;ACC00586,REC000894;REC000895;REC000896,False,False,R0_same_account;R1_same_pan;R2_phone_and_name_sim;R3_address_and_name_sim;R4_phone_and_address
PERSON00408,NITHYA NAIR,9264573303,SHIXQ9950A,"796, Nagar, Mumbai, Maharashtra - 497533",3,2,ACC00587;ACC00588,REC000897;REC000898;REC000899,False,False,R0_same_account;R1_same_pan;R3_address_and_name_sim
PERSON00409,Rohit Iyengar,9277477189,SBESZ9527V,"875, Cross Street, Kochi, Kerala - 389187",2,1,ACC00589,REC000900;REC000901,False,False,R0_same_account;R4_phone_and_address
PERSON00410,Sarita Qureshi,8138285443,LTVTV4435R,"75, Main Road, Kochi, Kerala - 622449",1,1,ACC00590,REC000902,False,False,
PERSON00411,ANITA BRAR,6148356230,NOYCF8992V,"128, Extension, Nagpur, Maharashtra - 170016",2,1,ACC00591,REC000903;REC000904,False,False,R0_same_account;R1_same_pan;R2_phone_and_name_sim;R3_address_and_name_sim;R4_phone_and_address
PERSON00412,Bansal Geeta,6128349289,IENWZ1685S,"383, Main Road, Surat, Gujarat - 355312",1,1,ACC00592,REC000905,False,False,
PERSON00413,Iyer Mahesh,7732729414,HAKOJ3565E,"362, Avenue, Jaipur, Rajasthan - 490233",1,1,ACC00593,REC000906,False,False,
PERSON00414,Rajwinder Bansal & Sons,6561912336,,"60, Main Road, Delhi, Delhi - 642202",2,1,ACC00594,REC000907;REC000908,False,False,R0_same_account;R2_phone_and_name_sim;R3_address_and_name_sim;R4_phone_and_address
PERSON00415,Thomas Gohsh,6845236658,JSNTI1779O,"432, Nagar, Lucknow, Uttar Pradesh - 203835",2,1,ACC00595,REC000909;REC000910,False,False,R0_same_account;R2_phone_and_name_sim;R3_address_and_name_sim;R4_phone_and_address
PERSON00416,Singh Swati,6554254464,,"84, Nagar, Thiruvananthapuram, Kerala - 489473",1,1,ACC00596,REC000911,False,False,
PERSON00417,Rao Venkatesh,6469399757,DKTTR4560F,"155, Avenue, Patna, Bihar - 531650",1,1,ACC00597,REC000912,False,False,
PERSON00418,Anil Iyer & Sons,8665820810,QQPDG2201F,"909, Nagar, Chennai, Tamil Nadu - 699795",4,3,ACC00598;ACC00599;ACC00600,REC000913;REC000914;REC000915;REC000916,False,False,R0_same_account;R1_same_pan;R2_phone_and_name_sim;R3_address_and_name_sim;R4_phone_and_address
PERSON00419,Prakash Sheikh & Sons,,HMWQM2833I,"106, Main Road, Mysuru, Karnataka - 316015",1,1,ACC00601,REC000917,False,False,
PERSON00420,RAMESH GUPTA,8446641782,,"827, Main Road, Jaipur, Rajasthan - 388337",2,2,ACC00602;ACC00603,REC000918;REC000919,False,False,R2_phone_and_name_sim
PERSON00421,Mary Tiwari & Sons,8484455462,UAOQM7735A,"52, Layout, Ahmedabad, Gujarat - 465738",1,1,ACC00604,REC000920,False,False,
PERSON00422,S. Menon,6463853820,,"330, Nagar, Madurai, Tamil Nadu - 118982",1,1,ACC00605,REC000921,False,False,
PERSON00423,Vijay Mukhrejee,8840461295,NZZZI0092C,"36, Extension, Pune, Maharashtra - 410198",2,1,ACC00606,REC000922;REC000923,False,False,R0_same_account;R4_phone_and_address
PERSON00424,HARISH MALIK,7921036154,LLFAX2714M,"175, Layout, Kochi, Kerala - 214683",2,1,ACC00607,REC000924;REC000925,False,False,R0_same_account;R2_phone_and_name_sim;R3_address_and_name_sim;R4_phone_and_address
PERSON00425,Balaji Varghese & Sons,,VGJZH2894U,"602, Main Road, Jaipur, Rajasthan - 385862",1,1,ACC00608,REC000926,False,False,
PERSON00426,Lakshmi Thomas & Sons,7962318510,GERGF1181W,"337, Nagar, Madurai, Tamil Nadu - 166840",2,1,ACC00609,REC000927;REC000928,False,False,R0_same_account;R1_same_pan;R2_phone_and_name_sim;R3_address_and_name_sim;R4_phone_and_address
PERSON00427,GOPAL SHARMA,6605557678,DTWXE6535U,,2,1,ACC00610,REC000929;REC000930,False,False,R0_same_account;R1_same_pan;R2_phone_and_name_sim
PERSON00428,Kumar Nisha,,TAHBI6912L,"381, Extension, Mumbai, Maharashtra - 586983",2,2,ACC00611;ACC00612,REC000931;REC000932,False,False,R1_same_pan
PERSON00429,SANDEEP GUPTA,9596876977,ZDHSL3026X,"112, Extension, Ahmedabad, Gujarat - 624080",2,1,ACC00613,REC000933;REC000934,False,False,R0_same_account;R2_phone_and_name_sim
PERSON00430,AMANDEEP MALIK,6175035492,DOMMC6317T,,2,1,ACC00614,REC000935;REC000936,False,False,R0_same_account;R1_same_pan
PERSON00431,Bhavana Sahh,8943355922,OLPFI3406H,"315, Extension, Pune, Maharashtra - 526966",1,1,ACC00615,REC000937,False,False,
PERSON00432,Sanjay Sinhg,8722857998,JGCRB1226I,"523, Avenue, Mumbai, Maharashtra - 361357",3,2,ACC00616;ACC00617,REC000938;REC000939;REC000940,False,False,R0_same_account;R2_phone_and_name_sim;R3_address_and_name_sim;R4_phone_and_address
PERSON00433,Amit Karu,,QWVNR3617N,"575, Cross Street, Hyderabad, Telangana - 196233",1,1,ACC00618,REC000941,False,False,
PERSON00434,SIMRAN MUKHERJEE,8423215593,QGMSN2243Y,"244, Nagar, Patna, Bihar - 268353",2,1,ACC00619,REC000942;REC000943,False,False,R0_same_account;R1_same_pan;R2_phone_and_name_sim;R3_address_and_name_sim;R4_phone_and_address
PERSON00435,Sangeeta Pillai & Sons & Sons,9122771724,WMUVU8908R,"434, Cross Street, Kochi, Kerala - 141056",4,3,ACC00620;ACC00621;ACC00622,REC000944;REC000945;REC000946;REC000947,False,False,R0_same_account;R2_phone_and_name_sim;R3_address_and_name_sim;R4_phone_and_address
PERSON00436,ANJALI BRAR,6598073504,SXNUG8586V,"41, Cross Street, Hyderabad, Telangana - 283939",3,2,ACC00623;ACC00624,REC000948;REC000949;REC000950,False,False,R0_same_account;R1_same_pan;R2_phone_and_name_sim;R3_address_and_name_sim;R4_phone_and_address
PERSON00437,F. Ghosh,9118062423,MHKKF9225V,"17, Cross Street, Kochi, Kerala - 472040",4,2,ACC00625;ACC00626,REC000951;REC000952;REC000953;REC000954,False,False,R0_same_account;R1_same_pan;R2_phone_and_name_sim;R3_address_and_name_sim;R4_phone_and_address
PERSON00438,Irfan Johsi,7994377939,JHOYM5832D,"784, Layout, Mysuru, Karnataka - 660550",2,1,ACC00627,REC000955;REC000956,False,False,R0_same_account;R1_same_pan
PERSON00439,KIRAN DHILLON,8810287057,YYITD2191Z,"298, Cross Street, Ahmedabad, Gujarat - 196195",2,1,ACC00628,REC000957;REC000958,False,False,R0_same_account;R1_same_pan
PERSON00440,Sneha Malhotra,7509772108,RHOQJ0867E,"166, Avenue, Chandigarh, Punjab - 346160",2,1,ACC00629,REC000959;REC000960,False,False,R0_same_account
PERSON00441,Dinesh Nair,7778433091,AFMVD2044T,"692, Avenue, Kochi, Kerala - 290132",2,2,ACC00630;ACC00631,REC000961;REC000962,False,False,R1_same_pan;R3_address_and_name_sim
PERSON00442,I. Ahmed,8724508707,,,1,1,ACC00632,REC000963,False,False,
PERSON00443,Pankaj Yadav & Sons,8479611803,MNAIJ6979F,"739, Avenue, Chennai, Tamil Nadu - 251082",2,1,ACC00633,REC000964;REC000965,False,False,R0_same_account;R1_same_pan;R4_phone_and_address
PERSON00444,Trivedi Irfan,8915455004,WNSKC5540U,,1,1,ACC00634,REC000966,False,False,
PERSON00445,Jaspreet Shrama,6144494488,PHXVO7203H,"906, Nagar, Madurai, Tamil Nadu - 210670",2,1,ACC00635,REC000967;REC000968,False,False,R0_same_account;R4_phone_and_address
PERSON00446,B. Agarwal,7913317331,,"186, Main Road, Madurai, Tamil Nadu - 318230",1,1,ACC00636,REC000969,False,False,
PERSON00447,Vandana Kaur & Sons,,YFTCL1374M,"195, Layout, Chandigarh, Punjab - 523849",2,1,ACC00637,REC000970;REC000971,False,False,R0_same_account;R1_same_pan
PERSON00448,M. Joshi,6080780534,LVLJV3381S,"224, Layout, Chandigarh, Punjab - 351779",4,3,ACC00638;ACC00639;ACC00640,REC000972;REC000973;REC000974;REC000975,False,False,R0_same_account;R1_same_pan;R3_address_and_name_sim;R4_phone_and_address
PERSON00449,S. Varghese,8665964805,UXIXF0350X,,1,1,ACC00641,REC000976,False,False,
PERSON00450,N. Bose,8732679562,SFPWW4674X,"481, Extension, Pune, Maharashtra - 217788",1,1,ACC00642,REC000977,False,False,
PERSON00451,Pillai & Sons Rahul,8005218172,LVVUV5130E,"545, Main Road, Pune, Maharashtra - 105617",2,1,ACC00643,REC000978;REC000979,False,False,R0_same_account;R1_same_pan;R4_phone_and_address
PERSON00452,Rahul Pillai & Sons & Sons,8005218172,,,1,1,ACC00644,REC000980,False,False,
PERSON00453,Rahul Saxean,9315249632,PLAXU5214N,"616, Layout, Delhi, Delhi - 133812",2,1,ACC00645,REC000981;REC000982,False,False,R0_same_account;R1_same_pan
PERSON00454,Pillai & Sons Anjali,6537561247,,"861, Main Road, Mumbai, Maharashtra - 631509",1,1,ACC00646,REC000983,False,False,
PERSON00455,Anjali Patl,7625042077,JDPRW7737I,"695, Layout, Bengaluru, Karnataka - 648954",1,1,ACC00647,REC000984,False,False,
PERSON00456,Vikram Bhatt & Sons,9210094067,RSGQC4448U,"306, Extension, Bhopal, Madhya Pradesh - 491911",2,1,ACC00648,REC000985;REC000986,False,False,R0_same_account;R1_same_pan;R2_phone_and_name_sim;R3_address_and_name_sim;R4_phone_and_address
PERSON00457,Amandeep Iyengar,8165465724,,"461, Avenue, Bhopal, Madhya Pradesh - 125371",1,1,ACC00649,REC000987,False,False,
PERSON00458,Manpreet Iyer & Sons,8029868332,,"992, Extension, Delhi, Delhi - 646926",2,1,ACC00650,REC000988;REC000989,False,False,R0_same_account;R2_phone_and_name_sim
PERSON00459,Deepa Gill,8560371566,VTXLK4291S,"677, Avenue, Delhi, Delhi - 483634",1,1,ACC00651,REC000990,False,False,
PERSON00460,Anil Kaur & Sons,,LTHCT5186I,"83, Layout, Bengaluru, Karnataka - 247969",2,2,ACC00652;ACC00653,REC000991;REC000992,False,False,R1_same_pan
PERSON00461,Sunil Malhora,,IAKJF0827A,"563, Nagar, Bhopal, Madhya Pradesh - 421395",2,1,ACC00654,REC000993;REC000994,False,False,R0_same_account;R1_same_pan
PERSON00462,HARISH KAPOOR,8414531358,,"624, Nagar, Delhi, Delhi - 293621",1,1,ACC00655,REC000995,False,False,
PERSON00463,Vandana Banerjee,8207932445,TSJDV2279I,"270, Colony, Jaipur, Rajasthan - 184872",2,1,ACC00656,REC000996;REC000997,False,False,R0_same_account;R4_phone_and_address
PERSON00464,Vijay Kaur & Sons,8969364737,TPDQK0021S,,1,1,ACC00657,REC000998,False,False,
PERSON00465,AJAY BHATT,9154253207,,"7, Avenue, Patna, Bihar - 577856",1,1,ACC00658,REC000999,False,False,
PERSON00466,Susan Pillai  &Sons,6146685814,ETGPB4049W,"438, Nagar, Mumbai, Maharashtra - 239754",6,3,ACC00659;ACC00660;ACC00661,REC001000;REC001001;REC001002;REC001003;REC001004;REC001005,False,False,R0_same_account;R1_same_pan;R3_address_and_name_sim;R4_phone_and_address;R5_initials;R8_soundex
PERSON00467,Vinod Singh,7214569402,JYODD6851P,"619, Layout, Delhi, Delhi - 340165",2,1,ACC00662,REC001006;REC001007,False,False,R0_same_account;R2_phone_and_name_sim;R3_address_and_name_sim;R4_phone_and_address
PERSON00468,SRINIVAS GILL,9682690951,,,1,1,ACC00663,REC001008,False,False,
PERSON00469,Irfan Saxena,7779365683,FWEDT3853K,"744, Nagar, Kochi, Kerala - 518391",2,1,ACC00664,REC001009;REC001010,False,False,R0_same_account;R3_address_and_name_sim
PERSON00470,Shobha Chtaterjee,6138177230,MYFBI6435D,"626, Nagar, Kochi, Kerala - 470327",2,1,ACC00665,REC001011;REC001012,False,False,R0_same_account;R1_same_pan;R2_phone_and_name_sim;R3_address_and_name_sim;R4_phone_and_address
PERSON00471,Faisal Trviedi,6905019410,QEGCB8576H,"288, Layout, Ahmedabad, Gujarat - 379620",3,2,ACC00666;ACC00667,REC001013;REC001014;REC001015,False,False,R0_same_account;R1_same_pan
PERSON00472,Vandana Anasri,6023421950,NIJFT9064B,"173, Colony, Ahmedabad, Gujarat - 553090",1,1,ACC00668,REC001016,False,False,
PERSON00473,Balaji Chatterjee & Sons,9331661175,XYKLD1540E,"612, Main Road, Ahmedabad, Gujarat - 210974",3,2,ACC00669;ACC00670,REC001017;REC001018;REC001019,False,False,R0_same_account;R1_same_pan;R2_phone_and_name_sim;R3_address_and_name_sim;R4_phone_and_address
PERSON00474,AJAY QURESHI,8675436855,GKTUG9844F,"696, Main Road, Ahmedabad, Gujarat - 496596",2,1,ACC00671,REC001020;REC001021,False,False,R0_same_account;R1_same_pan;R3_address_and_name_sim
PERSON00475,Harleen Khan & Sons,7560386027,LRWHI1468W,"485, Nagar, Chandigarh, Punjab - 441061",2,1,ACC00672,REC001022;REC001023,False,False,R0_same_account;R1_same_pan;R4_phone_and_address
PERSON00476,AMIT KAPOOR,6137505997,RXMHJ8614R,"96, Nagar, Nagpur, Maharashtra - 574689",3,2,ACC00673;ACC00674,REC001024;REC001025;REC001026,False,False,R0_same_account;R1_same_pan;R3_address_and_name_sim
PERSON00477,P. Dhillon,,FRVWL5662W,,1,1,ACC00675,REC001027,False,False,
PERSON00478,Thomas Mukherjee,7868067936,WXVDC4783C,"294, Extension, Hyderabad, Telangana - 373278",2,2,ACC00676;ACC00677,REC001028;REC001029,False,False,R1_same_pan
PERSON00479,Manoj Shrma,6885961598,,"926, Nagar, Thiruvananthapuram, Kerala - 121899",1,1,ACC00678,REC001030,False,False,
PERSON00480,Gaurav Pandey & Sons,8362599205,UZMHB7603S,"550, Colony, Patna, Bihar - 525298",3,2,ACC00679;ACC00680,REC001031;REC001032;REC001033,False,False,R0_same_account;R1_same_pan;R2_phone_and_name_sim
PERSON00481,Gaurav Pillai & Sons,6768695409,YUXGC1045Z,"364, Avenue, Thiruvananthapuram, Kerala - 652728",2,1,ACC00681,REC001034;REC001035,False,False,R0_same_account;R1_same_pan;R3_address_and_name_sim
PERSON00482,Preethi Chatterjee & Sons,6311898172,EGIWA1602K,"104, Nagar, Bhopal, Madhya Pradesh - 100536",1,1,ACC00682,REC001036,False,False,
PERSON00483,Kapoor Usha,,HGPLF3040N,"441, Colony, Mumbai, Maharashtra - 581636",2,2,ACC00683;ACC00684,REC001037;REC001038,False,False,R1_same_pan
PERSON00484,A. Das,8732432960,NWPUS7505C,"484, Colony, Thiruvananthapuram, Kerala - 570592",1,1,ACC00685,REC001039,False,False,
PERSON00485,ANJALI DUBEY,7314911346,WWCFS1134N,"551, Main Road, Kochi, Kerala - 226771",2,2,ACC00686;ACC00687,REC001040;REC001041,False,False,R1_same_pan;R3_address_and_name_sim
PERSON00486,AYESHA SENGUPTA,7196492781,XFZLM2183E,"869, Layout, Jaipur, Rajasthan - 234341",1,1,ACC00688,REC001042,False,False,
PERSON00487,Iyer Venkatesh,7019172060,CAHEN2486Y,"702, Colony, Bengaluru, Karnataka - 176467",2,1,ACC00689,REC001043;REC001044,False,False,R0_same_account;R1_same_pan
PERSON00488,Kaur Joseph,7445587122,GIXCJ4923U,"392, Nagar, Kolkata, West Bengal - 570763",1,1,ACC00690,REC001045,False,False,
PERSON00489,Sunil Kapoor & Sons,7272787365,ZVPSO6815J,"839, Nagar, Mysuru, Karnataka - 399843",2,1,ACC00691,REC001046;REC001047,False,False,R0_same_account;R1_same_pan
PERSON00490,Arun Sengupat,,HJMPJ7915C,"144, Nagar, Jaipur, Rajasthan - 242369",2,1,ACC00692,REC001048;REC001049,False,False,R0_same_account;R3_address_and_name_sim
PERSON00491,B. Ansari,8997424203,,"475, Nagar, Surat, Gujarat - 227781",1,1,ACC00693,REC001050,False,False,
PERSON00492,Srinivas Chauhan & Sons,7102503358,,"830, Main Road, Ahmedabad, Gujarat - 517164",2,1,ACC00694,REC001051;REC001052,False,False,R0_same_account;R4_phone_and_address
PERSON00493,Divya Ahmed & Sons,6363015646,TVVQQ0943C,"423, Colony, Bhopal, Madhya Pradesh - 492629",1,1,ACC00695,REC001053,False,False,
PERSON00494,Manpreet Brar & Sons,7216580984,TNFBE4583T,"164, Avenue, Kolkata, West Bengal - 450569",3,2,ACC00696;ACC00697,REC001054;REC001055;REC001056,False,False,R0_same_account;R1_same_pan;R2_phone_and_name_sim
PERSON00495,Lakshmi Khan,9186281415,SOVAC7073O,"325, Nagar, Patna, Bihar - 178192",2,1,ACC00698,REC001057;REC001058,False,False,R0_same_account;R1_same_pan
PERSON00496,Harpreet Malhotra & Sons,6146650047,DTHEH2606O,"727, Avenue, Jaipur, Rajasthan - 314046",3,2,ACC00699;ACC00700,REC001059;REC001060;REC001061,False,False,R0_same_account;R1_same_pan;R2_phone_and_name_sim;R3_address_and_name_sim;R4_phone_and_address
PERSON00497,SABIHA SAXENA,6098690125,IJNVH7084K,"649, Colony, Mumbai, Maharashtra - 186104",2,1,ACC00701,REC001062;REC001063,False,False,R0_same_account
PERSON00498,Sanjay Ahmed & Sons,7170237939,MEEFZ1389K,"464, Cross Street, Surat, Gujarat - 441268",2,1,ACC00702,REC001064;REC001065,False,False,R0_same_account;R1_same_pan
PERSON00499,Jaspreet Sengupta & Sons,9541877875,YVMLD6275Z,"107, Colony, Chennai, Tamil Nadu - 189270",4,3,ACC00703;ACC00704;ACC00705,REC001066;REC001067;REC001068;REC001069,False,False,R0_same_account;R1_same_pan;R2_phone_and_name_sim;R3_address_and_name_sim;R4_phone_and_address
PERSON00500,Gurpreet Nair,,VKBNQ5665S,"652, Extension, Ahmedabad, Gujarat - 480342",1,1,ACC00706,REC001070,False,False,
PERSON00501,Venkatesh Agarwal,8491130425,ROODE5344U,"186, Colony, Bhopal, Madhya Pradesh - 564063",2,1,ACC00707,REC001071;REC001072,False,False,R0_same_account;R1_same_pan;R2_phone_and_name_sim;R3_address_and_name_sim;R4_phone_and_address
PERSON00502,Malik Priya,7914181357,OHYDI1431F,,2,1,ACC00708,REC001073;REC001074,False,False,R0_same_account
PERSON00503,Balaji Agarwal & Sons,,AFPDC7814P,"758, Cross Street, Ahmedabad, Gujarat - 673854",2,1,ACC00709,REC001075;REC001076,False,False,R0_same_account;R1_same_pan
PERSON00504,Muthu Msihra,7573016822,,"978, Colony, Bhopal, Madhya Pradesh - 490128",1,1,ACC00710,REC001077,False,False,
PERSON00505,VIJAY SHARMA,8717180930,EULCO3383W,"309, Cross Street, Coimbatore, Tamil Nadu - 490909",2,1,ACC00711,REC001078;REC001079,False,False,R0_same_account;R3_address_and_name_sim
PERSON00506,Ajay Malk,9158011606,JRGMV8102P,"969, Nagar, Thiruvananthapuram, Kerala - 575820",2,1,ACC00712,REC001080;REC001081,False,False,R0_same_account
PERSON00507,Nitin Gupta & Sons,7959878455,TGWWL3793J,"292, Main Road, Surat, Gujarat - 379392",2,1,ACC00713,REC001082;REC001083,False,False,R0_same_account;R1_same_pan;R4_phone_and_address
PERSON00508,Kritika Kahn,8480760186,,,1,1,ACC00714,REC001084,False,False,
PERSON00509,Jain Suresh,7315222250,IGZYB2299T,"912, Layout, Pune, Maharashtra - 152391",6,3,ACC00715;ACC00716;ACC00717,REC001085;REC001086;REC001087;REC001088;REC001089;REC001090,False,False,R0_same_account;R1_same_pan;R2_phone_and_name_sim;R3_address_and_name_sim;R4_phone_and_address;R5_initials;R6_reversed
PERSON00510,POOJA GHOSH,7516195345,XEMAD9442K,"689, Colony, Chandigarh, Punjab - 564975",5,3,ACC00718;ACC00719;ACC00720,REC001091;REC001092;REC001093;REC001094;REC001095,False,False,R0_same_account;R1_same_pan;R2_phone_and_name_sim;R3_address_and_name_sim;R4_phone_and_address
PERSON00511,Agarwal Manisha,7384287741,YQDZR3921F,"867, Cross Street, Nagpur, Maharashtra - 120798",4,2,ACC00721;ACC00722,REC001096;REC001097;REC001098;REC001099,False,False,R0_same_account;R1_same_pan;R4_phone_and_address
PERSON00512,Bhavana Mahlotra,8636124424,MVDGC5699F,"559, Nagar, Hyderabad, Telangana - 239064",3,2,ACC00723;ACC00724,REC001100;REC001101;REC001102,False,False,R0_same_account;R1_same_pan;R2_phone_and_name_sim;R3_address_and_name_sim
PERSON00513,Karthik Chauhan & Sons,6318790585,TYIQD2395Q,"364, Avenue, Coimbatore, Tamil Nadu - 292069",2,1,ACC00725,REC001103;REC001104,False,False,R0_same_account;R1_same_pan;R2_phone_and_name_sim;R3_address_and_name_sim;R4_phone_and_address
PERSON00514,Padma Iyer & Sons,7307427123,WVBFH2348J,"750, Colony, Chandigarh, Punjab - 687142",3,2,ACC00726;ACC00727,REC001105;REC001106;REC001107,False,False,R0_same_account;R2_phone_and_name_sim;R3_address_and_name_sim;R4_phone_and_address
PERSON00515,George Brar & Sons,9784555177,JDUKH8004Y,"576, Colony, Kochi, Kerala - 350638",2,1,ACC00728,REC001108;REC001109,False,False,R0_same_account;R1_same_pan
PERSON00516,Nitin Ieyr,8472867466,CQRSV8535F,"203, Avenue, Chandigarh, Punjab - 128410",2,2,ACC00729;ACC00730,REC001110;REC001111,False,False,R1_same_pan;R2_phone_and_name_sim;R3_address_and_name_sim;R4_phone_and_address
PERSON00517,Gurpreet Niadu,7400730157,SUUFR1809K,"568, Cross Street, Madurai, Tamil Nadu - 199641",1,1,ACC00731,REC001112,False,False,
PERSON00518,Kiran Twiari,7520275214,NUPQL5515P,"923, Colony, Bhopal, Madhya Pradesh - 135821",2,1,ACC00732,REC001113;REC001114,False,False,R0_same_account;R1_same_pan
PERSON00519,Varghese Anjali,8518809856,ZPEBU5584F,"990, Colony, Pune, Maharashtra - 292159",3,2,ACC00733;ACC00734,REC001115;REC001116;REC001117,False,False,R0_same_account;R4_phone_and_address
PERSON00520,Anil Nair,6966570459,ENGIC5871K,"734, Extension, Chennai, Tamil Nadu - 504520",4,2,ACC00735;ACC00736,REC001118;REC001119;REC001120;REC001121,False,False,R0_same_account;R1_same_pan;R2_phone_and_name_sim;R3_address_and_name_sim;R4_phone_and_address
PERSON00521,Balaji Reddy & Sons,9310139369,NYXAO5811D,"89, Main Road, Bhopal, Madhya Pradesh - 453750",4,2,ACC00737;ACC00738,REC001122;REC001123;REC001124;REC001125,False,False,R0_same_account;R1_same_pan;R2_phone_and_name_sim
PERSON00522,Kavita Kumar & Sons,,NCRTG9024H,"485, Layout, Bhopal, Madhya Pradesh - 690373",2,1,ACC00739,REC001126;REC001127,False,False,R0_same_account;R1_same_pan
PERSON00523,Priya Pilai,,BLKOE7440N,,1,1,ACC00740,REC001128,False,False,
PERSON00524,Thomas Sihdu,6664556429,QOAVO1935V,"381, Avenue, Thiruvananthapuram, Kerala - 565741",2,1,ACC00741,REC001129;REC001130,False,False,R0_same_account
PERSON00525,Pillai Ravi,7899937677,ACLBC0483E,"783, Colony, Bengaluru, Karnataka - 219348",5,3,ACC00742;ACC00743;ACC00744,REC001131;REC001132;REC001133;REC001134;REC001135,False,False,R0_same_account;R1_same_pan;R2_phone_and_name_sim;R3_address_and_name_sim;R4_phone_and_address
PERSON00526,Meena Nair & Sons,8251647417,UTQTN1179L,"398, Colony, Patna, Bihar - 651260",4,3,ACC00745;ACC00746;ACC00747,REC001136;REC001137;REC001138;REC001139,False,False,R0_same_account;R1_same_pan;R2_phone_and_name_sim;R3_address_and_name_sim
PERSON00527,Muthu Das & Sons,7428774162,LDTAN4269Y,"270, Layout, Coimbatore, Tamil Nadu - 578115",2,1,ACC00748,REC001140;REC001141,False,False,R0_same_account;R4_phone_and_address
PERSON00528,Kalpana Gupta,8037005643,UWQLI2452Z,"822, Nagar, Thiruvananthapuram, Kerala - 618222",1,1,ACC00749,REC001142,False,False,
PERSON00529,Tiwari Susan,6708225628,POFRJ5333T,,2,1,ACC00750,REC001143;REC001144,False,False,R0_same_account
PERSON00530,Karthik Nair & Sons,,GTJEW6913S,"272, Avenue, Delhi, Delhi - 642347",1,1,ACC00751,REC001145,False,False,
PERSON00531,HARPREET SHEIKH,8814278655,EFTSW7769K,"455, Extension, Coimbatore, Tamil Nadu - 670815",1,1,ACC00752,REC001146,False,False,
PERSON00532,D. Tiwari,8488271257,OZBHO2002D,"185, Extension, Surat, Gujarat - 531763",1,1,ACC00753,REC001147,False,False,
PERSON00533,Sandeep Iyengar & Sons,7796371627,ZAUSV8414G,"186, Avenue, Jaipur, Rajasthan - 155341",2,1,ACC00754,REC001148;REC001149,False,False,R0_same_account;R1_same_pan;R2_phone_and_name_sim;R3_address_and_name_sim;R4_phone_and_address
PERSON00534,Sandeep Ghosh,7202495815,,"816, Main Road, Hyderabad, Telangana - 306577",2,1,ACC00755,REC001150;REC001151,False,False,R0_same_account;R3_address_and_name_sim
PERSON00535,RAVI PANDEY,6847675790,,,1,1,ACC00756,REC001152,False,False,
PERSON00536,Gurpreet Iyer,7681828072,TRVXB6533M,"286, Colony, Bengaluru, Karnataka - 147979",3,2,ACC00757;ACC00758,REC001153;REC001154;REC001155,False,False,R0_same_account;R1_same_pan;R2_phone_and_name_sim;R3_address_and_name_sim;R4_phone_and_address
PERSON00537,Vasantha Jain & Sons,8469290362,ZGIBG0461A,"38, Layout, Hyderabad, Telangana - 145894",2,1,ACC00759,REC001156;REC001157,False,False,R0_same_account;R1_same_pan
PERSON00538,Dubey Deepa,9953974716,,"626, Nagar, Bengaluru, Karnataka - 267046",1,1,ACC00760,REC001158,False,False,
PERSON00539,Deepa Duey,9953974716,IEPYC1862T,,1,1,ACC00761,REC001159,False,False,
PERSON00540,B. Das,9749204889,IKXUH1464R,,1,1,ACC00762,REC001160,False,False,
PERSON00541,HARPREET VERMA,6215477660,CGFCX8767J,"509, Avenue, Chennai, Tamil Nadu - 343470",2,1,ACC00763,REC001161;REC001162,False,False,R0_same_account;R1_same_pan;R3_address_and_name_sim
PERSON00542,THOMAS PILLAI,9719711831,OPYLJ7387E,"855, Nagar, Ahmedabad, Gujarat - 181912",3,2,ACC00764;ACC00765,REC001163;REC001164;REC001165,False,False,R0_same_account;R1_same_pan;R2_phone_and_name_sim;R3_address_and_name_sim;R4_phone_and_address
PERSON00543,SIMRAN DUBEY,8124072016,CKAOT8989C,"509, Cross Street, Bengaluru, Karnataka - 685386",2,1,ACC00766,REC001166;REC001167,False,False,R0_same_account;R1_same_pan;R2_phone_and_name_sim
PERSON00544,B. Das,9090557108,ABLXP6540Z,"119, Cross Street, Hyderabad, Telangana - 598540",1,1,ACC00767,REC001168,False,False,
PERSON00545,Shobha Anasri,7283248394,PSTGG1849X,"415, Nagar, Bengaluru, Karnataka - 417639",1,1,ACC00768,REC001169,False,False,
PERSON00546,SIMRAN DESAI,7105492296,JKTGP1455I,"312, Layout, Lucknow, Uttar Pradesh - 155698",1,1,ACC00769,REC001170,False,False,
PERSON00547,Gurpreet Joshi,9119853320,HSUNO9179K,"863, Main Road, Lucknow, Uttar Pradesh - 529388",3,2,ACC00770;ACC00771,REC001171;REC001172;REC001173,False,False,R0_same_account;R1_same_pan;R2_phone_and_name_sim;R3_address_and_name_sim;R4_phone_and_address
PERSON00548,Zeenat Varghee,,HYVCE1256O,"30, Extension, Kochi, Kerala - 412537",1,1,ACC00772,REC001174,False,False,
PERSON00549,Usha Yadav & Sons,6445764504,LGMJT6846W,"563, Colony, Nagpur, Maharashtra - 644042",2,2,ACC00773;ACC00774,REC001175;REC001176,False,False,R1_same_pan;R2_phone_and_name_sim;R3_address_and_name_sim;R4_phone_and_address
PERSON00550,Bhatt Rajwinder,,ASFOY4232T,"216, Extension, Pune, Maharashtra - 182696",1,1,ACC00775,REC001177,False,False,
PERSON00551,Manpreet Shah & Sons,8755617969,DWUOM7547G,"797, Extension, Delhi, Delhi - 235667",2,2,ACC00776;ACC00777,REC001178;REC001179,False,False,R1_same_pan
PERSON00552,NISHA QURESHI,9470321667,ATDOL7416L,"811, Extension, Pune, Maharashtra - 504309",2,1,ACC00778,REC001180;REC001181,False,False,R0_same_account;R1_same_pan
PERSON00553,A. Varghese,8290148760,IFRVX8465U,"23, Colony, Jaipur, Rajasthan - 444001",5,3,ACC00779;ACC00780;ACC00781,REC001182;REC001183;REC001184;REC001185;REC001186,False,False,R0_same_account;R1_same_pan;R2_phone_and_name_sim;R3_address_and_name_sim;R4_phone_and_address;R5_initials;R8_soundex
PERSON00554,Naveen Pillai,6137303319,DWAAE0283T,"499, Colony, Hyderabad, Telangana - 429775",1,1,ACC00782,REC001187,False,False,
PERSON00555,MEENA KUMAR,6663705878,KTADR2364T,,1,1,ACC00783,REC001188,False,False,
PERSON00556,Rajwinder Nair & Sons,7497486959,MNXEP4342J,"718, Extension, Chennai, Tamil Nadu - 405262",2,1,ACC00784,REC001189;REC001190,False,False,R0_same_account;R1_same_pan;R2_phone_and_name_sim
PERSON00557,George Meonn,6243550659,HALTU4445G,"209, Layout, Ahmedabad, Gujarat - 103620",2,2,ACC00785;ACC00786,REC001191;REC001192,False,False,R4_phone_and_address
PERSON00558,PADMA VARGHESE,,YRMTJ1486F,"766, Main Road, Kochi, Kerala - 230101",2,1,ACC00787,REC001193;REC001194,False,False,R0_same_account;R1_same_pan
PERSON00559,Shobha Brar & Sons,7268216251,DASCX2748E,"236, Extension, Chennai, Tamil Nadu - 225150",2,1,ACC00788,REC001195;REC001196,False,False,R0_same_account;R1_same_pan;R3_address_and_name_sim
PERSON00560,Nithya Bose & Sons,,YVDWI0466B,"494, Cross Street, Thiruvananthapuram, Kerala - 587397",1,1,ACC00789,REC001197,False,False,
PERSON00561,SUSAN QURESHI,8955988673,BGAIA0863N,"543, Nagar, Lucknow, Uttar Pradesh - 145298",2,1,ACC00790,REC001198;REC001199,False,False,R0_same_account;R1_same_pan;R3_address_and_name_sim
PERSON00562,Usha Malik & Sons,6287386882,DXNWZ7314T,"353, Avenue, Kolkata, West Bengal - 115059",2,1,ACC00791,REC001200;REC001201,False,False,R0_same_account;R2_phone_and_name_sim
PERSON00563,Usha Mishra & Sons,9253909940,GIFVW8619X,"170, Layout, Chennai, Tamil Nadu - 345564",2,1,ACC00792,REC001202;REC001203,False,False,R0_same_account;R1_same_pan;R4_phone_and_address
PERSON00564,Sabiha Kuar,8345035300,CINZC7265Q,"207, Avenue, Ahmedabad, Gujarat - 691770",2,2,ACC00793;ACC00794,REC001204;REC001205,False,False,R1_same_pan;R2_phone_and_name_sim;R3_address_and_name_sim;R4_phone_and_address
PERSON00565,KALPANA SHAH,9013596371,VCFEG5881K,"960, Main Road, Hyderabad, Telangana - 466289",2,1,ACC00795,REC001206;REC001207,False,False,R0_same_account;R1_same_pan;R2_phone_and_name_sim
PERSON00566,Anita Joshi & Sons,7506286310,CMCOI3105U,"438, Cross Street, Mysuru, Karnataka - 629313",4,2,ACC00796;ACC00797,REC001208;REC001209;REC001210;REC001211,False,False,R0_same_account;R1_same_pan;R2_phone_and_name_sim;R3_address_and_name_sim
PERSON00567,Kritika Agarwal,8042660759,,,1,1,ACC00798,REC001212,False,False,
PERSON00568,Sunil Patel,8588649070,JFVMQ8718P,"839, Colony, Kolkata, West Bengal - 179898",4,3,ACC00799;ACC00800;ACC00801,REC001213;REC001214;REC001215;REC001216,False,False,R0_same_account;R1_same_pan;R2_phone_and_name_sim;R3_address_and_name_sim;R4_phone_and_address
PERSON00569,Padma Qureshi & Sons,9335395312,VLWEU5019F,"290, Cross Street, Thiruvananthapuram, Kerala - 337062",1,1,ACC00802,REC001217,False,False,
PERSON00570,Vasantha Banerjee & Sons,,MJFJI3034E,"114, Avenue, Jaipur, Rajasthan - 203289",2,1,ACC00803,REC001218;REC001219,False,False,R0_same_account
PERSON00571,Ayesha Ahemd,7577638725,AVTRY7560U,"411, Colony, Pune, Maharashtra - 129276",2,2,ACC00804;ACC00805,REC001220;REC001221,False,False,R1_same_pan;R2_phone_and_name_sim
PERSON00572,Dinesh Gill,,HPKGQ2831H,"536, Colony, Delhi, Delhi - 325260",2,2,ACC00806;ACC00807,REC001222;REC001223,False,False,R1_same_pan
PERSON00573,Amit Qureshi & Sons,9339891896,DAPGZ1504E,"327, Nagar, Bengaluru, Karnataka - 203741",2,1,ACC00808,REC001224;REC001225,False,False,R0_same_account;R1_same_pan;R2_phone_and_name_sim
PERSON00574,SUNIL MISHRA,8118384292,MWNJS1849R,,1,1,ACC00809,REC001226,False,False,
PERSON00575,M. Banerjee,7765736613,XXIYD2750T,"104, Main Road, Lucknow, Uttar Pradesh - 188877",1,1,ACC00810,REC001227,False,False,
PERSON00576,M. Iyengar,9972021999,WOAAB3243V,"727, Cross Street, Ahmedabad, Gujarat - 418513",4,2,ACC00811;ACC00812,REC001228;REC001229;REC001230;REC001231,False,False,R0_same_account;R1_same_pan;R2_phone_and_name_sim;R3_address_and_name_sim;R4_phone_and_address
PERSON00577,DEEPA DHILLON,7604735351,MGOPZ0630R,"663, Layout, Chandigarh, Punjab - 282988",1,1,ACC00813,REC001232,False,False,
PERSON00578,Rahul Khan & Sons,6704974863,QHQZL7415L,"536, Colony, Surat, Gujarat - 663674",1,1,ACC00814,REC001233,False,False,
PERSON00579,Priya Pandey & Sons,8506140595,UVTKM6551X,"52, Avenue, Madurai, Tamil Nadu - 687328",1,1,ACC00815,REC001234,False,False,
PERSON00580,Lakshmi Ptel,9000214504,GOYLA9291U,,1,1,ACC00816,REC001235,False,False,
PERSON00581,Ravi Iyer & Sons,6797944004,TTMXT2031T,"513, Extension, Kochi, Kerala - 480613",4,2,ACC00817;ACC00818,REC001236;REC001237;REC001238;REC001239,False,False,R0_same_account;R1_same_pan;R2_phone_and_name_sim;R3_address_and_name_sim;R4_phone_and_address
PERSON00582,Rohit Bhatt & Sons,9762643212,GFJBG7875T,"480, Layout, Ahmedabad, Gujarat - 254442",3,2,ACC00819;ACC00820,REC001240;REC001241;REC001242,False,False,R0_same_account;R1_same_pan;R3_address_and_name_sim;R4_phone_and_address;R5_initials;R8_soundex
PERSON00583,Simran Gputa,6518167360,TVWEB2046P,"664, Main Road, Bengaluru, Karnataka - 589601",3,2,ACC00821;ACC00822,REC001243;REC001244;REC001245,False,False,R0_same_account;R3_address_and_name_sim;R4_phone_and_address
PERSON00584,Deepak Gohsh,8555007813,VBWYE2060Z,"375, Nagar, Coimbatore, Tamil Nadu - 672094",2,1,ACC00823,REC001246;REC001247,False,False,R0_same_account;R1_same_pan;R2_phone_and_name_sim;R3_address_and_name_sim;R4_phone_and_address
PERSON00585,VIKRAM JAIN,8711945239,RLZYU2961Q,,2,1,ACC00824,REC001248;REC001249,False,False,R0_same_account;R1_same_pan
PERSON00586,Jain Vikram,8711945239,,"283, Main Road, Ahmedabad, Gujarat - 463119",1,1,ACC00825,REC001250,False,False,
PERSON00587,Rajwinder Shah,6975229793,LVNRH4770R,"128, Main Road, Bengaluru, Karnataka - 315358",4,3,ACC00826;ACC00827;ACC00828,REC001251;REC001252;REC001253;REC001254,False,False,R0_same_account;R1_same_pan;R2_phone_and_name_sim;R3_address_and_name_sim;R4_phone_and_address
PERSON00588,Gopal Shah,,VACRA7634E,,1,1,ACC00829,REC001255,False,False,
PERSON00589,Nithya Das & Sons,7402267965,MSOQO7612X,"354, Layout, Bhopal, Madhya Pradesh - 480319",4,2,ACC00830;ACC00831,REC001256;REC001257;REC001258;REC001259,False,False,R0_same_account;R1_same_pan;R2_phone_and_name_sim;R3_address_and_name_sim;R4_phone_and_address
PERSON00590,SHOBHA BRAR,7778951250,CJZYB4818N,"87, Nagar, Kolkata, West Bengal - 325641",2,1,ACC00832,REC001260;REC001261,False,False,R0_same_account;R2_phone_and_name_sim;R3_address_and_name_sim;R4_phone_and_address
PERSON00591,ARUN KHAN,9298961575,WAKTE0460D,"445, Main Road, Lucknow, Uttar Pradesh - 275058",4,3,ACC00833;ACC00834;ACC00835,REC001262;REC001263;REC001264;REC001265,False,False,R0_same_account;R1_same_pan;R2_phone_and_name_sim;R3_address_and_name_sim;R4_phone_and_address
PERSON00592,ANITA DAS,8050788391,,,2,1,ACC00836,REC001266;REC001267,False,False,R0_same_account
PERSON00593,Das Anita,,VZWKM0103W,"190, Colony, Thiruvananthapuram, Kerala - 294325",1,1,ACC00837,REC001268,False,False,
PERSON00594,Anjali Agrwal,,KVVJF9497R,"610, Extension, Bengaluru, Karnataka - 341640",1,1,ACC00838,REC001269,False,False,
PERSON00595,K. Bansal,7341243078,,"251, Colony, Patna, Bihar - 160265",1,1,ACC00839,REC001270,False,False,
PERSON00596,Patel Manisha,9976897825,CFMED8156W,"73, Extension, Bhopal, Madhya Pradesh - 577973",2,2,ACC00840;ACC00841,REC001271;REC001272,False,False,R1_same_pan;R4_phone_and_address
PERSON00597,Iyer Gopal,7120848136,BDFSH9849K,"664, Main Road, Nagpur, Maharashtra - 637245",2,2,ACC00842;ACC00843,REC001273;REC001274,False,False,R1_same_pan
PERSON00598,Vijay Agarwal & Sons,6888096768,NCFKO1493X,"62, Cross Street, Nagpur, Maharashtra - 670669",3,2,ACC00844;ACC00845,REC001275;REC001276;REC001277,False,False,R0_same_account;R1_same_pan
PERSON00599,KIRAN DHILLON,7319854423,,"806, Layout, Kolkata, West Bengal - 402284",1,1,ACC00846,REC001278,False,False,
PERSON00600,Venkatesh Agarwla,8911825318,HLVVP7330A,"219, Cross Street, Patna, Bihar - 225575",2,1,ACC00847,REC001279;REC001280,False,False,R0_same_account;R1_same_pan
PERSON00601,Arun Rao & Sons,,YMDMB2264U,"285, Colony, Chennai, Tamil Nadu - 215940",1,1,ACC00848,REC001281,False,False,
PERSON00602,Kavita Gupta & Sons,6195167870,ULMKD7837X,"974, Layout, Surat, Gujarat - 584380",1,1,ACC00849,REC001282,False,False,
PERSON00603,Ashok Iyengar,7691510991,NUJAH1528M,"852, Layout, Chandigarh, Punjab - 386565",2,1,ACC00850,REC001283;REC001284,False,False,R0_same_account;R1_same_pan;R4_phone_and_address
PERSON00604,Rajesh Pnadey,,VFEVE3771W,"773, Nagar, Ahmedabad, Gujarat - 653329",2,1,ACC00851,REC001285;REC001286,False,False,R0_same_account;R1_same_pan
PERSON00605,ZEENAT MENON,8664649324,RYDEM3909X,"449, Avenue, Mumbai, Maharashtra - 201432",1,1,ACC00852,REC001287,False,False,
PERSON00606,M. Kaur,7372674787,QHPWY1406B,"523, Avenue, Patna, Bihar - 587153",1,1,ACC00853,REC001288,False,False,
PERSON00607,Pooja Chauhan & Sons,9789086528,TJBRR7470D,"359, Layout, Mysuru, Karnataka - 231551",2,1,ACC00854,REC001289;REC001290,False,False,R0_same_account
PERSON00608,Rahul Gupat,9900977259,JEFHM5794S,"710, Layout, Patna, Bihar - 643123",1,1,ACC00855,REC001291,False,False,
PERSON00609,Manpreet Khan & Sons,6884282413,KKYSI9221P,"492, Extension, Bengaluru, Karnataka - 436282",3,2,ACC00856;ACC00857,REC001292;REC001293;REC001294,False,False,R0_same_account;R1_same_pan;R2_phone_and_name_sim;R3_address_and_name_sim;R4_phone_and_address;R6_reversed
PERSON00610,Sandhu Sangeeta,7169118878,FKZAN6431F,"728, Avenue, Kochi, Kerala - 262004",2,1,ACC00858,REC001295;REC001296,False,False,R0_same_account;R1_same_pan;R4_phone_and_address
PERSON00611,MANOJ BANSAL,,VKNYT4730R,"50, Main Road, Pune, Maharashtra - 117309",1,1,ACC00859,REC001297,False,False,
PERSON00612,Zubair Thomas,7725208981,ZWCJH2047L,"569, Avenue, Pune, Maharashtra - 283005",5,4,ACC00860;ACC00861;ACC00862;ACC00863,REC001298;REC001299;REC001300;REC001301;REC001302,False,False,R0_same_account;R1_same_pan;R2_phone_and_name_sim;R3_address_and_name_sim;R4_phone_and_address
PERSON00613,Mary Menon & Sons,8845531350,CSPUW5723F,"528, Colony, Lucknow, Uttar Pradesh - 568847",1,1,ACC00864,REC001303,False,False,
PERSON00614,Harleen Singh & Sons,8685032341,TOIOB0776R,"546, Extension, Chennai, Tamil Nadu - 477795",3,2,ACC00865;ACC00866,REC001304;REC001305;REC001306,True,False,R0_same_account;R6_reversed
PERSON00615,J. Khan,8248279297,,"228, Layout, Lucknow, Uttar Pradesh - 186334",1,1,ACC00867,REC001307,False,False,
PERSON00616,Karthik Verma & Sons,6257487536,XOGBF2058T,"936, Avenue, Hyderabad, Telangana - 525931",2,1,ACC00868,REC001308;REC001309,False,False,R0_same_account;R2_phone_and_name_sim;R3_address_and_name_sim;R4_phone_and_address
PERSON00617,Bansal Sanjay,9989765398,IJLWB1139O,"68, Extension, Kochi, Kerala - 384204",3,2,ACC00869;ACC00870,REC001310;REC001311;REC001312,False,False,R0_same_account;R3_address_and_name_sim
PERSON00618,Malik Ravi,7680185400,OWAFD9068I,"801, Nagar, Nagpur, Maharashtra - 407907",2,1,ACC00871,REC001313;REC001314,False,False,R0_same_account;R1_same_pan
PERSON00619,DIVYA RAO,7173700999,CNXTL3386W,"945, Nagar, Bhopal, Madhya Pradesh - 539973",1,1,ACC00872,REC001315,False,False,
PERSON00620,Geeta Chatterjee & Sons,7370410387,RIDQK3919F,"315, Main Road, Surat, Gujarat - 592955",3,2,ACC00873;ACC00874,REC001316;REC001317;REC001318,False,False,R0_same_account;R1_same_pan;R2_phone_and_name_sim
PERSON00621,Karthik Khan,9439320147,AZQXL9233X,"378, Main Road, Thiruvananthapuram, Kerala - 364014",2,1,ACC00875,REC001319;REC001320,False,False,R0_same_account;R1_same_pan;R4_phone_and_address
PERSON00622,Aarti Das & Sons,6961579659,LBJZH5227O,"720, Avenue, Jaipur, Rajasthan - 270565",3,2,ACC00876;ACC00877,REC001321;REC001322;REC001323,False,False,R0_same_account;R1_same_pan;R2_phone_and_name_sim;R3_address_and_name_sim;R4_phone_and_address
PERSON00623,Sandeep Gill,7523839016,WHLDY3203I,"744, Extension, Chandigarh, Punjab - 697389",1,1,ACC00878,REC001324,False,False,
PERSON00624,FAISAL TIWARI,6928136014,BRVAL0870E,"862, Main Road, Hyderabad, Telangana - 269674",1,1,ACC00879,REC001325,False,False,
PERSON00625,F. Desai,7062379395,THYFT2954Z,"935, Avenue, Jaipur, Rajasthan - 240945",1,1,ACC00880,REC001326,False,False,
PERSON00626,Dinesh Sadnhu,9589934042,KSAVB2973F,"455, Cross Street, Lucknow, Uttar Pradesh - 192217",2,2,ACC00881;ACC00882,REC001327;REC001328,False,False,R1_same_pan;R2_phone_and_name_sim;R3_address_and_name_sim;R4_phone_and_address
PERSON00627,Ravi Nadu,6535032230,,"185, Extension, Bhopal, Madhya Pradesh - 372892",1,1,ACC00883,REC001329,False,False,
PERSON00628,Swati Gill,9295278532,JOXFG5354W,"142, Cross Street, Coimbatore, Tamil Nadu - 398385",3,2,ACC00884;ACC00885,REC001330;REC001331;REC001332,False,False,R0_same_account;R1_same_pan;R2_phone_and_name_sim;R3_address_and_name_sim;R4_phone_and_address
PERSON00629,Rao Sowmya,6644067160,OEDPV5095I,"977, Extension, Bhopal, Madhya Pradesh - 304707",2,1,ACC00886,REC001333;REC001334,False,False,R0_same_account;R1_same_pan;R4_phone_and_address
PERSON00630,Faisal Brar,8204490628,UHBHS5519J,"389, Colony, Bengaluru, Karnataka - 311985",1,1,ACC00887,REC001335,False,False,
PERSON00631,Sarita Verma,7750499753,DQURB3947Q,"592, Avenue, Lucknow, Uttar Pradesh - 691091",1,1,ACC00888,REC001336,False,False,
PERSON00632,Thomas Sandhu,8305491120,SPHZB6320E,"183, Nagar, Kochi, Kerala - 528731",2,1,ACC00889,REC001337;REC001338,False,False,R0_same_account
PERSON00633,M. Dubey,8279020917,,"363, Layout, Mysuru, Karnataka - 275497",1,1,ACC00890,REC001339,False,False,
PERSON00634,DEEPA NAIR,8795538385,EHJFC0400P,"563, Extension, Thiruvananthapuram, Kerala - 281303",4,3,ACC00891;ACC00892;ACC00893,REC001340;REC001341;REC001342;REC001343,False,False,R0_same_account;R2_phone_and_name_sim;R4_phone_and_address;R6_reversed
PERSON00635,AMIT DAS,9212485119,TIIGK4547U,"112, Extension, Patna, Bihar - 218393",2,1,ACC00894,REC001344;REC001345,False,False,R0_same_account;R1_same_pan
PERSON00636,Simran Khan & Sons,8493269391,XHTUY8254G,"912, Main Road, Delhi, Delhi - 565190",2,1,ACC00895,REC001346;REC001347,False,False,R0_same_account;R1_same_pan;R2_phone_and_name_sim;R3_address_and_name_sim;R4_phone_and_address
PERSON00637,Prakash Pillai & Sons,8950050646,KGAOT6503J,,2,1,ACC00896,REC001348;REC001349,False,False,R0_same_account;R1_same_pan
PERSON00638,BALAJI DHILLON,8731324704,RFEXN5532C,,1,1,ACC00897,REC001350,False,False,
PERSON00639,Pooja Sharma & Sons,9395859886,YKRZT4137W,"15, Layout, Coimbatore, Tamil Nadu - 302521",4,2,ACC00898;ACC00899,REC001351;REC001352;REC001353;REC001354,False,False,R0_same_account;R1_same_pan;R2_phone_and_name_sim;R3_address_and_name_sim;R4_phone_and_address
PERSON00640,Ashok Ghosh,9770330345,WUXVI5760W,"482, Nagar, Thiruvananthapuram, Kerala - 480828",2,1,ACC00900,REC001355;REC001356,False,False,R0_same_account
PERSON00641,Amit Agarwal & Sons,8741157347,XVMPM4525I,"551, Nagar, Coimbatore, Tamil Nadu - 667123",5,3,ACC00901;ACC00902;ACC00903,REC001357;REC001358;REC001359;REC001360;REC001361,False,False,R0_same_account;R1_same_pan;R2_phone_and_name_sim;R3_address_and_name_sim;R4_phone_and_address
PERSON00642,N. Nair,,LISIP2344R,,1,1,ACC00904,REC001362,False,False,
PERSON00643,Kalpana Naidu & Sons,8524207382,TCTCD0168R,"906, Cross Street, Mysuru, Karnataka - 506305",1,1,ACC00905,REC001363,False,False,
PERSON00644,ARJUN NAIR,8669846172,ZKKCP2912Q,,2,1,ACC00906,REC001364;REC001365,False,False,R0_same_account;R1_same_pan
PERSON00645,Sanjay Ahmed & Sons,9071983110,QNHCY6845B,"44, Colony, Kochi, Kerala - 463461",4,3,ACC00907;ACC00908;ACC00909,REC001366;REC001367;REC001368;REC001369,False,False,R0_same_account;R1_same_pan;R2_phone_and_name_sim;R3_address_and_name_sim;R4_phone_and_address
PERSON00646,THOMAS BOSE,9447318873,GKMJI4383B,"327, Layout, Patna, Bihar - 359155",1,1,ACC00910,REC001370,False,False,
PERSON00647,Anjali Aagrwal,7697923973,HWFTR5675O,,1,1,ACC00911,REC001371,False,False,
PERSON00648,Sneha Bhat,7049988957,OHSCQ6410L,,1,1,ACC00912,REC001372,False,False,
PERSON00649,Ashok Kapoor & Sons,8146444204,NGIAC3993A,"247, Extension, Nagpur, Maharashtra - 365458",3,2,ACC00913;ACC00914,REC001373;REC001374;REC001375,False,False,R0_same_account;R2_phone_and_name_sim;R3_address_and_name_sim;R4_phone_and_address;R5_initials;R8_soundex
PERSON00650,ANITA MUKHERJEE,6560502610,,"88, Main Road, Patna, Bihar - 532726",1,1,ACC00915,REC001376,False,False,
PERSON00651,G. Chatterjee,6551075637,,"561, Layout, Chandigarh, Punjab - 339915",1,1,ACC00916,REC001377,False,False,
PERSON00652,Anita Desia,8908795498,,,1,1,ACC00917,REC001378,False,False,
PERSON00653,Mukherjee Kritika,6297653252,KQXZM8036P,"347, Layout, Thiruvananthapuram, Kerala - 633437",4,2,ACC00918;ACC00919,REC001379;REC001380;REC001381;REC001382,False,False,R0_same_account;R1_same_pan;R2_phone_and_name_sim;R3_address_and_name_sim;R4_phone_and_address
PERSON00654,Bose Nithya,9157695423,XPUXD6331B,,2,1,ACC00920,REC001383;REC001384,False,False,R0_same_account;R1_same_pan
PERSON00655,Tiwari Simran,6086453034,AIZCU6301H,"762, Colony, Delhi, Delhi - 250664",4,3,ACC00921;ACC00922;ACC00923,REC001385;REC001386;REC001387;REC001388,False,False,R0_same_account;R1_same_pan;R2_phone_and_name_sim;R3_address_and_name_sim;R4_phone_and_address
PERSON00656,RAJWINDER SIDHU,9415602783,WFUAE6057S,"730, Colony, Pune, Maharashtra - 394325",2,1,ACC00924,REC001389;REC001390,False,False,R0_same_account;R2_phone_and_name_sim
PERSON00657,Sunil Nari,,PZFKO8225E,,1,1,ACC00925,REC001391,False,False,
PERSON00658,HARISH DESAI,7908248155,YTLWA9035E,,2,1,ACC00926,REC001392;REC001393,False,False,R0_same_account;R1_same_pan
PERSON00659,Thomas Rao,9750837622,,,1,1,ACC00927,REC001394,False,False,
PERSON00660,POOJA BRAR,8102220585,DQVWU5538D,,1,1,ACC00928,REC001395,False,False,
PERSON00661,Agarwal Harish,,PBZJV5573D,"933, Layout, Pune, Maharashtra - 252293",2,1,ACC00929,REC001396;REC001397,False,False,R0_same_account
PERSON00662,Ravi Mukherjee,7450636617,AAMKN0703B,,1,1,ACC00930,REC001398,False,False,
PERSON00663,Naveen Kmar,7605398992,,"812, Colony, Kochi, Kerala - 124594",1,1,ACC00931,REC001399,False,False,
PERSON00664,Khan Nisha,9511415441,,"131, Main Road, Jaipur, Rajasthan - 445974",1,1,ACC00932,REC001400,False,False,
PERSON00665,ROHIT CHAUHAN,9739287495,GZZCA4159M,"248, Layout, Bhopal, Madhya Pradesh - 608346",2,1,ACC00933,REC001401;REC001402,False,False,R0_same_account;R2_phone_and_name_sim
PERSON00666,Nitin Patel,6086777106,PXIIC4387V,"584, Extension, Delhi, Delhi - 442661",3,2,ACC00934;ACC00935,REC001403;REC001404;REC001405,False,False,R0_same_account;R1_same_pan;R4_phone_and_address
PERSON00667,SUNITA ANSARI,6341731862,XQBTN9753P,"19, Colony, Patna, Bihar - 498228",2,2,ACC00936;ACC00937,REC001406;REC001407,False,False,R1_same_pan;R2_phone_and_name_sim
PERSON00668,Sandeep Pillai & Sons & Sons,8530096510,RISDA1445K,"873, Main Road, Mysuru, Karnataka - 230711",2,1,ACC00938,REC001408;REC001409,False,False,R0_same_account;R1_same_pan;R2_phone_and_name_sim;R3_address_and_name_sim;R4_phone_and_address
PERSON00669,Arjun Sengupta,9689270161,ZRGNC5323O,"45, Nagar, Chennai, Tamil Nadu - 681538",2,1,ACC00939,REC001410;REC001411,False,False,R0_same_account;R4_phone_and_address
PERSON00670,Malhotra Vijay,6956292051,FVSCV0201E,"808, Layout, Nagpur, Maharashtra - 255511",3,2,ACC00940;ACC00941,REC001412;REC001413;REC001414,False,False,R0_same_account;R1_same_pan;R4_phone_and_address
PERSON00671,Balaji Dbuey,7699884910,DYDJB4436R,"661, Nagar, Nagpur, Maharashtra - 565369",3,2,ACC00942;ACC00943,REC001415;REC001416;REC001417,False,False,R0_same_account;R2_phone_and_name_sim;R3_address_and_name_sim;R4_phone_and_address;R6_reversed
PERSON00672,Bhavana Desai,7924555630,NATLZ3663C,"165, Extension, Madurai, Tamil Nadu - 490524",2,1,ACC00944,REC001418;REC001419,False,False,R0_same_account
PERSON00673,Kalpana Yaav,6346386517,,"52, Nagar, Bengaluru, Karnataka - 571451",1,1,ACC00945,REC001420,False,False,
PERSON00674,SANDEEP RAO,6303574438,TMOKG3098A,"612, Extension, Madurai, Tamil Nadu - 218170",3,2,ACC00946;ACC00947,REC001421;REC001422;REC001423,False,False,R0_same_account;R1_same_pan;R4_phone_and_address
PERSON00675,Jyoti Pillai & Sons,9288507665,ZAAJF1437E,"752, Cross Street, Chennai, Tamil Nadu - 114644",3,2,ACC00948;ACC00949,REC001424;REC001425;REC001426,False,False,R0_same_account;R1_same_pan;R4_phone_and_address
PERSON00676,H. Gill,7884781626,VZZMZ5406M,"642, Avenue, Pune, Maharashtra - 528050",2,2,ACC00950;ACC00951,REC001427;REC001428,False,False,R2_phone_and_name_sim;R3_address_and_name_sim;R4_phone_and_address
PERSON00677,Yadav Manpreet,8886055910,IBASQ2378U,"703, Colony, Pune, Maharashtra - 149237",2,1,ACC00952,REC001429;REC001430,False,False,R0_same_account
PERSON00678,ANITA VERMA,7317356772,,"671, Avenue, Surat, Gujarat - 222277",1,1,ACC00953,REC001431,False,False,
PERSON00679,KAVITA VARGHESE,9873481985,QCGKD0183M,"984, Extension, Delhi, Delhi - 437252",1,1,ACC00954,REC001432,False,False,
PERSON00680,Khan Suresh,9553165763,NDOPR8260I,"35, Nagar, Madurai, Tamil Nadu - 286079",3,2,ACC00955;ACC00956,REC001433;REC001434;REC001435,False,False,R0_same_account;R1_same_pan;R4_phone_and_address
PERSON00681,Balaji Bhtat,9312637804,JXCKY7508Q,"122, Layout, Coimbatore, Tamil Nadu - 171520",2,1,ACC00957,REC001436;REC001437,False,False,R0_same_account;R3_address_and_name_sim
PERSON00682,Deepa Ghosh & Sons,9635417181,FLEFH9819Q,"580, Cross Street, Chandigarh, Punjab - 144891",2,1,ACC00958,REC001438;REC001439,False,False,R0_same_account
PERSON00683,Sanjay Kaur & Sons,7006979619,PXJHI5202X,"930, Avenue, Chennai, Tamil Nadu - 187117",2,1,ACC00959,REC001440;REC001441,False,False,R0_same_account;R1_same_pan;R2_phone_and_name_sim
PERSON00684,Ayesha Malki,7924581011,RVNNC6770F,"246, Nagar, Mysuru, Karnataka - 106997",1,1,ACC00960,REC001442,False,False,
PERSON00685,Gill Sabiha,6102163685,LIJBT3106P,"416, Main Road, Pune, Maharashtra - 203777",1,1,ACC00961,REC001443,False,False,
PERSON00686,Simran Ahmed,8357131274,,"148, Colony, Pune, Maharashtra - 279960",1,1,ACC00962,REC001444,False,False,
PERSON00687,Anjali Bhatt,9521724283,TKDFT2574X,"224, Colony, Bhopal, Madhya Pradesh - 494555",5,3,ACC00963;ACC00964;ACC00965,REC001445;REC001446;REC001447;REC001448;REC001449,False,False,R0_same_account;R1_same_pan;R2_phone_and_name_sim;R3_address_and_name_sim;R4_phone_and_address
PERSON00688,Kalpana Tiwari,9909901124,MKYKQ9635L,"896, Avenue, Madurai, Tamil Nadu - 552474",1,1,ACC00966,REC001450,False,False,
PERSON00689,FATIMA CHAUHAN,6580562404,IWYZG3812C,"171, Nagar, Coimbatore, Tamil Nadu - 555565",2,1,ACC00967,REC001451;REC001452,False,False,R0_same_account;R1_same_pan
PERSON00690,Irfan Trievdi,7813596162,TIYTV8449Q,"362, Cross Street, Bhopal, Madhya Pradesh - 367082",2,1,ACC00968,REC001453;REC001454,False,False,R0_same_account;R2_phone_and_name_sim
PERSON00691,ARUN SHARMA,9226649282,JPHWI2262G,"646, Colony, Coimbatore, Tamil Nadu - 170299",2,1,ACC00969,REC001455;REC001456,False,False,R0_same_account;R1_same_pan;R2_phone_and_name_sim
PERSON00692,Tiwari Kiran,,QSRFZ5707O,"329, Cross Street, Chandigarh, Punjab - 258771",1,1,ACC00970,REC001457,False,False,
PERSON00693,Ayesha Sandhu & Sons,6903582162,SDMIR5129T,"521, Cross Street, Thiruvananthapuram, Kerala - 457086",3,2,ACC00971;ACC00972,REC001458;REC001459;REC001460,False,False,R0_same_account;R1_same_pan;R2_phone_and_name_sim;R4_phone_and_address
PERSON00694,Anita Malhotra,6473576518,LCUNF5404X,"828, Extension, Delhi, Delhi - 691920",3,2,ACC00973;ACC00974,REC001461;REC001462;REC001463,False,False,R0_same_account;R1_same_pan
PERSON00695,Priya Yadv,,IZSCG5284V,"634, Avenue, Coimbatore, Tamil Nadu - 137490",1,1,ACC00975,REC001464,False,False,
PERSON00696,Joseph Qureshi,7715936624,DKHLW8841R,"779, Colony, Chennai, Tamil Nadu - 189093",2,1,ACC00976,REC001465;REC001466,False,False,R0_same_account;R1_same_pan
PERSON00697,Mishra Prakash,6276354875,WFCIQ0491V,"460, Layout, Thiruvananthapuram, Kerala - 587803",2,1,ACC00977,REC001467;REC001468,False,False,R0_same_account
PERSON00698,Tiwari Nithya,9605207062,VWXUW1854J,"521, Extension, Patna, Bihar - 645361",2,1,ACC00978,REC001469;REC001470,False,False,R0_same_account
PERSON00699,AARTI PILLAI & SONS,9504857380,KTPTG3830K,"728, Layout, Bhopal, Madhya Pradesh - 598155",4,2,ACC00979;ACC00980,REC001471;REC001472;REC001473;REC001474,False,False,R0_same_account;R1_same_pan;R2_phone_and_name_sim
PERSON00700,P. Pandey,7380295278,,"727, Layout, Coimbatore, Tamil Nadu - 505679",1,1,ACC00981,REC001475,False,False,
PERSON00701,Pooja Pandy,7380295278,IURMC5949V,,1,1,ACC00982,REC001476,False,False,
PERSON00702,I. Yadav,6476019754,IKCPX1245T,"129, Cross Street, Mysuru, Karnataka - 360305",4,2,ACC00983;ACC00984,REC001477;REC001478;REC001479;REC001480,False,False,R0_same_account;R1_same_pan;R2_phone_and_name_sim;R3_address_and_name_sim;R4_phone_and_address
PERSON00703,Suresh Qureshi & Sons,7280961455,ZUBFB9898P,"927, Colony, Mumbai, Maharashtra - 335678",5,3,ACC00985;ACC00986;ACC00987,REC001481;REC001482;REC001483;REC001484;REC001485,False,False,R0_same_account;R1_same_pan;R2_phone_and_name_sim;R3_address_and_name_sim;R4_phone_and_address
PERSON00704,Nitin Pillai & Sons,6443459172,AHXRA4080J,"565, Avenue, Kolkata, West Bengal - 184260",3,2,ACC00988;ACC00989,REC001486;REC001487;REC001488,False,False,R0_same_account;R1_same_pan;R2_phone_and_name_sim;R4_phone_and_address
PERSON00705,VIJAY SENGUPTA,6845200058,GAANI7733I,"621, Layout, Kolkata, West Bengal - 216517",2,1,ACC00990,REC001489;REC001490,False,False,R0_same_account;R1_same_pan;R2_phone_and_name_sim;R3_address_and_name_sim;R4_phone_and_address
PERSON00706,Jyoti Malhotra & Sons,7202282972,RCNUZ9364V,"550, Main Road, Mysuru, Karnataka - 606058",4,2,ACC00991;ACC00992,REC001491;REC001492;REC001493;REC001494,False,False,R0_same_account;R1_same_pan;R2_phone_and_name_sim;R4_phone_and_address;R5_initials;R8_soundex
PERSON00707,Gopal Josih,7843647134,YMEJU0653K,,1,1,ACC00993,REC001495,False,False,
PERSON00708,Kalpana Iyer & Sons,9570144707,NCMPF4656E,"791, Colony, Lucknow, Uttar Pradesh - 131211",2,1,ACC00994,REC001496;REC001497,False,False,R0_same_account;R2_phone_and_name_sim;R3_address_and_name_sim;R4_phone_and_address
PERSON00709,Muthu Sandhu & Sons,8114067670,ZNDLN4755B,"643, Colony, Thiruvananthapuram, Kerala - 532157",2,2,ACC00995;ACC00996,REC001498;REC001499,False,False,R1_same_pan;R3_address_and_name_sim
PERSON00710,Dinesh Dhillon & Sons,7337918665,NBZZE5106T,"807, Colony, Thiruvananthapuram, Kerala - 623088",2,2,ACC00997;ACC00998,REC001500;REC001501,False,False,R1_same_pan;R3_address_and_name_sim
PERSON00711,A. Das,,JVBDZ0425T,,1,1,ACC00999,REC001502,False,False,
PERSON00712,Arjun Iengar,7558828528,EDSME9115H,,1,1,ACC01000,REC001503,False,False,
PERSON00713,PRIYA GUPTA,7656047621,HVTUT8601P,"412, Avenue, Jaipur, Rajasthan - 595902",3,2,ACC01001;ACC01002,REC001504;REC001505;REC001506,False,False,R0_same_account;R1_same_pan;R2_phone_and_name_sim;R4_phone_and_address
PERSON00714,Radha Kapoor,7781424779,HQPTU7691L,"47, Layout, Chandigarh, Punjab - 661528",2,1,ACC01003,REC001507;REC001508,False,False,R0_same_account;R2_phone_and_name_sim;R3_address_and_name_sim;R4_phone_and_address
PERSON00715,AMIT BANERJEE,7606106247,BYQPB7695I,"447, Extension, Mumbai, Maharashtra - 294500",3,2,ACC01004;ACC01005,REC001509;REC001510;REC001511,False,False,R0_same_account;R1_same_pan
PERSON00716,Reddy Jaspreet,8145153385,XHKCZ2507I,"710, Layout, Bhopal, Madhya Pradesh - 658410",2,1,ACC01006,REC001512;REC001513,False,False,R0_same_account;R1_same_pan
PERSON00717,Nisha Bahtt,7374387684,KPSTD3066N,,1,1,ACC01007,REC001514,False,False,
PERSON00718,Sneha Sheih,9528826649,PHGNB3922G,,1,1,ACC01008,REC001515,False,False,
PERSON00719,S. Dhillon,9553154351,ZASTA4832R,,1,1,ACC01009,REC001516,False,False,
PERSON00720,Irfan Chauhan,9812297098,,"320, Cross Street, Surat, Gujarat - 494709",1,1,ACC01010,REC001517,False,False,
PERSON00721,Kalpana Mehta & Sons,6204211033,LZCQJ9138W,"707, Colony, Surat, Gujarat - 204600",2,1,ACC01011,REC001518;REC001519,False,False,R0_same_account;R1_same_pan;R2_phone_and_name_sim
PERSON00722,KARTHIK TIWARI,9242682238,LJTER2933Z,"165, Cross Street, Hyderabad, Telangana - 565811",2,1,ACC01012,REC001520;REC001521,False,False,R0_same_account;R2_phone_and_name_sim
PERSON00723,Pankaj Banerjee & Sons,,LVTXP1949Z,,1,1,ACC01013,REC001522,False,False,
PERSON00724,Banerjee Pankaj,6844413443,,,1,1,ACC01014,REC001523,False,False,
PERSON00725,Ravi Iyengar,9400523933,,"907, Extension, Delhi, Delhi - 647841",2,1,ACC01015,REC001524;REC001525,False,False,R0_same_account;R2_phone_and_name_sim
PERSON00726,ZUBAIR TIWARI,8752392323,IRJRL3573D,"136, Layout, Surat, Gujarat - 133314",1,1,ACC01016,REC001526,False,False,
PERSON00727,N. Gupta,7774174215,,,1,1,ACC01017,REC001527,False,False,
PERSON00728,Deepa Iyengar,8340556216,ZATCY7067X,"525, Layout, Chennai, Tamil Nadu - 631299",2,2,ACC01018;ACC01019,REC001528;REC001529,False,False,R1_same_pan
PERSON00729,Deepa Mehta & Sons,8347190731,GYLZZ5239U,"378, Main Road, Mysuru, Karnataka - 254836",2,1,ACC01020,REC001530;REC001531,False,False,R0_same_account;R1_same_pan
PERSON00730,Thomas Sandeep,9667649877,OBIGB8691T,"923, Layout, Pune, Maharashtra - 135415",1,1,ACC01021,REC001532,False,False,
PERSON00731,Usha Bhatt,9039631865,JHKMB0599H,"724, Cross Street, Bhopal, Madhya Pradesh - 254968",2,1,ACC01022,REC001533;REC001534,False,False,R0_same_account
PERSON00732,Ashok Dhiloln,6654874333,,"453, Main Road, Chandigarh, Punjab - 472183",1,1,ACC01023,REC001535,False,False,
PERSON00733,Dubey Swati,6166075700,,"876, Colony, Bengaluru, Karnataka - 452882",1,1,ACC01024,REC001536,False,False,
PERSON00734,Nitin Shha,,VNJER2485C,"70, Cross Street, Bengaluru, Karnataka - 613927",1,1,ACC01025,REC001537,False,False,
PERSON00735,Rohit Desai & Sons,6886239877,XSRWO0787C,"928, Colony, Mysuru, Karnataka - 463780",2,1,ACC01026,REC001538;REC001539,False,False,R0_same_account;R1_same_pan;R2_phone_and_name_sim;R3_address_and_name_sim;R4_phone_and_address
PERSON00736,SHREYA IYER,6782820214,WNQLN4926O,"592, Main Road, Kochi, Kerala - 267951",6,3,ACC01027;ACC01028;ACC01029,REC001540;REC001541;REC001542;REC001543;REC001544;REC001545,False,False,R0_same_account;R1_same_pan;R2_phone_and_name_sim;R3_address_and_name_sim;R4_phone_and_address;R5_initials
PERSON00737,P. Chatterjee,7850630855,OYYVU8265Y,"770, Cross Street, Bhopal, Madhya Pradesh - 432687",1,1,ACC01030,REC001546,False,False,
PERSON00738,ZEENAT PILLAI & SONS,9930704177,NEOMG6484T,,1,1,ACC01031,REC001547,False,False,
PERSON00739,Manisha Yadav,9054345358,,"818, Avenue, Delhi, Delhi - 357807",1,1,ACC01032,REC001548,False,False,
PERSON00740,Mishra Kavita,8430994036,PHQTO5127D,"680, Extension, Madurai, Tamil Nadu - 155362",2,1,ACC01033,REC001549;REC001550,False,False,R0_same_account;R1_same_pan;R4_phone_and_address
PERSON00741,Ashok Ghohs,9787830267,YHJFN8383H,"633, Cross Street, Lucknow, Uttar Pradesh - 424277",2,1,ACC01034,REC001551;REC001552,False,False,R0_same_account;R4_phone_and_address
PERSON00742,Zubair Das & Sons,8480746356,DYXMT8282A,,2,1,ACC01035,REC001553;REC001554,False,False,R0_same_account;R1_same_pan
PERSON00743,JASPREET SHARMA,9853423770,FMIFD7828W,"316, Nagar, Lucknow, Uttar Pradesh - 299269",1,1,ACC01036,REC001555,False,False,
PERSON00744,Zubair Ghohs,,YXYEN3559R,"850, Nagar, Pune, Maharashtra - 123545",1,1,ACC01037,REC001556,False,False,
PERSON00745,Khan Manpreet,7443866895,CFOKT7790W,"49, Colony, Surat, Gujarat - 486887",2,1,ACC01038,REC001557;REC001558,False,False,R0_same_account;R1_same_pan
PERSON00746,M. Pillai & Sons,9556260167,NGBTN2608Y,"5, Layout, Chandigarh, Punjab - 491924",1,1,ACC01039,REC001559,False,False,
PERSON00747,Rajwinder Chauhan,7243095149,,"53, Main Road, Hyderabad, Telangana - 648984",1,1,ACC01040,REC001560,False,False,
PERSON00748,Amit Rao,8697046273,SVENW3324L,"943, Extension, Kolkata, West Bengal - 241386",2,1,ACC01041,REC001561;REC001562,False,False,R0_same_account;R1_same_pan;R4_phone_and_address
PERSON00749,Jain Ravi,6462284522,RXBHU1452T,"37, Nagar, Patna, Bihar - 123914",2,1,ACC01042,REC001563;REC001564,False,False,R0_same_account;R4_phone_and_address
PERSON00750,Jaspreet Ptael,8531101098,LXCEW9190X,,2,1,ACC01043,REC001565;REC001566,False,False,R0_same_account
PERSON00751,Fatima Naiud,,QYKBS0115A,"390, Layout, Thiruvananthapuram, Kerala - 236779",2,1,ACC01044,REC001567;REC001568,False,False,R0_same_account;R1_same_pan;R3_address_and_name_sim
PERSON00752,RADHA MENON,6649470005,JGNPH6812N,"422, Nagar, Bhopal, Madhya Pradesh - 401150",3,3,ACC01045;ACC01046;ACC01047,REC001569;REC001570;REC001571,False,False,R1_same_pan;R2_phone_and_name_sim;R3_address_and_name_sim;R4_phone_and_address
PERSON00753,Aarti Ghosh & Sons,9369637851,CGMKL8432A,"984, Avenue, Chandigarh, Punjab - 415852",2,1,ACC01048,REC001572;REC001573,False,False,R0_same_account;R2_phone_and_name_sim;R3_address_and_name_sim;R4_phone_and_address
PERSON00754,ARUN TRIVEDI,7070962290,,"715, Nagar, Hyderabad, Telangana - 476375",1,1,ACC01049,REC001574,False,False,
PERSON00755,Gaurav Bose,6012313227,QDUPH4511J,"72, Extension, Nagpur, Maharashtra - 271387",3,2,ACC01050;ACC01051,REC001575;REC001576;REC001577,False,False,R0_same_account;R1_same_pan;R2_phone_and_name_sim;R3_address_and_name_sim;R4_phone_and_address
PERSON00756,Sanjay Bsoe,6910378025,QTQWG5978O,"157, Main Road, Mysuru, Karnataka - 361475",3,2,ACC01052;ACC01053,REC001578;REC001579;REC001580,False,False,R0_same_account;R1_same_pan;R2_phone_and_name_sim;R3_address_and_name_sim;R4_phone_and_address
PERSON00757,SANJAY ANSARI,6335505937,DGEQU4622B,"743, Nagar, Mysuru, Karnataka - 606512",1,1,ACC01054,REC001581,False,False,
PERSON00758,Meena Thomas & Sons,7336149828,GBUUM8031E,"717, Layout, Kolkata, West Bengal - 618172",2,1,ACC01055,REC001582;REC001583,False,False,R0_same_account;R1_same_pan
PERSON00759,Karthik Sandhu & Sons,9147135488,RJNBY9238L,"308, Cross Street, Surat, Gujarat - 513893",6,3,ACC01056;ACC01057;ACC01058,REC001584;REC001585;REC001586;REC001587;REC001588;REC001589,False,False,R0_same_account;R1_same_pan;R2_phone_and_name_sim;R3_address_and_name_sim
PERSON00760,Mishra Kavita,9144223912,,,1,1,ACC01059,REC001590,False,False,
PERSON00761,Venkatesh Verma & Sons,9063361876,ZAYTH6633H,"941, Colony, Nagpur, Maharashtra - 238618",2,1,ACC01060,REC001591;REC001592,False,False,R0_same_account;R1_same_pan;R4_phone_and_address
PERSON00762,Harpreet Sheikh & Sons,8519722712,HUDHN3705G,,2,1,ACC01061,REC001593;REC001594,False,False,R0_same_account;R1_same_pan
PERSON00763,Thomas Mehta,6823618106,CFAHL6462X,"164, Main Road, Thiruvananthapuram, Kerala - 348635",2,1,ACC01062,REC001595;REC001596,False,False,R0_same_account;R3_address_and_name_sim
PERSON00764,Sabiha Pillai,8489253862,TWEGI0670O,"509, Colony, Kochi, Kerala - 666821",3,2,ACC01063;ACC01064,REC001597;REC001598;REC001599,True,False,R0_same_account;R5_initials;R8_soundex
PERSON00765,Kaur Rajesh,9943928537,HMDCM6402X,"825, Extension, Kochi, Kerala - 646307",2,2,ACC01065;ACC01066,REC001600;REC001601,False,False,R1_same_pan
PERSON00766,Naveen Patel & Sons,6483643996,GZNFE8195M,"373, Main Road, Surat, Gujarat - 351482",2,1,ACC01067,REC001602;REC001603,False,False,R0_same_account;R1_same_pan;R4_phone_and_address
PERSON00767,BHAVANA GUPTA,8220797573,LRYCN9270I,"853, Cross Street, Bhopal, Madhya Pradesh - 112474",1,1,ACC01068,REC001604,False,False,
PERSON00768,Karthik Rao,,EGVOQ1804Y,,1,1,ACC01069,REC001605,False,False,
PERSON00769,Kiran Mishra & Sons,9588569676,YWQSD1851J,"379, Main Road, Bhopal, Madhya Pradesh - 209325",4,2,ACC01070;ACC01071,REC001606;REC001607;REC001608;REC001609,False,False,R0_same_account;R1_same_pan;R2_phone_and_name_sim;R3_address_and_name_sim;R4_phone_and_address;R6_reversed
PERSON00770,Malhotra Manpreet,9726431482,CPYEM5748Z,,1,1,ACC01072,REC001610,False,False,
PERSON00771,Radha Sndhu,,LPLNH6739D,"38, Layout, Bhopal, Madhya Pradesh - 349251",1,1,ACC01073,REC001611,False,False,
PERSON00772,Sheikh Kritika,8039048378,HTOMA2656X,"434, Colony, Jaipur, Rajasthan - 391836",2,1,ACC01074,REC001612;REC001613,False,False,R0_same_account
PERSON00773,Jyoti Sandhu,,HZJPW9207S,"622, Avenue, Nagpur, Maharashtra - 144886",1,1,ACC01075,REC001614,False,False,
PERSON00774,Pillai Rajwinder,9568582942,WZJGS9944E,"302, Nagar, Pune, Maharashtra - 142533",2,1,ACC01076,REC001615;REC001616,False,False,R0_same_account;R1_same_pan
PERSON00775,SHOBHA SHEIKH,7630467863,VBFSR8431K,"210, Cross Street, Lucknow, Uttar Pradesh - 574237",7,4,ACC01077;ACC01078;ACC01079;ACC01080,REC001617;REC001618;REC001619;REC001620;REC001621;REC001622;REC001623,False,False,R0_same_account;R1_same_pan;R2_phone_and_name_sim;R3_address_and_name_sim;R4_phone_and_address;R6_reversed;R8_soundex
PERSON00776,Jyoti Menon,6428969452,TQZTO4297D,"831, Cross Street, Ahmedabad, Gujarat - 145201",1,1,ACC01081,REC001624,False,False,
PERSON00777,Anil Saxnea,9568698904,YAGJH1433Y,"228, Nagar, Kolkata, West Bengal - 211110",2,1,ACC01082,REC001625;REC001626,False,False,R0_same_account;R1_same_pan
PERSON00778,Suresh Brar & Sons,8266559149,HVUHT6589K,"232, Extension, Bhopal, Madhya Pradesh - 645780",5,4,ACC01083;ACC01084;ACC01085;ACC01086,REC001627;REC001628;REC001629;REC001630;REC001631,False,False,R0_same_account;R1_same_pan;R2_phone_and_name_sim;R3_address_and_name_sim;R4_phone_and_address
PERSON00779,Irfan Khan,8219831611,CKIEZ6669V,"257, Nagar, Pune, Maharashtra - 415250",2,1,ACC01087,REC001632;REC001633,False,False,R0_same_account;R1_same_pan
PERSON00780,RAJESH MISHRA,8711091475,WWADR6641J,"198, Colony, Ahmedabad, Gujarat - 102476",2,1,ACC01088,REC001634;REC001635,False,False,R0_same_account
PERSON00781,Sanjay Gill & Sons,7210663729,GGVET5579F,"452, Cross Street, Ahmedabad, Gujarat - 387224",2,1,ACC01089,REC001636;REC001637,False,False,R0_same_account;R3_address_and_name_sim
PERSON00782,Sangeeta Pillai & Sons & Sons,8224446649,EVDSM0379A,"52, Colony, Coimbatore, Tamil Nadu - 292802",5,4,ACC01090;ACC01091;ACC01092;ACC01093,REC001638;REC001639;REC001640;REC001641;REC001642,False,False,R0_same_account;R1_same_pan;R3_address_and_name_sim
PERSON00783,SUSAN ANSARI,6118579943,UUYZR2928G,"381, Layout, Mumbai, Maharashtra - 458158",2,1,ACC01094,REC001643;REC001644,False,False,R0_same_account;R2_phone_and_name_sim;R3_address_and_name_sim;R4_phone_and_address
PERSON00784,Ajay Sahrma,,QHLJJ5293H,"911, Extension, Kochi, Kerala - 219249",1,1,ACC01095,REC001645,False,False,
PERSON00785,Gopal Naidu & Sons,9339545616,TMUNY0252C,"678, Avenue, Kolkata, West Bengal - 628631",2,2,ACC01096;ACC01097,REC001646;REC001647,False,False,R1_same_pan
PERSON00786,Manisha Varghese,9388809737,DKBMJ3468I,"508, Avenue, Coimbatore, Tamil Nadu - 211589",1,1,ACC01098,REC001648,False,False,
PERSON00787,Sunil Ahmde,6301864498,DRRXJ4144M,"393, Nagar, Kolkata, West Bengal - 215266",2,1,ACC01099,REC001649;REC001650,False,False,R0_same_account;R1_same_pan;R3_address_and_name_sim
PERSON00788,MANPREET NAIR,6947865543,JAQRB2013C,"646, Avenue, Madurai, Tamil Nadu - 437606",1,1,ACC01100,REC001651,False,False,
PERSON00789,Muthu Chatterjee & Sons,7279706484,UULHF5376Q,"43, Avenue, Ahmedabad, Gujarat - 581751",2,1,ACC01101,REC001652;REC001653,False,False,R0_same_account;R2_phone_and_name_sim
PERSON00790,Rajesh Naiud,6238166617,LKZYY2198I,"618, Extension, Bhopal, Madhya Pradesh - 280985",2,1,ACC01102,REC001654;REC001655,False,False,R0_same_account;R1_same_pan;R3_address_and_name_sim
PERSON00791,Neha Gupta & Sons,6231061779,LJXOH6271I,"316, Main Road, Kolkata, West Bengal - 421313",2,1,ACC01103,REC001656;REC001657,False,False,R0_same_account;R3_address_and_name_sim
PERSON00792,Irfan Shekih,9719556950,YVHIP0617P,"384, Main Road, Bhopal, Madhya Pradesh - 166082",3,2,ACC01104;ACC01105,REC001658;REC001659;REC001660,False,False,R0_same_account;R1_same_pan;R3_address_and_name_sim
PERSON00793,Gurpreet Sengupta & Sons,9172589735,GNHOB4152D,"794, Extension, Patna, Bihar - 493373",2,1,ACC01106,REC001661;REC001662,False,False,R0_same_account;R1_same_pan;R2_phone_and_name_sim;R3_address_and_name_sim;R4_phone_and_address
PERSON00794,Aarti Reddy,,KSHGR9761C,"630, Cross Street, Delhi, Delhi - 539808",1,1,ACC01107,REC001663,False,False,
PERSON00795,PRIYA MEHTA,,VCDTQ7393R,"310, Cross Street, Bhopal, Madhya Pradesh - 446514",1,1,ACC01108,REC001664,False,False,
PERSON00796,SOWMYA IYENGAR,8763496342,GETNM8838C,"982, Avenue, Kochi, Kerala - 269090",3,3,ACC01109;ACC01110;ACC01111,REC001665;REC001666;REC001667,False,False,R1_same_pan;R2_phone_and_name_sim;R4_phone_and_address;R5_initials;R8_soundex
PERSON00797,Sanjay Pillai,6712007429,IQCEA0534D,"28, Main Road, Ahmedabad, Gujarat - 182713",2,1,ACC01112,REC001668;REC001669,False,False,R0_same_account;R1_same_pan;R4_phone_and_address
PERSON00798,Kritika Jain & Sons,9065281213,BPJCS2806Z,"935, Colony, Ahmedabad, Gujarat - 295476",2,1,ACC01113,REC001670;REC001671,False,False,R0_same_account;R1_same_pan;R4_phone_and_address
PERSON00799,Zeenat Nair & Sons,9027050413,JQLTD7673X,"137, Avenue, Chennai, Tamil Nadu - 509037",2,2,ACC01114;ACC01115,REC001672;REC001673,False,False,R3_address_and_name_sim
PERSON00800,Swati Thomas,8622319696,,,1,1,ACC01116,REC001674,False,False,
PERSON00801,R. Gupta,6904232764,EYVWU4044H,"590, Extension, Jaipur, Rajasthan - 405129",1,1,ACC01117,REC001675,False,False,
PERSON00802,Shobha Tiwari,7928131059,LZLTG7545K,"405, Layout, Nagpur, Maharashtra - 372273",2,2,ACC01118;ACC01119,REC001676;REC001677,False,False,R1_same_pan
PERSON00803,A. Khan,9941870272,HBNWL6301Q,"413, Colony, Hyderabad, Telangana - 253967",4,2,ACC01120;ACC01121,REC001678;REC001679;REC001680;REC001681,False,False,R0_same_account;R1_same_pan;R2_phone_and_name_sim;R4_phone_and_address
PERSON00804,Amandeep Pillai & Sons,6697245412,VPNRV4424I,"583, Avenue, Mysuru, Karnataka - 597489",1,1,ACC01122,REC001682,False,False,
PERSON00805,Rekha Shamra,,OVOQL5681W,"858, Cross Street, Bengaluru, Karnataka - 221835",2,1,ACC01123,REC001683;REC001684,False,False,R0_same_account
PERSON00806,Radha Gpta,,WGWIT0210B,"467, Cross Street, Surat, Gujarat - 237604",1,1,ACC01124,REC001685,False,False,
PERSON00807,Khan Sanjay,8640136765,NDLGC4412E,"279, Extension, Chandigarh, Punjab - 379690",1,1,ACC01125,REC001686,False,False,
PERSON00808,S. Patel,6475019646,MWLMK5786O,"628, Extension, Jaipur, Rajasthan - 285927",1,1,ACC01126,REC001687,False,False,
PERSON00809,Anita Chatterjee,,JDWBD5608U,"17, Cross Street, Nagpur, Maharashtra - 230309",2,1,ACC01127,REC001688;REC001689,False,False,R0_same_account;R1_same_pan
PERSON00810,Simran Ydaav,9974429416,JCYUP2436T,"504, Layout, Pune, Maharashtra - 639208",2,1,ACC01128,REC001690;REC001691,False,False,R0_same_account;R1_same_pan;R4_phone_and_address
PERSON00811,Sangeeta Tohmas,9272822760,BOQMD8051K,"804, Cross Street, Mysuru, Karnataka - 210166",2,1,ACC01129,REC001692;REC001693,False,False,R0_same_account;R1_same_pan;R4_phone_and_address
PERSON00812,Pillai & Sons Nithya,9615626964,,,1,1,ACC01130,REC001694,False,False,
PERSON00813,N. Pillai & Sons,9615626964,MBZMQ3015V,"260, Nagar, Kolkata, West Bengal - 286041",1,1,ACC01131,REC001695,False,False,
PERSON00814,Gurpreet Pillai & Sons & Sons,9404193756,SXMQI3963O,"212, Colony, Mumbai, Maharashtra - 230452",3,2,ACC01132;ACC01133,REC001696;REC001697;REC001698,False,False,R0_same_account;R1_same_pan;R2_phone_and_name_sim;R3_address_and_name_sim;R4_phone_and_address
PERSON00815,Deepak Vera,8409885369,DBAJF7746H,"25, Nagar, Bengaluru, Karnataka - 383725",1,1,ACC01134,REC001699,False,False,
PERSON00816,Ramesh Kumar & Sons,7752161900,EJNFA8986Z,"661, Colony, Ahmedabad, Gujarat - 141510",1,1,ACC01135,REC001700,False,False,
PERSON00817,Bansal Vandana,9760242853,GVXPS4992E,"922, Nagar, Ahmedabad, Gujarat - 198357",5,3,ACC01136;ACC01137;ACC01138,REC001701;REC001702;REC001703;REC001704;REC001705,False,False,R0_same_account;R1_same_pan;R2_phone_and_name_sim;R3_address_and_name_sim;R4_phone_and_address;R6_reversed
PERSON00818,Harish Pllai,9112053756,YMRLT7210R,"437, Avenue, Jaipur, Rajasthan - 396457",1,1,ACC01139,REC001706,False,False,
PERSON00819,JYOTI RAO,9318603059,UKHDI2812T,,2,1,ACC01140,REC001707;REC001708,False,False,R0_same_account;R1_same_pan;R2_phone_and_name_sim
PERSON00820,Verma Sandeep,9987512292,AQNZV3420A,"457, Main Road, Coimbatore, Tamil Nadu - 554317",1,1,ACC01141,REC001709,False,False,
PERSON00821,Padma Menn,,EIQNU2282S,"791, Nagar, Mysuru, Karnataka - 354335",1,1,ACC01142,REC001710,False,False,
PERSON00822,Sunil Mishra & Sons,8760234151,WPDEE2479J,"757, Extension, Kochi, Kerala - 504257",2,1,ACC01143,REC001711;REC001712,False,False,R0_same_account;R2_phone_and_name_sim
PERSON00823,KRITIKA SANDHU,6225855538,ONMMQ2419H,"869, Avenue, Chennai, Tamil Nadu - 426976",2,1,ACC01144,REC001713;REC001714,False,False,R0_same_account
PERSON00824,AYESHA TRIVEDI,7498891924,LGIRT8517O,"804, Layout, Pune, Maharashtra - 305747",6,3,ACC01145;ACC01146;ACC01147,REC001715;REC001716;REC001717;REC001718;REC001719;REC001720,False,False,R0_same_account;R1_same_pan;R2_phone_and_name_sim;R3_address_and_name_sim;R4_phone_and_address;R5_initials;R8_soundex
PERSON00825,KALPANA SHEIKH,6679937528,RSSFM7298L,"241, Cross Street, Chandigarh, Punjab - 148060",5,3,ACC01148;ACC01149;ACC01150,REC001721;REC001722;REC001723;REC001724;REC001725,False,False,R0_same_account;R1_same_pan;R2_phone_and_name_sim;R3_address_and_name_sim;R4_phone_and_address
PERSON00826,Ritu Joshi & Sons,6631111905,XGKFB1026K,"359, Layout, Bhopal, Madhya Pradesh - 262629",3,2,ACC01151;ACC01152,REC001726;REC001727;REC001728,False,False,R0_same_account;R1_same_pan;R2_phone_and_name_sim;R3_address_and_name_sim;R4_phone_and_address
PERSON00827,Kritika Anasri,6872827207,WBFOJ0087U,"305, Cross Street, Surat, Gujarat - 104963",2,1,ACC01153,REC001729;REC001730,False,False,R0_same_account;R1_same_pan
PERSON00828,Sandhu Ravi,8692928575,RDCEN2279S,"375, Nagar, Bhopal, Madhya Pradesh - 463786",2,1,ACC01154,REC001731;REC001732,False,False,R0_same_account;R1_same_pan
PERSON00829,R. Gill,8175381509,HBGWN9261B,,1,1,ACC01155,REC001733,False,False,
PERSON00830,D. Pillai & Sons,7517986419,KYBXI0634U,"547, Layout, Patna, Bihar - 685341",1,1,ACC01156,REC001734,False,False,
PERSON00831,Bansal Joseph,9722961450,AJDDG7596R,"473, Nagar, Kolkata, West Bengal - 228604",2,1,ACC01157,REC001735;REC001736,False,False,R0_same_account;R1_same_pan;R4_phone_and_address
PERSON00832,Anna Jain,,OURSI5546J,,1,1,ACC01158,REC001737,False,False,
PERSON00833,Anna Jain,9490090190,,,1,1,ACC01159,REC001738,False,False,
PERSON00834,Arjun Mukherjee,8156232705,VEVNR1440N,"120, Main Road, Surat, Gujarat - 162052",1,1,ACC01160,REC001739,False,False,
PERSON00835,Joseph Padey,6992770487,CPRME4009Y,"35, Avenue, Kochi, Kerala - 184201",2,1,ACC01161,REC001740;REC001741,False,False,R0_same_account;R1_same_pan
PERSON00836,RAHUL GILL,6390731867,GJPOL7325B,"158, Colony, Coimbatore, Tamil Nadu - 673102",2,1,ACC01162,REC001742;REC001743,False,False,R0_same_account
PERSON00837,Deepa Jain & Sons,7731733852,ZNFAB6627U,,2,1,ACC01163,REC001744;REC001745,False,False,R0_same_account;R1_same_pan;R2_phone_and_name_sim
PERSON00838,RAJESH AGARWAL,6028797774,,"586, Main Road, Chandigarh, Punjab - 656474",1,1,ACC01164,REC001746,False,False,
PERSON00839,Kalpana Kumar,8463802409,KJCWD6444H,"120, Extension, Kochi, Kerala - 670027",4,2,ACC01165;ACC01166,REC001747;REC001748;REC001749;REC001750,False,False,R0_same_account;R1_same_pan;R2_phone_and_name_sim;R3_address_and_name_sim;R4_phone_and_address
PERSON00840,KRITIKA IYER,6865498014,,,1,1,ACC01167,REC001751,False,False,
PERSON00841,KIRAN BHATT,9468727009,MPWNK0012A,"647, Colony, Chandigarh, Punjab - 538455",1,1,ACC01168,REC001752,False,False,
PERSON00842,Rohit Sheikh & Sons,6004877930,VWJYV0121H,,1,1,ACC01169,REC001753,False,False,
PERSON00843,Pankaj Ydav,9924289482,LCTUR8794L,"420, Colony, Coimbatore, Tamil Nadu - 360187",1,1,ACC01170,REC001754,False,False,
PERSON00844,Harpreet Mehat,6471207381,HDIDM7830S,,1,1,ACC01171,REC001755,False,False,
PERSON00845,Mishra Thomas,7140373634,LHUPM8375E,"440, Avenue, Bengaluru, Karnataka - 670760",3,2,ACC01172;ACC01173,REC001756;REC001757;REC001758,False,False,R0_same_account;R1_same_pan;R3_address_and_name_sim;R4_phone_and_address;R6_reversed
PERSON00846,NITHYA THOMAS,8138223204,OULXB8600V,"482, Extension, Pune, Maharashtra - 128728",3,2,ACC01174;ACC01175,REC001759;REC001760;REC001761,False,False,R0_same_account;R1_same_pan;R2_phone_and_name_sim;R3_address_and_name_sim;R4_phone_and_address
PERSON00847,Anjali Mukerjee,6159006315,OWBIQ8155H,"680, Cross Street, Madurai, Tamil Nadu - 697780",2,1,ACC01176,REC001762;REC001763,False,False,R0_same_account;R4_phone_and_address
PERSON00848,Harpreet Batt,,TGBFR7227M,"617, Main Road, Chennai, Tamil Nadu - 183934",1,1,ACC01177,REC001764,False,False,
PERSON00849,Jyoti Chatterjee & Sons,7266601064,UMHLV8451I,"622, Avenue, Mysuru, Karnataka - 470897",2,1,ACC01178,REC001765;REC001766,False,False,R0_same_account;R1_same_pan;R2_phone_and_name_sim;R3_address_and_name_sim;R4_phone_and_address
PERSON00850,H. Bansal,7435924287,UIAPA3256U,"435, Extension, Kochi, Kerala - 665079",3,2,ACC01179;ACC01180,REC001767;REC001768;REC001769,False,False,R0_same_account;R1_same_pan
PERSON00851,Menon Joseph,6407724970,AZPRG5000Q,"445, Cross Street, Madurai, Tamil Nadu - 552315",2,1,ACC01181,REC001770;REC001771,False,False,R0_same_account;R1_same_pan
PERSON00852,Sunil Deasi,6420225247,DYUXL4407V,"23, Layout, Kolkata, West Bengal - 258902",1,1,ACC01182,REC001772,False,False,
PERSON00853,R. Sidhu,6305455554,HICXH7589E,,1,1,ACC01183,REC001773,False,False,
PERSON00854,Varghese Sunil,9421339713,LWOFI4668R,"524, Main Road, Patna, Bihar - 681214",1,1,ACC01184,REC001774,False,False,
PERSON00855,HARISH KAUR,6165703085,KGCWR2902S,"384, Cross Street, Thiruvananthapuram, Kerala - 101717",5,3,ACC01185;ACC01186;ACC01187,REC001775;REC001776;REC001777;REC001778;REC001779,False,False,R0_same_account;R1_same_pan;R2_phone_and_name_sim;R3_address_and_name_sim;R4_phone_and_address
PERSON00856,NITHYA DAS,7926136691,GJZAT0662M,"450, Extension, Kochi, Kerala - 160192",2,1,ACC01188,REC001780;REC001781,False,False,R0_same_account;R1_same_pan
PERSON00857,RAVI MENON,6900648930,YTLTL9256E,"56, Cross Street, Kolkata, West Bengal - 570844",2,2,ACC01189;ACC01190,REC001782;REC001783,False,False,R2_phone_and_name_sim;R3_address_and_name_sim;R4_phone_and_address
PERSON00858,Kiran Singh,9638635821,XUJEJ9556L,"126, Layout, Lucknow, Uttar Pradesh - 367874",1,1,ACC01191,REC001784,False,False,
PERSON00859,Saxena Amit,6246161817,CYEPG5804L,"785, Colony, Patna, Bihar - 661797",2,2,ACC01192;ACC01193,REC001785;REC001786,False,False,R1_same_pan
PERSON00860,Radha Rao,9486572304,OSVGN6762R,"630, Nagar, Jaipur, Rajasthan - 479670",2,1,ACC01194,REC001787;REC001788,False,False,R0_same_account;R1_same_pan;R4_phone_and_address
PERSON00861,Sabiha Mehta & Sons,6842517997,IIHCW2735X,"950, Extension, Coimbatore, Tamil Nadu - 657165",1,1,ACC01195,REC001789,False,False,
PERSON00862,Vasantha Rao,7997030418,KSDTX7605F,"806, Avenue, Mumbai, Maharashtra - 226038",3,2,ACC01196;ACC01197,REC001790;REC001791;REC001792,False,False,R0_same_account;R2_phone_and_name_sim;R3_address_and_name_sim;R4_phone_and_address;R5_initials
PERSON00863,Karthik Reddy & Sons,8012672718,TMCUK3913Z,"34, Avenue, Jaipur, Rajasthan - 695436",2,1,ACC01198,REC001793;REC001794,False,False,R0_same_account;R1_same_pan;R2_phone_and_name_sim;R3_address_and_name_sim;R4_phone_and_address
PERSON00864,Mary Tiwari & Sons,6230409995,RPQVF3891Y,"801, Extension, Hyderabad, Telangana - 485246",2,1,ACC01199,REC001795;REC001796,False,False,R0_same_account
PERSON00865,Kapoor Amandeep,8543568187,LIKOZ3607G,"541, Nagar, Bengaluru, Karnataka - 697776",1,1,ACC01200,REC001797,False,False,
PERSON00866,MANPREET BRAR,9602733614,LBHNO6469B,"325, Extension, Jaipur, Rajasthan - 233098",3,2,ACC01201;ACC01202,REC001798;REC001799;REC001800,False,False,R0_same_account;R1_same_pan;R2_phone_and_name_sim
PERSON00867,Lakshmi Ansari & Sons,8888493614,NQWTL7145Q,"218, Extension, Mysuru, Karnataka - 390867",2,1,ACC01203,REC001801;REC001802,False,False,R0_same_account;R1_same_pan
PERSON00868,S. Tiwari,9632646771,IOJYV1872L,,1,1,ACC01204,REC001803,False,False,
PERSON00869,Banerjee Ashok,7770401950,TSPSP8859Y,"75, Colony, Delhi, Delhi - 132273",3,2,ACC01205;ACC01206,REC001804;REC001805;REC001806,False,False,R0_same_account;R4_phone_and_address
PERSON00870,NEHA KHAN,7552103607,SUQSZ6881E,"233, Colony, Patna, Bihar - 418709",3,2,ACC01207;ACC01208,REC001807;REC001808;REC001809,False,False,R0_same_account;R1_same_pan;R2_phone_and_name_sim;R4_phone_and_address;R5_initials;R8_soundex
PERSON00871,Arjun Bansal & Sons,6168570305,VVOFS1842G,"207, Nagar, Patna, Bihar - 102085",1,1,ACC01209,REC001810,False,False,
PERSON00872,RAHUL NAIDU,6520941480,KESTJ4740O,"159, Avenue, Chandigarh, Punjab - 361472",3,2,ACC01210;ACC01211,REC001811;REC001812;REC001813,False,False,R0_same_account;R2_phone_and_name_sim;R4_phone_and_address;R5_initials;R8_soundex
PERSON00873,Vijay Mukhereje,7641398128,MNXXT8003L,"201, Colony, Coimbatore, Tamil Nadu - 484421",1,1,ACC01212,REC001814,False,False,
PERSON00874,Gopal Bhatt & Sons,6973112717,,,1,1,ACC01213,REC001815,False,False,
PERSON00875,Pooja Sandhu & Sons,6589271833,FFPGW8549Q,"509, Nagar, Madurai, Tamil Nadu - 115606",2,1,ACC01214,REC001816;REC001817,False,False,R0_same_account;R2_phone_and_name_sim
PERSON00876,Sidhu George,8895937757,LSWOX1334K,"963, Colony, Madurai, Tamil Nadu - 106287",2,1,ACC01215,REC001818;REC001819,False,False,R0_same_account;R1_same_pan
PERSON00877,SABIHA GILL,7314899097,FCRFT2602N,"463, Colony, Jaipur, Rajasthan - 524745",2,2,ACC01216;ACC01217,REC001820;REC001821,False,False,R1_same_pan;R3_address_and_name_sim
PERSON00878,SUSAN SAXENA,8587351996,HGZLN4592M,"13, Avenue, Mysuru, Karnataka - 271885",4,2,ACC01218;ACC01219,REC001822;REC001823;REC001824;REC001825,False,False,R0_same_account;R1_same_pan;R3_address_and_name_sim;R6_reversed
PERSON00879,POOJA BRAR,9639967328,QJIMT7781U,"44, Nagar, Surat, Gujarat - 258207",3,2,ACC01220;ACC01221,REC001826;REC001827;REC001828,False,False,R0_same_account;R1_same_pan;R2_phone_and_name_sim;R3_address_and_name_sim;R4_phone_and_address
PERSON00880,Karthik Iyer & Sons,9248821345,,"641, Extension, Pune, Maharashtra - 337291",2,1,ACC01222,REC001829;REC001830,False,False,R0_same_account;R4_phone_and_address
PERSON00881,Imran Rao & Sons,8525563035,ARWPW8502O,"900, Avenue, Bengaluru, Karnataka - 592829",2,1,ACC01223,REC001831;REC001832,False,False,R0_same_account;R3_address_and_name_sim
PERSON00882,AJAY THOMAS,8379776645,HXNEN3463O,"506, Nagar, Mumbai, Maharashtra - 267927",2,1,ACC01224,REC001833;REC001834,False,False,R0_same_account;R2_phone_and_name_sim;R3_address_and_name_sim;R4_phone_and_address
PERSON00883,Rajesh Singh & Sons,9688797920,,"515, Nagar, Bhopal, Madhya Pradesh - 633407",2,2,ACC01225;ACC01226,REC001835;REC001836,False,False,R2_phone_and_name_sim
PERSON00884,USHA NAIR,,HFIHJ2292A,"640, Colony, Patna, Bihar - 421101",1,1,ACC01227,REC001837,False,False,
PERSON00885,Pillai Vijay,6752997430,GCTMK9193L,"654, Layout, Bhopal, Madhya Pradesh - 611038",1,1,ACC01228,REC001838,False,False,
PERSON00886,Brar Deepak,8730062887,HWLOV8604Q,"945, Nagar, Chennai, Tamil Nadu - 324441",2,1,ACC01229,REC001839;REC001840,False,False,R0_same_account
PERSON00887,Rajesh Bansal & Sons,8242539385,PJGEB6542Q,"658, Avenue, Thiruvananthapuram, Kerala - 679870",2,1,ACC01230,REC001841;REC001842,False,False,R0_same_account
PERSON00888,MANISHA SENGUPTA,6919781752,HQSQV8494C,"47, Cross Street, Surat, Gujarat - 266510",2,1,ACC01231,REC001843;REC001844,False,False,R0_same_account
PERSON00889,Susan Ahmed & Sons,7373968614,KNGNM7026C,"681, Nagar, Chennai, Tamil Nadu - 284170",2,1,ACC01232,REC001845;REC001846,False,False,R0_same_account;R4_phone_and_address
PERSON00890,Sidhu Naveen,9836581232,YMOHC1609Q,"746, Cross Street, Coimbatore, Tamil Nadu - 111233",2,1,ACC01233,REC001847;REC001848,False,False,R0_same_account;R4_phone_and_address
PERSON00891,Rekha Saexna,7216593094,OOETQ4481J,"654, Cross Street, Kolkata, West Bengal - 366445",2,1,ACC01234,REC001849;REC001850,False,False,R0_same_account;R2_phone_and_name_sim;R3_address_and_name_sim;R4_phone_and_address
PERSON00892,GEETA BANERJEE,7612428095,,"402, Main Road, Kochi, Kerala - 513170",1,1,ACC01235,REC001851,False,False,
PERSON00893,K. Qureshi,9647514999,QRQIR4139X,"204, Nagar, Jaipur, Rajasthan - 653158",1,1,ACC01236,REC001852,False,False,
PERSON00894,Simran Ansari & Sons,8050913418,XEKMZ3355G,"329, Colony, Bengaluru, Karnataka - 517013",3,2,ACC01237;ACC01238,REC001853;REC001854;REC001855,False,False,R0_same_account;R1_same_pan;R2_phone_and_name_sim;R3_address_and_name_sim;R4_phone_and_address
PERSON00895,Muthu Dhillon,6663317381,SWWFG3350P,"52, Avenue, Mumbai, Maharashtra - 209311",2,1,ACC01239,REC001856;REC001857,False,False,R0_same_account;R2_phone_and_name_sim;R3_address_and_name_sim;R4_phone_and_address
PERSON00896,Rajwinder Vrma,8479967111,CGQKS7718H,"163, Main Road, Kochi, Kerala - 615269",1,1,ACC01240,REC001858,False,False,
PERSON00897,Bhavana Thomas,8528052522,FTYUQ1675P,"476, Cross Street, Thiruvananthapuram, Kerala - 109302",2,1,ACC01241,REC001859;REC001860,False,False,R0_same_account;R1_same_pan;R3_address_and_name_sim
PERSON00898,Prakash Ghohs,6067025450,VLSZC9439L,"287, Layout, Coimbatore, Tamil Nadu - 434015",3,2,ACC01242;ACC01243,REC001861;REC001862;REC001863,False,False,R0_same_account;R1_same_pan;R2_phone_and_name_sim;R3_address_and_name_sim
PERSON00899,Shreya Dhillon,,LHKPD6044P,"758, Layout, Pune, Maharashtra - 360859",1,1,ACC01244,REC001864,False,False,
PERSON00900,Ghosh Vikram,7904085642,YXFDY9016Z,"227, Nagar, Pune, Maharashtra - 114091",2,1,ACC01245,REC001865;REC001866,False,False,R0_same_account;R1_same_pan;R4_phone_and_address
PERSON00901,George Kapoor & Sons,8955858200,NLQLS0408Q,"658, Nagar, Mumbai, Maharashtra - 219034",5,3,ACC01246;ACC01247;ACC01248,REC001867;REC001868;REC001869;REC001870;REC001871,False,False,R0_same_account;R1_same_pan;R2_phone_and_name_sim;R3_address_and_name_sim;R4_phone_and_address
PERSON00902,Anna Agarwal,6507637192,DPLYE9283W,"358, Cross Street, Mysuru, Karnataka - 489233",4,3,ACC01249;ACC01250;ACC01251,REC001872;REC001873;REC001874;REC001875,False,False,R0_same_account;R1_same_pan;R3_address_and_name_sim
PERSON00903,Ayesha Mehta & Sons,6516253059,PUZVD6281O,"883, Nagar, Nagpur, Maharashtra - 417395",3,3,ACC01252;ACC01253;ACC01254,REC001876;REC001877;REC001878,False,False,R1_same_pan;R2_phone_and_name_sim
PERSON00904,FATIMA PATEL,7484039643,,"3, Layout, Surat, Gujarat - 252766",1,1,ACC01255,REC001879,False,False,
PERSON00905,Prakash Mneon,6073360048,VJIYO7223S,,1,1,ACC01256,REC001880,False,False,
PERSON00906,Fatima Ahmed & Sons,6140348603,CMJUR1571P,"541, Colony, Ahmedabad, Gujarat - 515474",2,1,ACC01257,REC001881;REC001882,False,False,R0_same_account;R3_address_and_name_sim
PERSON00907,Aarti Agarwal,7436793998,IYYLX1304G,"690, Cross Street, Pune, Maharashtra - 208279",2,1,ACC01258,REC001883;REC001884,False,False,R0_same_account
PERSON00908,Shah Ritu,7249203337,EJZWW0898N,"630, Colony, Chennai, Tamil Nadu - 601334",3,2,ACC01259;ACC01260,REC001885;REC001886;REC001887,False,False,R0_same_account;R1_same_pan;R2_phone_and_name_sim;R3_address_and_name_sim;R4_phone_and_address
PERSON00909,Kritika Banerjee & Sons,9710337715,ETJBL5994P,"239, Avenue, Patna, Bihar - 465466",2,1,ACC01261,REC001888;REC001889,False,False,R0_same_account
PERSON00910,V. Jain,7099274536,BISPB7176U,"972, Layout, Bengaluru, Karnataka - 161297",4,2,ACC01262;ACC01263,REC001890;REC001891;REC001892;REC001893,False,False,R0_same_account;R1_same_pan;R3_address_and_name_sim;R4_phone_and_address
PERSON00911,MARY TRIVEDI,9834628435,UIVNY1985W,"274, Layout, Mumbai, Maharashtra - 309923",4,2,ACC01264;ACC01265,REC001894;REC001895;REC001896;REC001897,False,False,R0_same_account;R1_same_pan;R2_phone_and_name_sim;R3_address_and_name_sim;R4_phone_and_address;R6_reversed
PERSON00912,Sengupta Vandana,6115850036,QJFMN3663O,"778, Main Road, Chandigarh, Punjab - 698834",4,2,ACC01266;ACC01267,REC001898;REC001899;REC001900;REC001901,False,False,R0_same_account;R1_same_pan;R2_phone_and_name_sim;R3_address_and_name_sim;R4_phone_and_address
PERSON00913,Geeta Redy,9831410951,,"882, Cross Street, Ahmedabad, Gujarat - 257751",1,1,ACC01268,REC001902,False,False,
PERSON00914,V. Varghese,8763980953,HYONZ6066O,"691, Extension, Lucknow, Uttar Pradesh - 630153",1,1,ACC01269,REC001903,False,False,
PERSON00915,Anjali Gill,,EGYKM5085I,"646, Cross Street, Bhopal, Madhya Pradesh - 441746",1,1,ACC01270,REC001904,False,False,
PERSON00916,Dubey Nitin,8803728979,VYAOQ6182M,"77, Nagar, Mumbai, Maharashtra - 283214",1,1,ACC01271,REC001905,False,False,
PERSON00917,Sabiha Mlhotra,7499726670,BCDWA5578N,"476, Colony, Chennai, Tamil Nadu - 515274",1,1,ACC01272,REC001906,False,False,
PERSON00918,Geeta Menon,,ZIIPU6531J,"258, Main Road, Surat, Gujarat - 599267",1,1,ACC01273,REC001907,False,False,
PERSON00919,Bhavana Malik & Sons,7336726997,SFLWV3730X,"238, Nagar, Surat, Gujarat - 495445",4,2,ACC01274;ACC01275,REC001908;REC001909;REC001910;REC001911,False,False,R0_same_account;R1_same_pan;R2_phone_and_name_sim;R3_address_and_name_sim;R4_phone_and_address
PERSON00920,Manisha Gupta & Sons,,RBYSJ1385U,"302, Main Road, Chandigarh, Punjab - 105675",2,1,ACC01276,REC001912;REC001913,False,False,R0_same_account;R1_same_pan
PERSON00921,AYESHA MENON,7297502057,BYVAW5014S,"577, Extension, Patna, Bihar - 214242",2,2,ACC01277;ACC01278,REC001914;REC001915,False,False,R1_same_pan;R3_address_and_name_sim
PERSON00922,Prakash Chauhan & Sons,6363122246,LPDGM0902R,"874, Colony, Jaipur, Rajasthan - 179868",3,2,ACC01279;ACC01280,REC001916;REC001917;REC001918,False,False,R0_same_account;R1_same_pan;R2_phone_and_name_sim;R3_address_and_name_sim;R4_phone_and_address
PERSON00923,SRINIVAS GHOSH,,OXTIY7505I,"663, Cross Street, Bengaluru, Karnataka - 547358",2,1,ACC01281,REC001919;REC001920,False,False,R0_same_account;R1_same_pan;R3_address_and_name_sim
PERSON00924,Sarita Catterjee,7218040531,ZGBUT4895Q,"315, Layout, Surat, Gujarat - 560665",1,1,ACC01282,REC001921,False,False,
PERSON00925,Srinivas Gupta,,XFFGT2791I,,1,1,ACC01283,REC001922,False,False,
PERSON00926,Zubair Shah,9408557052,,"914, Layout, Hyderabad, Telangana - 372173",1,1,ACC01284,REC001923,False,False,
PERSON00927,Shobha Brar & Sons,7194423953,PJRTN0893D,"66, Colony, Bengaluru, Karnataka - 348567",5,3,ACC01285;ACC01286;ACC01287,REC001924;REC001925;REC001926;REC001927;REC001928,True,False,R0_same_account;R1_same_pan;R3_address_and_name_sim;R5_initials;R6_reversed
PERSON00928,R. Dubey,9203066163,AJOQY2219I,,1,1,ACC01288,REC001929,False,False,
PERSON00929,ANJALI SENGUPTA,7263436542,KQJGH3468I,"57, Extension, Chennai, Tamil Nadu - 317473",4,3,ACC01289;ACC01290;ACC01291,REC001930;REC001931;REC001932;REC001933,False,False,R0_same_account;R1_same_pan;R3_address_and_name_sim
PERSON00930,Shobha Dubey & Sons,6396742121,LMWZR9217O,"187, Main Road, Jaipur, Rajasthan - 694795",4,3,ACC01292;ACC01293;ACC01294,REC001934;REC001935;REC001936;REC001937,False,False,R0_same_account;R1_same_pan;R3_address_and_name_sim;R4_phone_and_address
PERSON00931,JYOTI SHEIKH,6101663283,QUVVY4876P,"564, Colony, Mumbai, Maharashtra - 527226",6,3,ACC01295;ACC01296;ACC01297,REC001938;REC001939;REC001940;REC001941;REC001942;REC001943,False,False,R0_same_account;R1_same_pan;R2_phone_and_name_sim;R3_address_and_name_sim;R4_phone_and_address;R6_reversed
PERSON00932,Kavita Naidu & Sons,7765131737,ZGNPS9491K,"339, Avenue, Jaipur, Rajasthan - 294456",1,1,ACC01298,REC001944,False,False,
PERSON00933,JASPREET PILLAI & SONS,6060914897,PAONV9878G,"447, Cross Street, Kochi, Kerala - 167316",3,2,ACC01299;ACC01300,REC001945;REC001946;REC001947,False,False,R0_same_account;R1_same_pan;R3_address_and_name_sim
PERSON00934,Amit Gupta,6504767906,DRLKR4470F,"541, Avenue, Bengaluru, Karnataka - 512749",2,1,ACC01301,REC001948;REC001949,False,False,R0_same_account;R1_same_pan;R4_phone_and_address
PERSON00935,A. Ghosh,6160236949,BSYCJ7927S,"981, Layout, Coimbatore, Tamil Nadu - 664240",1,1,ACC01302,REC001950,False,False,
PERSON00936,Naveen Sengupa,7093477487,FZSZQ0841X,,1,1,ACC01303,REC001951,False,False,
PERSON00937,N. Bansal,9398788688,OLREX9946P,"957, Layout, Coimbatore, Tamil Nadu - 510517",1,1,ACC01304,REC001952,False,False,
PERSON00938,Harleen Banerje,,EESZY6356E,"237, Extension, Surat, Gujarat - 437902",1,1,ACC01305,REC001953,False,False,
PERSON00939,PRIYA SIDHU,6179977916,CPXWN0120Q,"973, Nagar, Jaipur, Rajasthan - 222841",5,3,ACC01306;ACC01307;ACC01308,REC001954;REC001955;REC001956;REC001957;REC001958,False,False,R0_same_account;R1_same_pan;R2_phone_and_name_sim;R3_address_and_name_sim;R4_phone_and_address;R5_initials;R8_soundex
PERSON00940,Venkatesh Dhillon,7000820944,OSLAJ3775S,"621, Nagar, Surat, Gujarat - 450689",1,1,ACC01309,REC001959,False,False,
PERSON00941,Aarti Kumra,8150401484,BTVSV5264J,"686, Nagar, Mysuru, Karnataka - 149236",2,1,ACC01310,REC001960;REC001961,False,False,R0_same_account;R1_same_pan
PERSON00942,Saxena Rajwinder,8560434266,WSWKS7948M,"716, Layout, Mumbai, Maharashtra - 698190",1,1,ACC01311,REC001962,False,False,
PERSON00943,Susan Dhillon,7437745902,VDLFF6963E,"546, Nagar, Thiruvananthapuram, Kerala - 471256",3,2,ACC01312;ACC01313,REC001963;REC001964;REC001965,False,False,R0_same_account;R1_same_pan;R3_address_and_name_sim
PERSON00944,Radha Mlahotra,8078407945,JYCRE8377H,"547, Cross Street, Pune, Maharashtra - 516041",1,1,ACC01314,REC001966,False,False,
PERSON00945,Sangeeta Ghosh,7362774017,QYVJZ6860D,"298, Cross Street, Surat, Gujarat - 105468",3,2,ACC01315;ACC01316,REC001967;REC001968;REC001969,False,False,R0_same_account;R1_same_pan;R2_phone_and_name_sim;R3_address_and_name_sim
PERSON00946,POOJA VERMA,9449587339,RGQVY8577E,"615, Main Road, Chennai, Tamil Nadu - 435400",2,1,ACC01317,REC001970;REC001971,False,False,R0_same_account;R2_phone_and_name_sim;R3_address_and_name_sim;R4_phone_and_address
PERSON00947,BHAVANA KUMAR,9543540589,UEPAH6076N,"547, Layout, Kochi, Kerala - 289963",3,2,ACC01318;ACC01319,REC001972;REC001973;REC001974,False,False,R0_same_account;R1_same_pan;R2_phone_and_name_sim;R3_address_and_name_sim;R4_phone_and_address
PERSON00948,AMIT BANSAL,7294296236,MQQRZ0427S,"18, Extension, Pune, Maharashtra - 445266",2,1,ACC01320,REC001975;REC001976,False,False,R0_same_account;R1_same_pan;R4_phone_and_address
PERSON00949,Pooja Saxena & Sons,,IAUOB4115C,"763, Avenue, Kolkata, West Bengal - 403872",1,1,ACC01321,REC001977,False,False,
PERSON00950,Harpreet Menon,8842722182,DCWKU0902J,"233, Cross Street, Kochi, Kerala - 166780",2,1,ACC01322,REC001978;REC001979,False,False,R0_same_account;R4_phone_and_address
PERSON00951,POOJA BHATT,7925976489,JSTBB7561V,"427, Extension, Kochi, Kerala - 558235",1,1,ACC01323,REC001980,False,False,
PERSON00952,Ahmed Balaji,8303544947,CUYLY6719M,"552, Cross Street, Patna, Bihar - 423417",2,1,ACC01324,REC001981;REC001982,False,False,R0_same_account;R1_same_pan
PERSON00953,Sarita Patel & Sons,9381632526,NULML8469I,"813, Nagar, Mumbai, Maharashtra - 127995",2,1,ACC01325,REC001983;REC001984,False,False,R0_same_account;R3_address_and_name_sim
PERSON00954,Imran Saxna,8622381556,SQTCF1118L,"310, Main Road, Kochi, Kerala - 655162",2,1,ACC01326,REC001985;REC001986,False,False,R0_same_account;R1_same_pan
PERSON00955,RAVI SHEIKH,8118560587,NJSYS3984I,"903, Avenue, Mysuru, Karnataka - 378018",1,1,ACC01327,REC001987,False,False,
PERSON00956,Deepa Gupta,7987475294,OWKKL8175N,"209, Colony, Mysuru, Karnataka - 516060",4,2,ACC01328;ACC01329,REC001988;REC001989;REC001990;REC001991,False,False,R0_same_account;R1_same_pan;R2_phone_and_name_sim;R4_phone_and_address
PERSON00957,Zubair Khna,6111177453,HCVIH2667R,"840, Extension, Delhi, Delhi - 220814",1,1,ACC01330,REC001992,False,False,
PERSON00958,U. Patel,9209879233,,,1,1,ACC01331,REC001993,False,False,
PERSON00959,Jyoti Tiwrai,6533537617,HBBNO7997G,"530, Cross Street, Chennai, Tamil Nadu - 538168",4,2,ACC01332;ACC01333,REC001994;REC001995;REC001996;REC001997,False,False,R0_same_account;R1_same_pan;R2_phone_and_name_sim;R3_address_and_name_sim;R4_phone_and_address
PERSON00960,Usha Cahtterjee,7775068906,GYEBA7464B,"291, Extension, Madurai, Tamil Nadu - 427150",3,2,ACC01334;ACC01335,REC001998;REC001999;REC002000,True,False,R0_same_account;R3_address_and_name_sim;R8_soundex
PERSON00961,KALPANA DHILLON,7466464139,AEGXC8265Q,"230, Nagar, Hyderabad, Telangana - 166860",3,2,ACC01336;ACC01337,REC002001;REC002002;REC002003,False,False,R0_same_account;R1_same_pan;R2_phone_and_name_sim;R4_phone_and_address
PERSON00962,ANJALI GILL,6629684185,RNJCL1307R,"297, Avenue, Kolkata, West Bengal - 189289",2,2,ACC01338;ACC01339,REC002004;REC002005,False,False,R1_same_pan;R2_phone_and_name_sim;R3_address_and_name_sim;R4_phone_and_address
PERSON00963,Naidu Divya,7713912916,WJRGV9482V,"397, Layout, Mumbai, Maharashtra - 519434",1,1,ACC01340,REC002006,False,False,
PERSON00964,Iyer Sunita,6219551072,XWGGG7389J,"973, Extension, Bengaluru, Karnataka - 664233",2,1,ACC01341,REC002007;REC002008,False,False,R0_same_account;R1_same_pan
PERSON00965,Anna Iyer & Sons,8110383332,AACGQ5705Q,"59, Avenue, Madurai, Tamil Nadu - 158179",3,2,ACC01342;ACC01343,REC002009;REC002010;REC002011,False,False,R0_same_account;R1_same_pan;R2_phone_and_name_sim;R4_phone_and_address
PERSON00966,Preethi Barr,6334798321,TSMHB5020X,"609, Layout, Lucknow, Uttar Pradesh - 342352",1,1,ACC01344,REC002012,False,False,
PERSON00967,Sunil Malik & Sons,7004301345,,"761, Avenue, Hyderabad, Telangana - 641035",2,1,ACC01345,REC002013;REC002014,False,False,R0_same_account;R4_phone_and_address
PERSON00968,Nithya Mehta & Sons,6176406281,EROBC4848Q,"600, Extension, Chennai, Tamil Nadu - 230317",3,2,ACC01346;ACC01347,REC002015;REC002016;REC002017,False,False,R0_same_account;R1_same_pan;R2_phone_and_name_sim;R3_address_and_name_sim;R4_phone_and_address
PERSON00969,Sowmya Metha,6981437502,CQSIV2066O,"434, Cross Street, Ahmedabad, Gujarat - 293285",2,1,ACC01348,REC002018;REC002019,False,False,R0_same_account;R4_phone_and_address
PERSON00970,Srinivas Gupa,9608008157,LXBOY5772Z,"742, Avenue, Surat, Gujarat - 415335",2,2,ACC01349;ACC01350,REC002020;REC002021,False,False,R4_phone_and_address
PERSON00971,Pandey Pooja,8550317908,XWFNU6380G,"385, Colony, Surat, Gujarat - 275267",3,2,ACC01351;ACC01352,REC002022;REC002023;REC002024,False,False,R0_same_account;R4_phone_and_address
PERSON00972,Dinesh Sandhu & Sons,8897934799,NMOZJ6386O,"74, Layout, Hyderabad, Telangana - 305447",3,2,ACC01353;ACC01354,REC002025;REC002026;REC002027,False,False,R0_same_account;R1_same_pan;R2_phone_and_name_sim;R3_address_and_name_sim;R4_phone_and_address
PERSON00973,SANJAY TRIVEDI,,LGSYU6031J,"417, Extension, Chandigarh, Punjab - 519054",1,1,ACC01355,REC002028,False,False,
PERSON00974,Bhavana Malhotra,6935919547,PZKST3982O,"870, Avenue, Jaipur, Rajasthan - 231992",1,1,ACC01356,REC002029,False,False,
PERSON00975,Usha Kapoor & Sons,8458530588,WJETG4045B,"26, Main Road, Mumbai, Maharashtra - 507091",1,1,ACC01357,REC002030,False,False,
PERSON00976,PADMA BHATT,9767187252,MPWVT3532X,"470, Cross Street, Chennai, Tamil Nadu - 689888",1,1,ACC01358,REC002031,False,False,
PERSON00977,Naidu Bhavana,7551143434,,"826, Nagar, Coimbatore, Tamil Nadu - 330806",1,1,ACC01359,REC002032,False,False,
PERSON00978,Rajwinder Malhotra & Sons,9677353606,IERWQ0116E,"340, Colony, Chennai, Tamil Nadu - 210194",1,1,ACC01360,REC002033,False,False,
PERSON00979,Ramesh Sndhu,6572732350,VDEZJ0262C,,1,1,ACC01361,REC002034,False,False,
PERSON00980,Karthik Mehat,8053953086,NDXXS6678O,"957, Main Road, Mumbai, Maharashtra - 479107",2,1,ACC01362,REC002035;REC002036,False,False,R0_same_account;R4_phone_and_address
PERSON00981,Desai Sunita,7178152890,WUVCZ1133A,"103, Layout, Delhi, Delhi - 244674",3,2,ACC01363;ACC01364,REC002037;REC002038;REC002039,False,False,R0_same_account;R1_same_pan;R3_address_and_name_sim;R4_phone_and_address
PERSON00982,Ayesha Kuamr,,HWFCJ8142I,,1,1,ACC01365,REC002040,False,False,
PERSON00983,NEHA DUBEY,,KQGVC6784X,"81, Colony, Bengaluru, Karnataka - 192868",2,1,ACC01366,REC002041;REC002042,False,False,R0_same_account;R1_same_pan
PERSON00984,T. Chatterjee,9491680890,FNXUL5180F,,1,1,ACC01367,REC002043,False,False,
PERSON00985,KARTHIK IYENGAR,8948711800,LWSPS7729U,"668, Extension, Hyderabad, Telangana - 214132",2,1,ACC01368,REC002044;REC002045,False,False,R0_same_account;R4_phone_and_address
PERSON00986,Sanjay Iyengar & Sons,8578641182,YGYOJ2627P,"348, Nagar, Thiruvananthapuram, Kerala - 292486",2,1,ACC01369,REC002046;REC002047,False,False,R0_same_account;R3_address_and_name_sim
PERSON00987,Bansal Sanjay,8864464640,XTBVV2075V,"722, Colony, Patna, Bihar - 288125",2,1,ACC01370,REC002048;REC002049,False,False,R0_same_account;R1_same_pan
PERSON00988,V. Shah,6610405970,FNWIV6922C,"781, Cross Street, Mumbai, Maharashtra - 488546",1,1,ACC01371,REC002050,False,False,
PERSON00989,Sabiha Bhatt,9670470855,BWUNL9097W,"484, Cross Street, Ahmedabad, Gujarat - 227876",1,1,ACC01372,REC002051,False,False,
PERSON00990,Anna Sidhu & Sons,8724231800,ZMPPS3865Q,,1,1,ACC01373,REC002052,False,False,
PERSON00991,IRFAN THOMAS,6625165661,SHZOJ3270S,"206, Avenue, Bengaluru, Karnataka - 125009",2,1,ACC01374,REC002053;REC002054,False,False,R0_same_account;R4_phone_and_address
PERSON00992,Amandeep Chatterjee,8279617120,IUMYO9869J,"905, Cross Street, Lucknow, Uttar Pradesh - 694709",2,1,ACC01375,REC002055;REC002056,False,False,R0_same_account;R4_phone_and_address
PERSON00993,Swati Gill,9873244434,SRWXR8793Z,,1,1,ACC01376,REC002057,False,False,
PERSON00994,Gurpreet Agarwal & Sons,6845752600,ZVSHG6569A,"652, Cross Street, Hyderabad, Telangana - 312722",2,1,ACC01377,REC002058;REC002059,False,False,R0_same_account
PERSON00995,Ramesh Sandhu & Sons,8402147810,NEGZA8898E,"835, Avenue, Mumbai, Maharashtra - 403705",3,2,ACC01378;ACC01379,REC002060;REC002061;REC002062,False,False,R0_same_account;R1_same_pan;R2_phone_and_name_sim;R3_address_and_name_sim;R4_phone_and_address
PERSON00996,Pooja Bansal,9675053199,SZVWJ0982X,"211, Main Road, Hyderabad, Telangana - 501736",2,1,ACC01380,REC002063;REC002064,False,False,R0_same_account
PERSON00997,Desai Sunita,8680845379,ASUHE0689H,"145, Colony, Thiruvananthapuram, Kerala - 271818",4,3,ACC01381;ACC01382;ACC01383,REC002065;REC002066;REC002067;REC002068,False,False,R0_same_account;R1_same_pan;R2_phone_and_name_sim;R3_address_and_name_sim;R4_phone_and_address;R6_reversed
PERSON00998,Sowmya Kumar,,RTKUY5594A,"604, Avenue, Lucknow, Uttar Pradesh - 187519",1,1,ACC01384,REC002069,False,False,
PERSON00999,A. Reddy,7245229940,ZKCPF3020P,,1,1,ACC01385,REC002070,False,False,
PERSON01000,Pillai & Sons Ritu,,MYGGR1827Z,"751, Main Road, Chennai, Tamil Nadu - 413088",1,1,ACC01386,REC002071,False,False,
PERSON01001,Ritu Pillai & Sons,6093453343,,"751, Main Road, Chennai, Tamil Nadu - 413088",1,1,ACC01387,REC002072,False,False,
PERSON01002,Karthik Gupta & Sons,9407249771,HTLAD0998G,"668, Cross Street, Chennai, Tamil Nadu - 522807",1,1,ACC01388,REC002073,False,False,
PERSON01003,R. Rao,6199000721,DHGJO6753Y,,1,1,ACC01389,REC002074,False,False,
PERSON01004,Manoj Patel & Sons,9926236797,,,1,1,ACC01390,REC002075,False,False,
PERSON01005,Manoj Patel,,UWZOZ2021F,"149, Avenue, Thiruvananthapuram, Kerala - 142377",1,1,ACC01391,REC002076,False,False,
PERSON01006,Dinesh Pillai & Sons,7256057138,PBCLI0867J,"291, Main Road, Surat, Gujarat - 467833",5,3,ACC01392;ACC01393;ACC01394,REC002077;REC002078;REC002079;REC002080;REC002081,False,False,R0_same_account;R1_same_pan;R2_phone_and_name_sim;R3_address_and_name_sim;R4_phone_and_address
PERSON01007,MANISHA SAXENA,7796846375,,,1,1,ACC01395,REC002082,False,False,
PERSON01008,Kavita Iyengar & Sons,7223837729,QWWLQ0505Y,,1,1,ACC01396,REC002083,False,False,
PERSON01009,R. Dubey,6050235573,DSJGP4512D,"74, Avenue, Coimbatore, Tamil Nadu - 656361",3,2,ACC01397;ACC01398,REC002084;REC002085;REC002086,False,False,R0_same_account;R1_same_pan;R3_address_and_name_sim;R5_initials;R8_soundex
PERSON01010,Harpreet Jian,7972404045,CBJSQ6294R,"133, Avenue, Thiruvananthapuram, Kerala - 491438",2,2,ACC01399;ACC01400,REC002087;REC002088,False,False,R2_phone_and_name_sim;R3_address_and_name_sim;R4_phone_and_address
PERSON01011,Vandana Brar & Sons,7981506330,UYHPM4975H,"234, Avenue, Delhi, Delhi - 395064",2,1,ACC01401,REC002089;REC002090,False,False,R0_same_account;R4_phone_and_address
PERSON01012,Lakshmi Mlik,8733574310,,"760, Colony, Coimbatore, Tamil Nadu - 345491",1,1,ACC01402,REC002091,False,False,
PERSON01013,Arjun Iyer & Sons,6886690690,JQIZV7487Z,"778, Avenue, Chandigarh, Punjab - 347470",2,1,ACC01403,REC002092;REC002093,False,False,R0_same_account;R1_same_pan;R2_phone_and_name_sim;R3_address_and_name_sim;R4_phone_and_address
PERSON01014,M. Jain,7267777582,,"659, Nagar, Bhopal, Madhya Pradesh - 265225",1,1,ACC01404,REC002094,False,False,
PERSON01015,GAURAV DHILLON,9428425129,,,1,1,ACC01405,REC002095,False,False,
PERSON01016,Arjun Naidu & Sons,,SVOXI1144C,"969, Avenue, Hyderabad, Telangana - 175787",1,1,ACC01406,REC002096,False,False,
PERSON01017,IMRAN SHEIKH,6762834207,RAWEG3350M,"113, Layout, Hyderabad, Telangana - 287264",2,1,ACC01407,REC002097;REC002098,False,False,R0_same_account;R1_same_pan;R2_phone_and_name_sim;R3_address_and_name_sim;R4_phone_and_address
PERSON01018,Ajay Gupta & Sons,8896712780,,"84, Extension, Kochi, Kerala - 405084",2,1,ACC01408,REC002099;REC002100,False,False,R0_same_account
PERSON01019,Dubey Sanjay,6345468854,HWJHZ3384N,"980, Colony, Nagpur, Maharashtra - 227072",3,2,ACC01409;ACC01410,REC002101;REC002102;REC002103,False,False,R0_same_account;R1_same_pan
PERSON01020,S. Yadav,9758038824,UYUPI8226A,"972, Main Road, Nagpur, Maharashtra - 313075",1,1,ACC01411,REC002104,False,False,
PERSON01021,Arjun Iyer & Sons,6661994734,JPYOS8628U,"396, Extension, Bengaluru, Karnataka - 296514",2,1,ACC01412,REC002105;REC002106,False,False,R0_same_account;R3_address_and_name_sim
PERSON01022,Swati Malki,7694059395,THWQY4273O,"157, Nagar, Hyderabad, Telangana - 576012",2,1,ACC01413,REC002107;REC002108,False,False,R0_same_account
PERSON01023,J. Qureshi,8029338549,ZNWLH6532I,"860, Main Road, Pune, Maharashtra - 639484",1,1,ACC01414,REC002109,False,False,
PERSON01024,Shah Ayesha,,OXAMM6942T,"637, Layout, Kolkata, West Bengal - 351177",1,1,ACC01415,REC002110,False,False,
PERSON01025,Sanjay Trivedi,7098629532,XVMXC6968L,"513, Nagar, Mysuru, Karnataka - 459003",3,3,ACC01416;ACC01417;ACC01418,REC002111;REC002112;REC002113,False,False,R1_same_pan;R2_phone_and_name_sim
PERSON01026,Swati Patel,7845261451,PHKLC4208C,"45, Layout, Delhi, Delhi - 248516",1,1,ACC01419,REC002114,False,False,
PERSON01027,Vasantha Sidhu,7735266394,WRNPE9932H,"536, Layout, Nagpur, Maharashtra - 626821",1,1,ACC01420,REC002115,False,False,
PERSON01028,PRAKASH NAIR,8495183292,NZUZI4822T,"262, Layout, Delhi, Delhi - 386789",2,1,ACC01421,REC002116;REC002117,False,False,R0_same_account;R1_same_pan;R2_phone_and_name_sim
PERSON01029,SWATI SAXENA,7970264719,SQVKG4100V,"385, Cross Street, Patna, Bihar - 534258",2,1,ACC01422,REC002118;REC002119,False,False,R0_same_account;R3_address_and_name_sim
PERSON01030,NITHYA IYER,8370259729,HGRIC9928X,,2,1,ACC01423,REC002120;REC002121,False,False,R0_same_account;R1_same_pan;R2_phone_and_name_sim
PERSON01031,Manoj Chatterjee & Sons,6082469997,IFOGC5019K,"873, Colony, Lucknow, Uttar Pradesh - 235499",3,2,ACC01424;ACC01425,REC002122;REC002123;REC002124,False,False,R0_same_account;R1_same_pan;R2_phone_and_name_sim;R3_address_and_name_sim
PERSON01032,Simran Desai & Sons,8923783817,CDWVQ5637K,,1,1,ACC01426,REC002125,False,False,
PERSON01033,J. Joshi,,JNLUY6126O,"105, Main Road, Pune, Maharashtra - 384901",1,1,ACC01427,REC002126,False,False,
PERSON01034,Sandeep Malhotra & Sons,9393447295,DRHNB4737R,"757, Avenue, Thiruvananthapuram, Kerala - 482172",3,2,ACC01428;ACC01429,REC002127;REC002128;REC002129,False,False,R0_same_account;R1_same_pan;R2_phone_and_name_sim;R3_address_and_name_sim;R4_phone_and_address
PERSON01035,ANJALI BOSE,9412207858,QVBDI4322Q,,2,1,ACC01430,REC002130;REC002131,False,False,R0_same_account;R2_phone_and_name_sim
PERSON01036,Balaji Ghosh & Sons,8764205181,BTKZP6349X,"692, Nagar, Bengaluru, Karnataka - 520265",4,2,ACC01431;ACC01432,REC002132;REC002133;REC002134;REC002135,False,False,R0_same_account;R1_same_pan;R2_phone_and_name_sim;R3_address_and_name_sim;R4_phone_and_address
PERSON01037,S. Bose,6472135685,CBGWH1972D,"804, Avenue, Jaipur, Rajasthan - 522074",1,1,ACC01433,REC002136,False,False,
PERSON01038,Radha Msihra,6328425225,NGUJL9864A,"685, Layout, Delhi, Delhi - 115147",2,1,ACC01434,REC002137;REC002138,False,False,R0_same_account;R2_phone_and_name_sim;R3_address_and_name_sim;R4_phone_and_address
PERSON01039,SHREYA DESAI,6035898045,SSJZI1257M,"254, Main Road, Pune, Maharashtra - 115402",3,2,ACC01435;ACC01436,REC002139;REC002140;REC002141,False,False,R0_same_account;R1_same_pan;R2_phone_and_name_sim;R3_address_and_name_sim
PERSON01040,Pankaj Sengupta & Sons,,YDENR1155S,,1,1,ACC01437,REC002142,False,False,
PERSON01041,ARJUN SIDHU,7102980695,XJIYM6825P,"894, Cross Street, Pune, Maharashtra - 644798",2,1,ACC01438,REC002143;REC002144,False,False,R0_same_account;R3_address_and_name_sim
PERSON01042,VIJAY GHOSH,,AERQG5926Z,"566, Colony, Chandigarh, Punjab - 173548",1,1,ACC01439,REC002145,False,False,
PERSON01043,Deepa Yadav,8121990914,TDIJH8422B,"617, Extension, Surat, Gujarat - 174752",3,2,ACC01440;ACC01441,REC002146;REC002147;REC002148,False,False,R0_same_account;R1_same_pan;R4_phone_and_address
PERSON01044,Anita Kumar & Sons,6225295210,IVYSE7949H,"505, Layout, Bengaluru, Karnataka - 599203",3,2,ACC01442;ACC01443,REC002149;REC002150;REC002151,False,False,R0_same_account;R1_same_pan;R3_address_and_name_sim
PERSON01045,Kapoor Naveen,6202118577,TWURI8417Q,"792, Avenue, Chennai, Tamil Nadu - 423998",2,1,ACC01444,REC002152;REC002153,False,False,R0_same_account;R1_same_pan;R4_phone_and_address
PERSON01046,SRINIVAS GILL,7878878204,IEVZV7862R,,1,1,ACC01445,REC002154,False,False,
PERSON01047,SANDEEP VARGHESE,9668639668,ZDHFE4691E,"362, Nagar, Kochi, Kerala - 249659",2,1,ACC01446,REC002155;REC002156,False,False,R0_same_account;R4_phone_and_address
PERSON01048,Neha Chuhan,6304118316,PPINE2812Y,,1,1,ACC01447,REC002157,False,False,
PERSON01049,Rohit Jain,8549225182,SQAGA2059G,"34, Layout, Chennai, Tamil Nadu - 289173",2,1,ACC01448,REC002158;REC002159,False,False,R0_same_account;R2_phone_and_name_sim;R3_address_and_name_sim;R4_phone_and_address
PERSON01050,Pankaj Iyer & Sons,8638356853,TAXKN6503I,"725, Main Road, Kolkata, West Bengal - 523416",2,1,ACC01449,REC002160;REC002161,False,False,R0_same_account
PERSON01051,Ajay Mukherjee & Sons,9690713501,,"269, Main Road, Chennai, Tamil Nadu - 301865",1,1,ACC01450,REC002162,False,False,
PERSON01052,Agarwal Priya,8731030354,CFDQE8789L,"213, Cross Street, Mumbai, Maharashtra - 484365",3,2,ACC01451;ACC01452,REC002163;REC002164;REC002165,False,False,R0_same_account;R1_same_pan;R3_address_and_name_sim;R4_phone_and_address
PERSON01053,Mary Thomas,9027957659,YSRCP3715A,"612, Avenue, Mysuru, Karnataka - 659364",2,1,ACC01453,REC002166;REC002167,False,False,R0_same_account;R1_same_pan
PERSON01054,Gill Thomas,,XJOBC5884G,"638, Nagar, Mumbai, Maharashtra - 279670",2,1,ACC01454,REC002168;REC002169,False,False,R0_same_account;R1_same_pan
PERSON01055,PANKAJ MALIK,7478148411,LBZNE1233X,"692, Avenue, Pune, Maharashtra - 449547",2,1,ACC01455,REC002170;REC002171,False,False,R0_same_account;R1_same_pan;R3_address_and_name_sim
PERSON01056,Sneha Redy,7488229902,GNTCD7851E,"477, Colony, Madurai, Tamil Nadu - 219564",1,1,ACC01456,REC002172,False,False,
PERSON01057,K. Dubey,8678453450,,,1,1,ACC01457,REC002173,False,False,
PERSON01058,HARPREET SINGH,6751415448,,,1,1,ACC01458,REC002174,False,False,
PERSON01059,Faisal Iyengar & Sons,8263565637,FEHTV6852Q,"39, Nagar, Lucknow, Uttar Pradesh - 353498",3,2,ACC01459;ACC01460,REC002175;REC002176;REC002177,False,False,R0_same_account;R1_same_pan
PERSON01060,ARJUN SENGUPTA,9516115056,QXLBF7351H,"411, Layout, Kochi, Kerala - 295913",2,1,ACC01461,REC002178;REC002179,False,False,R0_same_account;R2_phone_and_name_sim;R3_address_and_name_sim;R4_phone_and_address
PERSON01061,Arjun Desai & Sons,6118267429,ZLAAJ4021M,"347, Colony, Thiruvananthapuram, Kerala - 454627",3,2,ACC01462;ACC01463,REC002180;REC002181;REC002182,True,False,R0_same_account;R3_address_and_name_sim;R6_reversed
PERSON01062,Menon Usha,6736487851,MISSN2923P,"25, Cross Street, Ahmedabad, Gujarat - 580681",2,2,ACC01464;ACC01465,REC002183;REC002184,False,False,R1_same_pan
PERSON01063,Deepak Patel & Sons,7382133939,CLVOB7787Q,"304, Avenue, Chandigarh, Punjab - 553197",2,2,ACC01466;ACC01467,REC002185;REC002186,False,False,R1_same_pan
PERSON01064,Dhillon Usha,8444919340,,,1,1,ACC01468,REC002187,False,False,
PERSON01065,Kalpana Bnerjee,7701368715,AKUDU3899F,"755, Nagar, Pune, Maharashtra - 690640",2,1,ACC01469,REC002188;REC002189,False,False,R0_same_account;R1_same_pan
PERSON01066,Kumar Sandeep,7957260873,YZKZT0361B,"447, Main Road, Kochi, Kerala - 569973",2,1,ACC01470,REC002190;REC002191,False,False,R0_same_account;R1_same_pan
PERSON01067,Anita Trivedi & Sons,8110537628,HDSAB7213B,"676, Layout, Kolkata, West Bengal - 686855",3,2,ACC01471;ACC01472,REC002192;REC002193;REC002194,False,False,R0_same_account;R1_same_pan;R2_phone_and_name_sim;R3_address_and_name_sim
PERSON01068,KALPANA IYENGAR,6979800920,,"862, Layout, Bhopal, Madhya Pradesh - 425173",2,1,ACC01473,REC002195;REC002196,False,False,R0_same_account;R2_phone_and_name_sim
PERSON01069,ARUN TIWARI,8242602665,TCMTK5455F,"507, Layout, Jaipur, Rajasthan - 426347",3,2,ACC01474;ACC01475,REC002197;REC002198;REC002199,False,False,R0_same_account;R1_same_pan;R2_phone_and_name_sim;R4_phone_and_address
PERSON01070,Srinivas Dubey & Sons,8795493733,,"735, Nagar, Bengaluru, Karnataka - 566521",2,1,ACC01476,REC002200;REC002201,False,False,R0_same_account
PERSON01071,Faisal Chtaterjee,9873131758,WYSYT1662B,"140, Main Road, Surat, Gujarat - 491909",1,1,ACC01477,REC002202,False,False,
PERSON01072,SANJAY MEHTA,7757509552,VDRKW6339T,"249, Main Road, Madurai, Tamil Nadu - 264099",2,1,ACC01478,REC002203;REC002204,False,False,R0_same_account;R1_same_pan
PERSON01073,Pankaj Pandey,8371299173,OSGNX9018O,"60, Colony, Surat, Gujarat - 527233",2,1,ACC01479,REC002205;REC002206,False,False,R0_same_account;R1_same_pan;R4_phone_and_address
PERSON01074,Dinesh Iyengar & Sons,9553701796,GVDUA0114O,"664, Avenue, Bengaluru, Karnataka - 396585",2,1,ACC01480,REC002207;REC002208,False,False,R0_same_account;R1_same_pan;R4_phone_and_address
PERSON01075,Sneha Gupta,,WPFRE1833W,,1,1,ACC01481,REC002209,False,False,
PERSON01076,Vandana Pandey & Sons,9800320992,JHVTN9343V,"384, Nagar, Madurai, Tamil Nadu - 233342",3,2,ACC01482;ACC01483,REC002210;REC002211;REC002212,False,False,R0_same_account;R1_same_pan;R2_phone_and_name_sim;R3_address_and_name_sim;R4_phone_and_address
PERSON01077,Pandey Ramesh,9642393259,PLPQL7867O,"936, Extension, Lucknow, Uttar Pradesh - 402515",3,2,ACC01484;ACC01485,REC002213;REC002214;REC002215,False,False,R0_same_account;R1_same_pan;R2_phone_and_name_sim;R3_address_and_name_sim;R4_phone_and_address
PERSON01078,N. Naidu,6548895362,,"456, Colony, Madurai, Tamil Nadu - 106854",4,2,ACC01486;ACC01487,REC002216;REC002217;REC002218;REC002219,False,False,R0_same_account;R2_phone_and_name_sim;R3_address_and_name_sim;R4_phone_and_address;R5_initials;R8_soundex
PERSON01079,AMANDEEP DESAI,8718613682,KNHEH4832K,"246, Nagar, Coimbatore, Tamil Nadu - 532594",4,2,ACC01488;ACC01489,REC002220;REC002221;REC002222;REC002223,True,False,R0_same_account;R2_phone_and_name_sim;R5_initials;R6_reversed
PERSON01080,Imran Malohtra,9017625271,IKPHD3952N,"827, Main Road, Thiruvananthapuram, Kerala - 657543",2,1,ACC01490,REC002224;REC002225,False,False,R0_same_account;R1_same_pan
PERSON01081,Imran Yadva,9789613554,AWUOO8762Q,"295, Avenue, Chandigarh, Punjab - 645666",2,1,ACC01491,REC002226;REC002227,False,False,R0_same_account;R1_same_pan
PERSON01082,Sidhu Vasantha,7863656628,,"295, Layout, Madurai, Tamil Nadu - 584154",1,1,ACC01492,REC002228,False,False,
PERSON01083,R. Sheikh,,URFJX9267A,"511, Layout, Chandigarh, Punjab - 155261",1,1,ACC01493,REC002229,False,False,
PERSON01084,Anita Shekih,,XUVZH4713V,"143, Extension, Lucknow, Uttar Pradesh - 278814",2,1,ACC01494,REC002230;REC002231,False,False,R0_same_account;R1_same_pan
PERSON01085,Trivedi Ravi,9279285917,MUNQG3220Y,"907, Avenue, Nagpur, Maharashtra - 349372",2,2,ACC01495;ACC01496,REC002232;REC002233,False,False,R1_same_pan;R4_phone_and_address
PERSON01086,Pooja Desai,6164577048,DYSZC6431F,"705, Cross Street, Jaipur, Rajasthan - 272220",2,1,ACC01497,REC002234;REC002235,False,False,R0_same_account;R1_same_pan;R3_address_and_name_sim
PERSON01087,Harleen Dbey,,KYTQV1460B,,1,1,ACC01498,REC002236,False,False,
PERSON01088,Yadav Joseph,8910008422,UIRQX9691H,"383, Nagar, Ahmedabad, Gujarat - 311548",3,2,ACC01499;ACC01500,REC002237;REC002238;REC002239,False,False,R0_same_account;R1_same_pan;R3_address_and_name_sim
PERSON01089,Harleen Iengar,,VBUZL7613Q,,1,1,ACC01501,REC002240,False,False,
PERSON01090,Dhillon Nithya,9519173892,HGQQW1265H,"668, Cross Street, Ahmedabad, Gujarat - 261903",2,1,ACC01502,REC002241;REC002242,False,False,R0_same_account
PERSON01091,Srinivas Mukhereje,,CDDCP6371H,"202, Nagar, Chennai, Tamil Nadu - 539685",1,1,ACC01503,REC002243,False,False,
PERSON01092,Anil Reddy & Sons,6033935862,CADLJ0274R,"364, Cross Street, Delhi, Delhi - 609904",3,2,ACC01504;ACC01505,REC002244;REC002245;REC002246,False,False,R0_same_account;R2_phone_and_name_sim;R4_phone_and_address
PERSON01093,Jyoti Shiekh,7359892548,IOLRR3426N,,2,1,ACC01506,REC002247;REC002248,False,False,R0_same_account;R1_same_pan
PERSON01094,Faisal Agarwla,9364017409,IKKDP6002X,"306, Extension, Kolkata, West Bengal - 482566",2,2,ACC01507;ACC01508,REC002249;REC002250,False,False,R1_same_pan
PERSON01095,M. Kaur,8492278814,VOKCA9057Y,"741, Nagar, Bengaluru, Karnataka - 423056",1,1,ACC01509,REC002251,False,False,
PERSON01096,Kavita Pandey & Sons,9131732010,FOBCF0330C,"764, Layout, Thiruvananthapuram, Kerala - 342624",2,1,ACC01510,REC002252;REC002253,False,False,R0_same_account;R1_same_pan
PERSON01097,Priya Misra,8232938882,,"187, Layout, Chandigarh, Punjab - 455206",1,1,ACC01511,REC002254,False,False,
PERSON01098,Naveen Shikh,6145113872,,"785, Cross Street, Chennai, Tamil Nadu - 273896",1,1,ACC01512,REC002255,False,False,
PERSON01099,ASHOK MENON,6320485373,ADQZG0252P,"794, Colony, Delhi, Delhi - 226488",1,1,ACC01513,REC002256,False,False,
PERSON01100,Vasantha Malik & Sons,9681006726,PKJKJ7402F,"500, Layout, Delhi, Delhi - 159559",2,1,ACC01514,REC002257;REC002258,False,False,R0_same_account;R1_same_pan;R2_phone_and_name_sim;R3_address_and_name_sim;R4_phone_and_address
PERSON01101,Imran Ansari,9519811045,MOPWR2765N,"110, Nagar, Hyderabad, Telangana - 215659",4,3,ACC01515;ACC01516;ACC01517,REC002259;REC002260;REC002261;REC002262,False,False,R0_same_account;R1_same_pan;R2_phone_and_name_sim;R6_reversed
PERSON01102,Mahesh Sharma & Sons,9978918354,NGREG5675X,"545, Layout, Chandigarh, Punjab - 390230",1,1,ACC01518,REC002263,False,False,
PERSON01103,Ahmed Rekha,7713682105,XEUIC4255G,"167, Nagar, Kolkata, West Bengal - 297220",3,2,ACC01519;ACC01520,REC002264;REC002265;REC002266,False,False,R0_same_account;R3_address_and_name_sim;R4_phone_and_address
PERSON01104,Ashok Redyd,8939629662,FATSY8267Q,"589, Cross Street, Pune, Maharashtra - 255647",2,1,ACC01521,REC002267;REC002268,False,False,R0_same_account
PERSON01105,Mehta Fatima,8069311426,,"179, Extension, Lucknow, Uttar Pradesh - 369557",1,1,ACC01522,REC002269,False,False,
PERSON01106,SANDEEP BHATT,8001710334,HCRDL2349T,"463, Layout, Madurai, Tamil Nadu - 476666",5,3,ACC01523;ACC01524;ACC01525,REC002270;REC002271;REC002272;REC002273;REC002274,False,False,R0_same_account;R1_same_pan;R3_address_and_name_sim;R4_phone_and_address
PERSON01107,Ghosh Susan,8679398404,ISEEQ0326P,"394, Nagar, Kolkata, West Bengal - 647387",1,1,ACC01526,REC002275,False,False,
PERSON01108,Kiran Rao,7050161262,WOPAD4385P,"371, Colony, Patna, Bihar - 509995",4,2,ACC01527;ACC01528,REC002276;REC002277;REC002278;REC002279,False,False,R0_same_account;R1_same_pan;R3_address_and_name_sim
PERSON01109,PADMA PANDEY,9137302746,XPUQO5600K,"89, Nagar, Chandigarh, Punjab - 331560",1,1,ACC01529,REC002280,False,False,
PERSON01110,Sandeep Mukherjee,7750073609,XPDPX2468D,"407, Avenue, Kolkata, West Bengal - 195616",2,1,ACC01530,REC002281;REC002282,False,False,R0_same_account
PERSON01111,Suresh Shah,6054038343,HACEW5556W,"777, Avenue, Mysuru, Karnataka - 276994",1,1,ACC01531,REC002283,False,False,
PERSON01112,Sunil Reddy,7381989649,UHPGW5022L,"552, Colony, Ahmedabad, Gujarat - 180689",1,1,ACC01532,REC002284,False,False,
PERSON01113,Desai Usha,7085726713,BJRSC7483G,"495, Extension, Chandigarh, Punjab - 630632",2,1,ACC01533,REC002285;REC002286,False,False,R0_same_account;R4_phone_and_address
PERSON01114,Zeenat Iyer,7321176060,BVIHG0919W,,2,1,ACC01534,REC002287;REC002288,False,False,R0_same_account;R2_phone_and_name_sim
PERSON01115,Gupta Joseph,8702913808,ADJQL4879I,"116, Main Road, Coimbatore, Tamil Nadu - 605445",2,1,ACC01535,REC002289;REC002290,False,False,R0_same_account;R4_phone_and_address
PERSON01116,K. Qureshi,8594191236,,,1,1,ACC01536,REC002291,False,False,
PERSON01117,Qureshi Kalpana,8594191236,KSJQS3155M,,1,1,ACC01537,REC002292,False,False,
PERSON01118,HARISH DAS,8357044738,BIJLB4577M,,2,1,ACC01538,REC002293;REC002294,False,False,R0_same_account;R1_same_pan
PERSON01119,KRITIKA YADAV,,QEPJG0121K,,2,1,ACC01539,REC002295;REC002296,False,False,R0_same_account;R1_same_pan
PERSON01120,POOJA PANDEY,8099036563,ZGOIO4678P,"832, Colony, Mysuru, Karnataka - 345504",3,2,ACC01540;ACC01541,REC002297;REC002298;REC002299,False,False,R0_same_account;R1_same_pan;R4_phone_and_address
PERSON01121,Mehta Pankaj,8439830688,ABPGJ2988A,"629, Nagar, Bengaluru, Karnataka - 491968",3,2,ACC01542;ACC01543,REC002300;REC002301;REC002302,False,False,R0_same_account;R2_phone_and_name_sim;R3_address_and_name_sim;R4_phone_and_address
PERSON01122,Sneha Sharma & Sons,6437266818,DWYFS9115X,"935, Cross Street, Chandigarh, Punjab - 311844",3,2,ACC01544;ACC01545,REC002303;REC002304;REC002305,False,False,R0_same_account;R1_same_pan;R2_phone_and_name_sim;R6_reversed
PERSON01123,Anjali Nair & Sons,6652549559,FZYUK3226P,"637, Nagar, Delhi, Delhi - 309112",4,2,ACC01546;ACC01547,REC002306;REC002307;REC002308;REC002309,False,False,R0_same_account;R1_same_pan;R2_phone_and_name_sim;R3_address_and_name_sim;R4_phone_and_address
PERSON01124,Sowmya Brra,6851788848,BHJLZ6486S,"765, Cross Street, Chennai, Tamil Nadu - 480378",2,1,ACC01548,REC002310;REC002311,False,False,R0_same_account;R1_same_pan
PERSON01125,Ajay Nair & Sons,9108393663,WPTDE3670F,"970, Avenue, Jaipur, Rajasthan - 509556",4,2,ACC01549;ACC01550,REC002312;REC002313;REC002314;REC002315,False,False,R0_same_account;R1_same_pan;R2_phone_and_name_sim;R3_address_and_name_sim;R4_phone_and_address
PERSON01126,Anjali Mukhereje,8351871123,OSBUH5803M,"242, Nagar, Patna, Bihar - 670271",2,1,ACC01551,REC002316;REC002317,False,False,R0_same_account;R1_same_pan
PERSON01127,MAHESH BANERJEE,,PRBFB2207T,"417, Extension, Mysuru, Karnataka - 590361",1,1,ACC01552,REC002318,False,False,
PERSON01128,Gupta Sunil,9103817914,ICJHU4701V,"205, Layout, Kochi, Kerala - 232399",2,1,ACC01553,REC002319;REC002320,False,False,R0_same_account;R1_same_pan
PERSON01129,RAVI BOSE,,FCYTU3413K,"520, Extension, Bhopal, Madhya Pradesh - 406526",2,1,ACC01554,REC002321;REC002322,False,False,R0_same_account;R1_same_pan;R3_address_and_name_sim
PERSON01130,Karthik Ghosh & Sons,9173189667,WQUUU3736C,"612, Colony, Kochi, Kerala - 382186",1,1,ACC01555,REC002323,False,False,
PERSON01131,RAHUL GILL,9204493126,UHTFP5663Y,"74, Main Road, Ahmedabad, Gujarat - 493409",3,2,ACC01556;ACC01557,REC002324;REC002325;REC002326,False,False,R0_same_account;R1_same_pan;R2_phone_and_name_sim;R3_address_and_name_sim;R4_phone_and_address
PERSON01132,Anil Dhillon & Sons,9239254576,,"997, Nagar, Ahmedabad, Gujarat - 547305",1,1,ACC01558,REC002327,False,False,
PERSON01133,Ritu Malhotra & Sons,8408606217,ODCEH0350Z,"810, Colony, Chennai, Tamil Nadu - 243876",2,1,ACC01559,REC002328;REC002329,False,False,R0_same_account;R2_phone_and_name_sim;R3_address_and_name_sim;R4_phone_and_address
PERSON01134,Arjun Chauhan,6867375754,TSONP3597R,"128, Cross Street, Chandigarh, Punjab - 277323",2,2,ACC01560;ACC01561,REC002330;REC002331,False,False,R4_phone_and_address
PERSON01135,GOPAL SENGUPTA,7441195877,HRVCM9217Q,"634, Cross Street, Coimbatore, Tamil Nadu - 512113",2,1,ACC01562,REC002332;REC002333,False,False,R0_same_account;R2_phone_and_name_sim
PERSON01136,Gaurav Pillai & Sons & Sons,7452912220,,"68, Nagar, Hyderabad, Telangana - 133479",4,2,ACC01563;ACC01564,REC002334;REC002335;REC002336;REC002337,False,False,R0_same_account;R2_phone_and_name_sim;R3_address_and_name_sim;R4_phone_and_address
PERSON01137,Deepak Yadav & Sons,9424775803,ILYHY8291X,"472, Cross Street, Pune, Maharashtra - 343060",7,4,ACC01565;ACC01566;ACC01567;ACC01568,REC002338;REC002339;REC002340;REC002341;REC002342;REC002343;REC002344,False,False,R0_same_account;R1_same_pan;R2_phone_and_name_sim;R3_address_and_name_sim;R4_phone_and_address
PERSON01138,R. Sheikh,7319781808,WHYWJ1680B,"220, Extension, Madurai, Tamil Nadu - 179107",3,2,ACC01569;ACC01570,REC002345;REC002346;REC002347,False,False,R0_same_account;R1_same_pan;R3_address_and_name_sim;R4_phone_and_address
PERSON01139,Vinod Singh & Sons,9800457195,AVXUH3523N,"975, Cross Street, Ahmedabad, Gujarat - 670370",3,3,ACC01571;ACC01572;ACC01573,REC002348;REC002349;REC002350,False,False,R1_same_pan;R2_phone_and_name_sim;R3_address_and_name_sim;R4_phone_and_address;R5_initials;R8_soundex
PERSON01140,Priya Menno,7226847564,DQHMD2617V,"896, Cross Street, Kolkata, West Bengal - 296666",2,1,ACC01574,REC002351;REC002352,False,False,R0_same_account;R1_same_pan;R2_phone_and_name_sim
PERSON01141,Nitin Mehta,7664413284,ROBTU0393C,"656, Extension, Ahmedabad, Gujarat - 126643",2,1,ACC01575,REC002353;REC002354,False,False,R0_same_account
PERSON01142,Divya Sheikh & Sons,7837845468,UEPJY1059B,"48, Layout, Hyderabad, Telangana - 530586",3,2,ACC01576;ACC01577,REC002355;REC002356;REC002357,False,False,R0_same_account;R1_same_pan;R2_phone_and_name_sim;R4_phone_and_address
PERSON01143,Preethi Bansal,7733099208,IYPMT8796N,"53, Avenue, Chennai, Tamil Nadu - 630229",4,2,ACC01578;ACC01579,REC002358;REC002359;REC002360;REC002361,False,False,R0_same_account;R1_same_pan;R2_phone_and_name_sim;R3_address_and_name_sim;R4_phone_and_address
PERSON01144,SARITA TIWARI,7378339844,CSFVI0596L,"599, Colony, Mysuru, Karnataka - 339840",5,3,ACC01580;ACC01581;ACC01582,REC002362;REC002363;REC002364;REC002365;REC002366,False,False,R0_same_account;R1_same_pan;R2_phone_and_name_sim;R3_address_and_name_sim;R4_phone_and_address
PERSON01145,V. Mehta,9462597269,YCFRJ6328W,"587, Cross Street, Mysuru, Karnataka - 336997",4,2,ACC01583;ACC01584,REC002367;REC002368;REC002369;REC002370,False,False,R0_same_account;R1_same_pan;R2_phone_and_name_sim;R3_address_and_name_sim
PERSON01146,N. Singh,7169606282,QGDBL9458H,"260, Nagar, Chandigarh, Punjab - 476254",1,1,ACC01585,REC002371,False,False,
PERSON01147,Divya Brar & Sons,9742498435,MDVAB6699D,"723, Extension, Hyderabad, Telangana - 585241",3,2,ACC01586;ACC01587,REC002372;REC002373;REC002374,False,False,R0_same_account;R1_same_pan;R2_phone_and_name_sim;R3_address_and_name_sim;R4_phone_and_address
PERSON01148,Irfan Pandey & Sons,9506727855,YWICX6107H,"936, Avenue, Bhopal, Madhya Pradesh - 246318",2,1,ACC01588,REC002375;REC002376,False,False,R0_same_account;R1_same_pan;R4_phone_and_address
PERSON01149,Gaurav Dubey & Sons,8507051746,MVNLM6613U,"250, Layout, Kolkata, West Bengal - 688320",2,1,ACC01589,REC002377;REC002378,False,False,R0_same_account;R1_same_pan;R4_phone_and_address
PERSON01150,POOJA DAS,9574269085,,"154, Cross Street, Bhopal, Madhya Pradesh - 638338",2,1,ACC01590,REC002379;REC002380,False,False,R0_same_account;R3_address_and_name_sim
PERSON01151,KARTHIK KHAN,9087546509,WKGQK6628Y,"714, Main Road, Bengaluru, Karnataka - 445451",1,1,ACC01591,REC002381,False,False,
PERSON01152,Deepa Kumar & Sons,8716763609,AHZGQ6398M,"543, Cross Street, Kolkata, West Bengal - 358895",3,2,ACC01592;ACC01593,REC002382;REC002383;REC002384,False,False,R0_same_account;R1_same_pan;R3_address_and_name_sim
PERSON01153,P. Mehta,6349016237,DYVQJ2547G,"160, Extension, Lucknow, Uttar Pradesh - 135305",7,5,ACC01594;ACC01595;ACC01596;ACC01597;ACC01598,REC002385;REC002386;REC002387;REC002388;REC002389;REC002390;REC002391,False,False,R0_same_account;R1_same_pan;R2_phone_and_name_sim;R3_address_and_name_sim;R4_phone_and_address;R5_initials
PERSON01154,VIJAY JAIN,7788803310,JHZAN7330R,"352, Extension, Madurai, Tamil Nadu - 559539",4,2,ACC01599;ACC01600,REC002392;REC002393;REC002394;REC002395,False,False,R0_same_account;R1_same_pan;R2_phone_and_name_sim;R3_address_and_name_sim;R4_phone_and_address
PERSON01155,Sarita Patle,8753714996,OJQDT4824C,"5, Cross Street, Kochi, Kerala - 508951",1,1,ACC01601,REC002396,False,False,
PERSON01156,MANOJ SAXENA,8433552169,IUYSZ5788K,"976, Cross Street, Thiruvananthapuram, Kerala - 202190",5,3,ACC01602;ACC01603;ACC01604,REC002397;REC002398;REC002399;REC002400;REC002401,False,False,R0_same_account;R1_same_pan;R2_phone_and_name_sim;R3_address_and_name_sim;R4_phone_and_address;R5_initials;R6_reversed;R8_soundex
PERSON01157,BHAVANA BRAR,9357537357,PEEAG2632N,"745, Layout, Kochi, Kerala - 449567",3,2,ACC01605;ACC01606,REC002402;REC002403;REC002404,False,False,R0_same_account;R1_same_pan;R4_phone_and_address
PERSON01158,Anjali Rdedy,9494672385,IIFPI3345H,"67, Extension, Mumbai, Maharashtra - 301249",1,1,ACC01607,REC002405,False,False,
PERSON01159,Pandey Arjun,9570446422,JHPLI1441L,"868, Layout, Madurai, Tamil Nadu - 664421",4,2,ACC01608;ACC01609,REC002406;REC002407;REC002408;REC002409,False,False,R0_same_account;R1_same_pan;R2_phone_and_name_sim;R3_address_and_name_sim;R4_phone_and_address;R6_reversed
PERSON01160,JOSEPH DHILLON,9404217455,SDMNA0368D,"695, Layout, Ahmedabad, Gujarat - 513958",2,1,ACC01610,REC002410;REC002411,False,False,R0_same_account;R3_address_and_name_sim
PERSON01161,Kumar Rajesh,9245354025,WNQJP1888W,"18, Layout, Chennai, Tamil Nadu - 698351",3,2,ACC01611;ACC01612,REC002412;REC002413;REC002414,False,False,R0_same_account;R1_same_pan;R2_phone_and_name_sim;R3_address_and_name_sim;R4_phone_and_address
PERSON01162,Venkatesh Mkuherjee,8452089417,CXWMT4644J,"712, Cross Street, Kochi, Kerala - 635604",3,2,ACC01613;ACC01614,REC002415;REC002416;REC002417,False,False,R0_same_account;R1_same_pan;R2_phone_and_name_sim;R3_address_and_name_sim;R4_phone_and_address
PERSON01163,Preethi Malik & Sons,8196050048,EJEYJ7256S,"132, Avenue, Madurai, Tamil Nadu - 566124",2,1,ACC01615,REC002418;REC002419,False,False,R0_same_account
PERSON01164,Sarita Malhotra & Sons,7913354507,EOFBF2547W,"461, Nagar, Kochi, Kerala - 550018",3,2,ACC01616;ACC01617,REC002420;REC002421;REC002422,False,False,R0_same_account;R1_same_pan;R2_phone_and_name_sim;R3_address_and_name_sim;R4_phone_and_address
PERSON01165,Kaur Srinivas,9306435070,DSCWB6326A,"534, Cross Street, Surat, Gujarat - 356048",2,1,ACC01618,REC002423;REC002424,False,False,R0_same_account;R4_phone_and_address
PERSON01166,Agarwal Joseph,8667853373,NDSXG1801X,"901, Colony, Mysuru, Karnataka - 657836",1,1,ACC01619,REC002425,False,False,
PERSON01167,Harpreet Agarwal & Sons,7561259605,MEROM2047V,"713, Layout, Surat, Gujarat - 506024",3,2,ACC01620;ACC01621,REC002426;REC002427;REC002428,False,False,R0_same_account;R1_same_pan;R2_phone_and_name_sim;R3_address_and_name_sim
PERSON01168,JYOTI VARGHESE,9583640640,IVGAB7577N,"215, Layout, Madurai, Tamil Nadu - 285856",3,2,ACC01622;ACC01623,REC002429;REC002430;REC002431,False,False,R0_same_account;R1_same_pan;R2_phone_and_name_sim;R3_address_and_name_sim
PERSON01169,Aarti Sidhu & Sons,8674647006,VZJFL9099U,"794, Extension, Mysuru, Karnataka - 290152",1,1,ACC01624,REC002432,False,False,
PERSON01170,Manisha Banerjee,6128390554,HLLQB9175K,"102, Colony, Coimbatore, Tamil Nadu - 396823",1,1,ACC01625,REC002433,False,False,
PERSON01171,Meena Shah,6162708370,BWYAJ8528C,"347, Main Road, Delhi, Delhi - 273586",3,2,ACC01626;ACC01627,REC002434;REC002435;REC002436,False,False,R0_same_account;R1_same_pan;R4_phone_and_address
PERSON01172,Sabiha Das & Sons,,GJQYN9964E,"682, Cross Street, Patna, Bihar - 607425",1,1,ACC01628,REC002437,False,False,
PERSON01173,Lakshmi Ansari & Sons,9666274740,NCFMY2830F,"501, Extension, Kolkata, West Bengal - 442110",2,1,ACC01629,REC002438;REC002439,False,False,R0_same_account;R4_phone_and_address
PERSON01174,PRAKASH DESAI,8636654827,FIFJH7025D,,1,1,ACC01630,REC002440,False,False,
PERSON01175,Ayesha Mehta & Sons,7415760670,WVMSD8882K,"735, Layout, Surat, Gujarat - 639802",3,2,ACC01631;ACC01632,REC002441;REC002442;REC002443,False,False,R0_same_account;R1_same_pan;R2_phone_and_name_sim;R3_address_and_name_sim;R4_phone_and_address
PERSON01176,Nithya Malhotra,6819023728,MLUID6626B,"383, Colony, Madurai, Tamil Nadu - 316019",2,1,ACC01633,REC002444;REC002445,False,False,R0_same_account;R1_same_pan
PERSON01177,MANPREET SHEIKH,7479744592,UJBZM5182D,"274, Colony, Surat, Gujarat - 249885",3,2,ACC01634;ACC01635,REC002446;REC002447;REC002448,False,False,R0_same_account;R1_same_pan
PERSON01178,Ramesh Rdedy,8936233390,JQULI1406L,"453, Extension, Chandigarh, Punjab - 292723",2,1,ACC01636,REC002449;REC002450,False,False,R0_same_account;R1_same_pan
PERSON01179,Padma Qureshi & Sons,9698376594,CBJHF7267G,"491, Cross Street, Jaipur, Rajasthan - 610440",4,2,ACC01637;ACC01638,REC002451;REC002452;REC002453;REC002454,False,False,R0_same_account;R1_same_pan;R2_phone_and_name_sim;R3_address_and_name_sim;R4_phone_and_address
PERSON01180,Vandana Ahmed & Sons,6374694992,OVYMO4160B,,1,1,ACC01639,REC002455,False,False,
PERSON01181,Mehta Anita,7625515209,ZNRRR1068T,"869, Main Road, Bengaluru, Karnataka - 414145",4,3,ACC01640;ACC01641;ACC01642,REC002456;REC002457;REC002458;REC002459,False,False,R0_same_account;R1_same_pan;R2_phone_and_name_sim;R3_address_and_name_sim;R4_phone_and_address
PERSON01182,Deepa Varghese,6506218488,UZZWB3325B,"699, Avenue, Kochi, Kerala - 422576",2,1,ACC01643,REC002460;REC002461,False,False,R0_same_account;R2_phone_and_name_sim;R3_address_and_name_sim;R4_phone_and_address
PERSON01183,Harpreet Pllai,8188022201,AQWHO1137A,"365, Main Road, Coimbatore, Tamil Nadu - 254936",1,1,ACC01644,REC002462,False,False,
PERSON01184,MEENA MISHRA,9437479460,ZJWPJ7938Y,"804, Nagar, Mysuru, Karnataka - 258460",2,1,ACC01645,REC002463;REC002464,False,False,R0_same_account
PERSON01185,PRAKASH KAPOOR,9591918438,NRMBG6045I,"965, Avenue, Thiruvananthapuram, Kerala - 106856",2,1,ACC01646,REC002465;REC002466,False,False,R0_same_account;R1_same_pan;R4_phone_and_address
PERSON01186,Shobha Mlahotra,8706999320,EILRD0813Y,"807, Avenue, Pune, Maharashtra - 397072",2,1,ACC01647,REC002467;REC002468,False,False,R0_same_account;R1_same_pan;R2_phone_and_name_sim;R3_address_and_name_sim;R4_phone_and_address
PERSON01187,Singh Sandeep,,YUPOX1282H,"179, Avenue, Madurai, Tamil Nadu - 647845",1,1,ACC01648,REC002469,False,False,
PERSON01188,Ramesh Sihdu,8068449436,,"927, Avenue, Mumbai, Maharashtra - 614360",2,1,ACC01649,REC002470;REC002471,False,False,R0_same_account
PERSON01189,Sneha Iyengar & Sons,7303631276,GDYFL9798O,"723, Layout, Delhi, Delhi - 687268",3,2,ACC01650;ACC01651,REC002472;REC002473;REC002474,False,False,R0_same_account;R1_same_pan;R2_phone_and_name_sim;R3_address_and_name_sim;R4_phone_and_address
PERSON01190,D. Dhillon,8721926424,,"354, Main Road, Chandigarh, Punjab - 319693",1,1,ACC01652,REC002475,False,False,
PERSON01191,L. Malik,7222013361,DSTSE5181N,,1,1,ACC01653,REC002476,False,False,
PERSON01192,Suresh Thomas & Sons,8101230968,HYXLV1047M,"474, Avenue, Mysuru, Karnataka - 210348",1,1,ACC01654,REC002477,False,False,
PERSON01193,Malik Sarita,6201867125,OIRSF8827R,"7, Extension, Jaipur, Rajasthan - 161208",3,2,ACC01655;ACC01656,REC002478;REC002479;REC002480,False,False,R0_same_account;R1_same_pan;R2_phone_and_name_sim;R3_address_and_name_sim;R4_phone_and_address
PERSON01194,Aarti Thmoas,9010037379,POGNX8201N,"917, Extension, Chandigarh, Punjab - 665956",4,2,ACC01657;ACC01658,REC002481;REC002482;REC002483;REC002484,False,False,R0_same_account;R1_same_pan;R2_phone_and_name_sim;R3_address_and_name_sim;R4_phone_and_address
PERSON01195,Varghese Anita,8275659468,DURFU9153X,"469, Nagar, Mumbai, Maharashtra - 495142",1,1,ACC01659,REC002485,False,False,
PERSON01196,Gaurav Sahh,7483324561,UXNQI5370N,"418, Cross Street, Jaipur, Rajasthan - 448054",3,2,ACC01660;ACC01661,REC002486;REC002487;REC002488,False,False,R0_same_account;R1_same_pan;R2_phone_and_name_sim;R3_address_and_name_sim;R4_phone_and_address
PERSON01197,Imran Patel,9926062696,GSOOT1105B,"705, Cross Street, Lucknow, Uttar Pradesh - 658452",2,1,ACC01662,REC002489;REC002490,False,False,R0_same_account;R2_phone_and_name_sim;R3_address_and_name_sim;R4_phone_and_address
PERSON01198,D. Iyer,6726379247,WMDUG1048U,"325, Nagar, Jaipur, Rajasthan - 372160",1,1,ACC01663,REC002491,False,False,
PERSON01199,Mishra Jyoti,6940593681,RSGYS7893M,"978, Layout, Thiruvananthapuram, Kerala - 642619",2,1,ACC01664,REC002492;REC002493,False,False,R0_same_account;R1_same_pan
PERSON01200,Thomas Joshi & Sons,7662360146,,"832, Cross Street, Lucknow, Uttar Pradesh - 183836",2,1,ACC01665,REC002494;REC002495,False,False,R0_same_account
PERSON01201,DIVYA TIWARI,9378110230,CDYKI2290V,"986, Extension, Nagpur, Maharashtra - 597101",2,1,ACC01666,REC002496;REC002497,False,False,R0_same_account;R1_same_pan;R2_phone_and_name_sim;R3_address_and_name_sim;R4_phone_and_address
PERSON01202,Iyer Joseph,8836710400,NKYYP0650Y,"153, Main Road, Jaipur, Rajasthan - 270726",2,2,ACC01667;ACC01668,REC002498;REC002499,False,False,R1_same_pan;R4_phone_and_address
PERSON01203,Iyer Simran,6137471545,,,1,1,ACC01669,REC002500,False,False,
PERSON01204,P. Bhatt,,RPGCK3790W,"119, Layout, Patna, Bihar - 546651",1,1,ACC01670,REC002501,False,False,
PERSON01205,AMANDEEP MISHRA,7161990707,,"490, Nagar, Surat, Gujarat - 337092",2,1,ACC01671,REC002502;REC002503,False,False,R0_same_account;R2_phone_and_name_sim;R3_address_and_name_sim;R4_phone_and_address
PERSON01206,M. Ansari,6687969238,,,1,1,ACC01672,REC002504,False,False,
PERSON01207,Deepak Malik & Sons,7272588312,AYXWD1425Y,"255, Cross Street, Nagpur, Maharashtra - 333989",3,2,ACC01673;ACC01674,REC002505;REC002506;REC002507,False,False,R0_same_account;R1_same_pan;R2_phone_and_name_sim;R3_address_and_name_sim;R4_phone_and_address
PERSON01208,IRFAN JOSHI,9594479865,,"733, Nagar, Pune, Maharashtra - 276266",1,1,ACC01675,REC002508,False,False,
PERSON01209,Anil Sheikh & Sons,7443186408,NRWKY2616Q,"913, Avenue, Ahmedabad, Gujarat - 668810",2,1,ACC01676,REC002509;REC002510,False,False,R0_same_account;R1_same_pan
PERSON01210,Venkatesh Nair & Sons,8939772359,DIIJB9508J,"96, Cross Street, Chennai, Tamil Nadu - 405243",2,1,ACC01677,REC002511;REC002512,False,False,R0_same_account;R1_same_pan;R3_address_and_name_sim
PERSON01211,VIJAY SHEIKH,7884878473,IDZBJ1990W,"247, Colony, Nagpur, Maharashtra - 654024",1,1,ACC01678,REC002513,False,False,
PERSON01212,Vasantha Dhillon & Sons,8495390439,ONNZF8951K,"309, Colony, Thiruvananthapuram, Kerala - 308245",3,2,ACC01679;ACC01680,REC002514;REC002515;REC002516,False,False,R0_same_account;R1_same_pan;R2_phone_and_name_sim;R3_address_and_name_sim;R4_phone_and_address
PERSON01213,S. Das,7881675926,AOJVQ3756C,,1,1,ACC01681,REC002517,False,False,
PERSON01214,MANPREET DUBEY,7933941225,RPTQD3872H,"601, Layout, Madurai, Tamil Nadu - 640058",1,1,ACC01682,REC002518,False,False,
PERSON01215,Ravi Nair,8469632218,SBKYC5009Z,"678, Main Road, Mysuru, Karnataka - 232910",2,1,ACC01683,REC002519;REC002520,False,False,R0_same_account;R1_same_pan
PERSON01216,Manpreet Menno,7609193686,DSQLH0680F,"515, Cross Street, Thiruvananthapuram, Kerala - 173973",6,3,ACC01684;ACC01685;ACC01686,REC002521;REC002522;REC002523;REC002524;REC002525;REC002526,False,False,R0_same_account;R1_same_pan;R2_phone_and_name_sim;R3_address_and_name_sim;R4_phone_and_address
PERSON01217,Jaspreet Nair & Sons,6632593397,,"451, Main Road, Lucknow, Uttar Pradesh - 529288",1,1,ACC01687,REC002527,False,False,
PERSON01218,GAURAV RAO,7417767576,XSPAD3182O,"815, Avenue, Chennai, Tamil Nadu - 295202",4,2,ACC01688;ACC01689,REC002528;REC002529;REC002530;REC002531,False,False,R0_same_account;R1_same_pan;R5_initials
PERSON01219,Zeenat Bansal & Sons,6987798578,NYJXV6757K,"958, Extension, Nagpur, Maharashtra - 313761",2,1,ACC01690,REC002532;REC002533,False,False,R0_same_account;R1_same_pan
PERSON01220,Mary Sinh,7883774540,RZOYS4638V,,1,1,ACC01691,REC002534,False,False,
PERSON01221,Naveen Ahmde,6804122346,PIVDD9270O,"182, Main Road, Chandigarh, Punjab - 161245",2,2,ACC01692;ACC01693,REC002535;REC002536,False,False,R1_same_pan;R2_phone_and_name_sim;R3_address_and_name_sim;R4_phone_and_address
PERSON01222,RAJESH MALHOTRA,8512338256,,"550, Layout, Nagpur, Maharashtra - 636138",1,1,ACC01694,REC002537,False,False,
PERSON01223,Susan Nair & Sons,6947718087,HDJBO0336K,"40, Colony, Lucknow, Uttar Pradesh - 153067",2,1,ACC01695,REC002538;REC002539,False,False,R0_same_account;R1_same_pan;R4_phone_and_address
PERSON01224,Kalpana Patel & Sons,8774543546,FKXKN3854S,"142, Cross Street, Ahmedabad, Gujarat - 691472",2,1,ACC01696,REC002540;REC002541,False,False,R0_same_account;R1_same_pan
PERSON01225,ARUN JAIN,8840568972,BGSOL0772B,"917, Extension, Lucknow, Uttar Pradesh - 159864",1,1,ACC01697,REC002542,False,False,
PERSON01226,R. Shah,8903238295,,"112, Main Road, Patna, Bihar - 369729",1,1,ACC01698,REC002543,False,False,
PERSON01227,RAHUL DAS,9390341560,EGVOE3085G,"962, Main Road, Chennai, Tamil Nadu - 483738",3,2,ACC01699;ACC01700,REC002544;REC002545;REC002546,False,False,R0_same_account;R1_same_pan;R2_phone_and_name_sim;R3_address_and_name_sim;R4_phone_and_address
PERSON01228,Sarita Pillai & Sons,8369876917,CKHPU4576Q,"304, Avenue, Kolkata, West Bengal - 366858",3,2,ACC01701;ACC01702,REC002547;REC002548;REC002549,False,False,R0_same_account;R1_same_pan;R2_phone_and_name_sim;R4_phone_and_address
PERSON01229,Usha Dubey,8641607556,ZLYRA1379L,"404, Main Road, Ahmedabad, Gujarat - 237388",2,1,ACC01703,REC002550;REC002551,False,False,R0_same_account;R1_same_pan;R2_phone_and_name_sim
PERSON01230,SUNIL SHARMA,8229220130,XSCCG1371R,"202, Avenue, Patna, Bihar - 551039",2,1,ACC01704,REC002552;REC002553,False,False,R0_same_account;R2_phone_and_name_sim;R3_address_and_name_sim;R4_phone_and_address
PERSON01231,Ashok Mishra & Sons,7787938741,IEVNT8027A,"301, Cross Street, Thiruvananthapuram, Kerala - 337918",4,2,ACC01705;ACC01706,REC002554;REC002555;REC002556;REC002557,False,False,R0_same_account;R1_same_pan;R2_phone_and_name_sim;R3_address_and_name_sim;R4_phone_and_address
PERSON01232,Ravi Varghese & Sons,9085834215,VPDXK2670X,"896, Colony, Lucknow, Uttar Pradesh - 505906",2,1,ACC01707,REC002558;REC002559,False,False,R0_same_account;R1_same_pan;R2_phone_and_name_sim;R3_address_and_name_sim;R4_phone_and_address
PERSON01233,Jyoti Qureshi & Sons,6247934085,TAFAX2557E,"510, Layout, Hyderabad, Telangana - 104932",4,2,ACC01708;ACC01709,REC002560;REC002561;REC002562;REC002563,False,False,R0_same_account;R1_same_pan;R2_phone_and_name_sim;R3_address_and_name_sim;R4_phone_and_address
PERSON01234,SOWMYA SINGH,7373457364,CVSJJ7316J,"103, Nagar, Bengaluru, Karnataka - 283675",2,1,ACC01710,REC002564;REC002565,False,False,R0_same_account;R2_phone_and_name_sim;R3_address_and_name_sim;R4_phone_and_address
PERSON01235,Gurpreet Trivedi,7336255738,CDFNT5634J,"789, Nagar, Patna, Bihar - 287095",2,1,ACC01711,REC002566;REC002567,False,False,R0_same_account;R4_phone_and_address
PERSON01236,Jyoti Menon & Sons,6872598924,CSJIY7245J,"313, Extension, Ahmedabad, Gujarat - 432278",3,2,ACC01712;ACC01713,REC002568;REC002569;REC002570,False,False,R0_same_account;R1_same_pan;R2_phone_and_name_sim;R3_address_and_name_sim;R4_phone_and_address
PERSON01237,Anil Trivedi & Sons,9679860049,UPGWI8371F,"806, Cross Street, Chandigarh, Punjab - 108475",2,1,ACC01714,REC002571;REC002572,False,False,R0_same_account;R3_address_and_name_sim
PERSON01238,MANISHA KAUR,,HRZVY5334W,,2,1,ACC01715,REC002573;REC002574,False,False,R0_same_account;R1_same_pan
PERSON01239,Gopal Shah,7881115911,JYFMV3028E,"470, Colony, Hyderabad, Telangana - 379696",3,2,ACC01716;ACC01717,REC002575;REC002576;REC002577,False,False,R0_same_account;R1_same_pan;R2_phone_and_name_sim;R3_address_and_name_sim;R4_phone_and_address
PERSON01240,Kumar Nithya,9820723453,BHGQB7289L,"523, Extension, Chandigarh, Punjab - 693866",2,2,ACC01718;ACC01719,REC002578;REC002579,False,False,R1_same_pan
PERSON01241,Rahul Saxena & Sons,8727040674,GSVYG0581A,"958, Extension, Pune, Maharashtra - 188657",4,2,ACC01720;ACC01721,REC002580;REC002581;REC002582;REC002583,False,False,R0_same_account;R1_same_pan;R3_address_and_name_sim
PERSON01242,S. Iyengar,9002675601,XCIYO4743V,"401, Extension, Mumbai, Maharashtra - 365182",3,2,ACC01722;ACC01723,REC002584;REC002585;REC002586,False,False,R0_same_account;R1_same_pan;R2_phone_and_name_sim
PERSON01243,Mary Bose & Sons,8171249919,LAIDR5956P,"254, Nagar, Chandigarh, Punjab - 426732",2,1,ACC01724,REC002587;REC002588,False,False,R0_same_account;R1_same_pan
PERSON01244,Kiran Gputa,6052327230,HXQEV2917P,,1,1,ACC01725,REC002589,False,False,
PERSON01245,Usha Brar,8058645203,TETFP6189E,"550, Extension, Lucknow, Uttar Pradesh - 575072",2,1,ACC01726,REC002590;REC002591,False,False,R0_same_account;R2_phone_and_name_sim;R3_address_and_name_sim;R4_phone_and_address
PERSON01246,Ravi Mukherjee & Sons,8883682252,BBTLR0571X,"507, Nagar, Bengaluru, Karnataka - 141499",2,1,ACC01727,REC002592;REC002593,False,False,R0_same_account
PERSON01247,Patel Sandeep,6425074559,PMEMV5336C,"371, Colony, Ahmedabad, Gujarat - 493607",3,2,ACC01728;ACC01729,REC002594;REC002595;REC002596,True,False,R0_same_account;R4_phone_and_address;R5_initials
PERSON01248,ANJALI SHAH,9725532493,WMMGR6843N,"158, Extension, Chandigarh, Punjab - 185937",2,2,ACC01730;ACC01731,REC002597;REC002598,False,False,R1_same_pan;R2_phone_and_name_sim
PERSON01249,Mary Patel & Sons,7802365221,PQITS9231X,"239, Avenue, Pune, Maharashtra - 564843",3,2,ACC01732;ACC01733,REC002599;REC002600;REC002601,False,False,R0_same_account;R1_same_pan;R2_phone_and_name_sim
PERSON01250,A. Sengupta,6923032083,,"625, Layout, Chandigarh, Punjab - 530369",1,1,ACC01734,REC002602,False,False,
PERSON01251,Divya Pillai & Sons,,VUGEN0110R,,1,1,ACC01735,REC002603,False,False,
PERSON01252,Jyoti Ansari,6474276648,ESGAG8875X,"679, Layout, Coimbatore, Tamil Nadu - 389228",2,1,ACC01736,REC002604;REC002605,False,False,R0_same_account;R1_same_pan;R2_phone_and_name_sim
PERSON01253,Gopal Dubey,7475269196,GPSQB6885Q,"581, Layout, Bhopal, Madhya Pradesh - 490414",1,1,ACC01737,REC002606,False,False,
PERSON01254,Anna Jian,7712124411,AGRYK4376B,"208, Cross Street, Chandigarh, Punjab - 597629",3,2,ACC01738;ACC01739,REC002607;REC002608;REC002609,False,False,R0_same_account;R2_phone_and_name_sim;R3_address_and_name_sim;R4_phone_and_address
PERSON01255,Ritu Triedi,7722242088,,"515, Avenue, Hyderabad, Telangana - 388763",1,1,ACC01740,REC002610,False,False,
PERSON01256,Arjun Rddy,8382341721,VIPTN6602S,"466, Main Road, Delhi, Delhi - 332648",1,1,ACC01741,REC002611,False,False,
PERSON01257,Manpreet Rao & Sons,6100606318,GBOQA9944T,"661, Layout, Bengaluru, Karnataka - 604446",2,1,ACC01742,REC002612;REC002613,False,False,R0_same_account
PERSON01258,Dubey Sandeep,6315787914,WZPKM2584N,"365, Layout, Pune, Maharashtra - 101105",4,2,ACC01743;ACC01744,REC002614;REC002615;REC002616;REC002617,False,False,R0_same_account;R1_same_pan;R3_address_and_name_sim;R4_phone_and_address
PERSON01259,Harpreet Singh & Sons,9943786591,ZKYWR7328V,"287, Colony, Kochi, Kerala - 533345",3,3,ACC01745;ACC01746;ACC01747,REC002618;REC002619;REC002620,False,False,R1_same_pan
PERSON01260,Imran Menon,7690697662,PCNPY4018C,"538, Main Road, Bhopal, Madhya Pradesh - 415440",1,1,ACC01748,REC002621,False,False,
PERSON01261,ARUN PATEL,7612960398,QMHQY5402X,"104, Extension, Bengaluru, Karnataka - 480583",2,2,ACC01749;ACC01750,REC002622;REC002623,False,False,R1_same_pan;R2_phone_and_name_sim
PERSON01262,Kiran Iyre,8074707744,BKESE7727M,,1,1,ACC01751,REC002624,False,False,
PERSON01263,Mary Banrjee,,KMYUA6096Z,,1,1,ACC01752,REC002625,False,False,
PERSON01264,Priya Rao & Sons,8776696825,PBRIB3075T,"148, Main Road, Kolkata, West Bengal - 665495",4,2,ACC01753;ACC01754,REC002626;REC002627;REC002628;REC002629,False,False,R0_same_account;R1_same_pan;R2_phone_and_name_sim;R3_address_and_name_sim;R4_phone_and_address
PERSON01265,FATIMA KAPOOR,9028078959,SZWWC9062I,"68, Layout, Ahmedabad, Gujarat - 208953",2,1,ACC01755,REC002630;REC002631,False,False,R0_same_account;R1_same_pan
PERSON01266,Bhatt Srinivas,7965705226,,"658, Avenue, Pune, Maharashtra - 607188",1,1,ACC01756,REC002632,False,False,
PERSON01267,Srinivas Bhtt,,RVLMQ8800Z,"658, Avenue, Pune, Maharashtra - 607188",1,1,ACC01757,REC002633,False,False,
PERSON01268,Preethi Sheikh & Sons,8059938378,FIJUP3342X,"80, Extension, Jaipur, Rajasthan - 510897",2,2,ACC01758;ACC01759,REC002634;REC002635,False,False,R1_same_pan;R2_phone_and_name_sim;R3_address_and_name_sim;R4_phone_and_address
PERSON01269,Z. Reddy,,UBEGB1938G,"599, Nagar, Hyderabad, Telangana - 391200",1,1,ACC01760,REC002636,False,False,
PERSON01270,Suresh Mehta,7832844564,RSRRR2530L,"92, Colony, Madurai, Tamil Nadu - 639038",2,1,ACC01761,REC002637;REC002638,False,False,R0_same_account;R1_same_pan;R2_phone_and_name_sim;R3_address_and_name_sim;R4_phone_and_address
PERSON01271,KALPANA JAIN,,YFFYY3568R,"900, Avenue, Pune, Maharashtra - 111464",1,1,ACC01762,REC002639,False,False,
PERSON01272,Anjali Veram,6379195676,MCKAI9744P,"62, Extension, Bhopal, Madhya Pradesh - 676618",2,1,ACC01763,REC002640;REC002641,False,False,R0_same_account
PERSON01273,Ramesh Shah,9290951070,QUPPK8094C,"766, Extension, Lucknow, Uttar Pradesh - 616758",1,1,ACC01764,REC002642,False,False,
PERSON01274,SUSAN KHAN,9396135497,UITQA2048Y,"113, Avenue, Thiruvananthapuram, Kerala - 211613",3,2,ACC01765;ACC01766,REC002643;REC002644;REC002645,False,False,R0_same_account;R1_same_pan;R3_address_and_name_sim
PERSON01275,Yadav Joseph,,GKTYE2487M,"826, Colony, Bhopal, Madhya Pradesh - 432007",1,1,ACC01767,REC002646,False,False,
PERSON01276,Harleen Kpoor,8145981084,,"711, Colony, Jaipur, Rajasthan - 687358",1,1,ACC01768,REC002647,False,False,
PERSON01277,Sunil Naidu & Sons,7253796987,WXVOQ1318Y,"348, Colony, Kochi, Kerala - 314161",2,1,ACC01769,REC002648;REC002649,False,False,R0_same_account;R2_phone_and_name_sim;R3_address_and_name_sim;R4_phone_and_address
PERSON01278,Aarti Gputa,9793484962,CRPGE0471L,,1,1,ACC01770,REC002650,False,False,
PERSON01279,Amit Saxena,6002412960,ZVFFQ3419G,"708, Extension, Kolkata, West Bengal - 617579",2,1,ACC01771,REC002651;REC002652,False,False,R0_same_account;R3_address_and_name_sim
PERSON01280,Nitin Joshi,7895587277,RMNPV4525W,"400, Colony, Ahmedabad, Gujarat - 261397",2,1,ACC01772,REC002653;REC002654,False,False,R0_same_account;R2_phone_and_name_sim;R3_address_and_name_sim;R4_phone_and_address
PERSON01281,M. Trivedi,7334141962,DNOFE5100G,"360, Extension, Pune, Maharashtra - 423192",1,1,ACC01773,REC002655,False,False,
PERSON01282,M. Sheikh,7370747776,XQSJS6149G,"266, Layout, Delhi, Delhi - 292041",5,3,ACC01774;ACC01775;ACC01776,REC002656;REC002657;REC002658;REC002659;REC002660,False,False,R0_same_account;R1_same_pan;R2_phone_and_name_sim;R3_address_and_name_sim;R4_phone_and_address
PERSON01283,NITIN GHOSH,,XKQPE7274L,,1,1,ACC01777,REC002661,False,False,
PERSON01284,K. Thomas,,EUVIH7691O,"29, Avenue, Bengaluru, Karnataka - 543630",1,1,ACC01778,REC002662,False,False,
PERSON01285,Pillai Arun,8807958764,UZERQ7363J,,2,1,ACC01779,REC002663;REC002664,False,False,R0_same_account;R1_same_pan
PERSON01286,Faisal Patel & Sons,7056885415,WIQCN8094F,"588, Main Road, Ahmedabad, Gujarat - 366491",2,1,ACC01780,REC002665;REC002666,False,False,R0_same_account;R2_phone_and_name_sim
PERSON01287,Suresh Gputa,6829840983,IHMJZ4481U,"492, Colony, Kochi, Kerala - 682325",4,2,ACC01781;ACC01782,REC002667;REC002668;REC002669;REC002670,False,False,R0_same_account;R1_same_pan;R2_phone_and_name_sim;R3_address_and_name_sim;R4_phone_and_address;R6_reversed
PERSON01288,Irfan Ahmed & Sons,8544972693,TCDCG2973K,"366, Cross Street, Kochi, Kerala - 280951",2,1,ACC01783,REC002671;REC002672,False,False,R0_same_account;R1_same_pan
PERSON01289,Srinivas Dubey & Sons,7267992026,LLICH5490S,,1,1,ACC01784,REC002673,False,False,
PERSON01290,H. Bose,9975978025,XGZKU9207V,"652, Main Road, Pune, Maharashtra - 686079",1,1,ACC01785,REC002674,False,False,
PERSON01291,Divya Reddy,,RXECO0912Y,"780, Extension, Hyderabad, Telangana - 472343",1,1,ACC01786,REC002675,False,False,
PERSON01292,Manoj Ghosh & Sons,6644344329,SAIZV0187B,,2,1,ACC01787,REC002676;REC002677,False,False,R0_same_account;R1_same_pan
PERSON01293,RAMESH MENON,6198904882,EZDFU2275L,"185, Extension, Bengaluru, Karnataka - 567221",1,1,ACC01788,REC002678,False,False,
PERSON01294,Sneha Menn,7881601458,VDWHR3504Y,"499, Cross Street, Chennai, Tamil Nadu - 336134",2,1,ACC01789,REC002679;REC002680,False,False,R0_same_account;R1_same_pan
PERSON01295,Priya Mehta & Sons,6071014407,PWHJV2456Y,"467, Avenue, Jaipur, Rajasthan - 278787",2,1,ACC01790,REC002681;REC002682,False,False,R0_same_account;R3_address_and_name_sim
PERSON01296,Shreya Tiwari & Sons,7198369966,,"812, Avenue, Mumbai, Maharashtra - 553943",1,1,ACC01791,REC002683,False,False,
PERSON01297,DINESH SIDHU,6507388339,OHLMX3383S,"220, Colony, Delhi, Delhi - 520111",3,2,ACC01792;ACC01793,REC002684;REC002685;REC002686,False,False,R0_same_account;R1_same_pan
PERSON01298,Chatterjee Sunil,,DBLEG3997A,,1,1,ACC01794,REC002687,False,False,
PERSON01299,Prakash Banerjee,,ZLOQV8407S,"502, Avenue, Nagpur, Maharashtra - 468549",2,1,ACC01795,REC002688;REC002689,False,False,R0_same_account
PERSON01300,Pankaj Sheikh & Sons,7129279595,VWRHL3066L,"724, Colony, Coimbatore, Tamil Nadu - 463085",2,1,ACC01796,REC002690;REC002691,False,False,R0_same_account;R1_same_pan;R3_address_and_name_sim
PERSON01301,LAKSHMI MENON,7108027185,ZUGOB3179Z,"498, Nagar, Kochi, Kerala - 321948",3,2,ACC01797;ACC01798,REC002692;REC002693;REC002694,False,False,R0_same_account;R1_same_pan;R2_phone_and_name_sim;R3_address_and_name_sim
PERSON01302,SARITA NAIDU,9036054184,WSNHC0248L,"227, Layout, Kochi, Kerala - 495000",2,1,ACC01799,REC002695;REC002696,False,False,R0_same_account
PERSON01303,Suresh Pillai & Sons,,ORXNK3557M,"548, Cross Street, Madurai, Tamil Nadu - 676531",2,1,ACC01800,REC002697;REC002698,False,False,R0_same_account
PERSON01304,Sunil Das & Sons,9808094624,CKVUI1581E,"633, Extension, Thiruvananthapuram, Kerala - 387204",2,1,ACC01801,REC002699;REC002700,False,False,R0_same_account
PERSON01305,Bansal Vasantha,7492919200,,,1,1,ACC01802,REC002701,False,False,
PERSON01306,Zubair Sheikh & Sons,8810063954,SBGWS2919Q,"829, Main Road, Bengaluru, Karnataka - 349284",3,2,ACC01803;ACC01804,REC002702;REC002703;REC002704,False,False,R0_same_account;R1_same_pan;R2_phone_and_name_sim;R3_address_and_name_sim;R4_phone_and_address
PERSON01307,Neha Ptel,6597916507,CPOVH9042S,"878, Colony, Pune, Maharashtra - 297349",1,1,ACC01805,REC002705,False,False,
PERSON01308,Gurpreet Gill & Sons,6375813089,SSPTR1866K,"845, Main Road, Bhopal, Madhya Pradesh - 357911",2,1,ACC01806,REC002706;REC002707,False,False,R0_same_account;R1_same_pan;R4_phone_and_address
PERSON01309,Faisal Pandey & Sons,7013557918,LNBNQ9968X,"114, Main Road, Chandigarh, Punjab - 522787",1,1,ACC01807,REC002708,False,False,
PERSON01310,Anita Rao,8845968611,JORUY4964Q,"610, Nagar, Mumbai, Maharashtra - 442600",2,1,ACC01808,REC002709;REC002710,False,False,R0_same_account;R1_same_pan
PERSON01311,Kavita Triveid,7867639926,LCAGT2072J,"621, Extension, Bengaluru, Karnataka - 526379",2,1,ACC01809,REC002711;REC002712,False,False,R0_same_account;R1_same_pan
PERSON01312,Sunil Chauhan & Sons,6081521848,YVBQG3224O,"7, Layout, Chennai, Tamil Nadu - 594619",4,2,ACC01810;ACC01811,REC002713;REC002714;REC002715;REC002716,False,False,R0_same_account;R1_same_pan;R2_phone_and_name_sim
PERSON01313,Ashok Seikh,6487621778,MBZCU3600O,"578, Extension, Kolkata, West Bengal - 314164",1,1,ACC01812,REC002717,False,False,
PERSON01314,GAURAV DHILLON,9060312928,,"742, Layout, Surat, Gujarat - 606423",1,1,ACC01813,REC002718,False,False,
PERSON01315,Tiwari Kritika,6317629379,XLZGB6143R,"880, Main Road, Chandigarh, Punjab - 142437",4,3,ACC01814;ACC01815;ACC01816,REC002719;REC002720;REC002721;REC002722,False,False,R0_same_account;R1_same_pan
PERSON01316,HARPREET SIDHU,6222385767,FYGGV3067Z,"149, Avenue, Coimbatore, Tamil Nadu - 154987",2,1,ACC01817,REC002723;REC002724,False,False,R0_same_account;R1_same_pan
PERSON01317,Jyoti Malhotar,9622099290,BDKQD0178J,"745, Colony, Mumbai, Maharashtra - 298431",3,2,ACC01818;ACC01819,REC002725;REC002726;REC002727,False,False,R0_same_account;R1_same_pan;R2_phone_and_name_sim;R3_address_and_name_sim;R4_phone_and_address
PERSON01318,Manoj Signh,7785037023,LLTMW9267Z,"928, Nagar, Pune, Maharashtra - 125359",2,1,ACC01820,REC002728;REC002729,False,False,R0_same_account
PERSON01319,Mahesh Naidu,6848073801,LLITX6166H,"65, Layout, Surat, Gujarat - 345213",3,2,ACC01821;ACC01822,REC002730;REC002731;REC002732,False,False,R0_same_account;R1_same_pan;R2_phone_and_name_sim;R3_address_and_name_sim;R4_phone_and_address
PERSON01320,Swati Pillai & Sons,9432756851,SRUUM0459T,,1,1,ACC01823,REC002733,False,False,
PERSON01321,Vandana Sengupta & Sons,8379378729,XSVBD6957O,,2,1,ACC01824,REC002734;REC002735,False,False,R0_same_account;R1_same_pan;R2_phone_and_name_sim
PERSON01322,Verma Rahul,8556794399,YIZKK8274G,"990, Layout, Madurai, Tamil Nadu - 483852",3,2,ACC01825;ACC01826,REC002736;REC002737;REC002738,False,False,R0_same_account;R1_same_pan;R2_phone_and_name_sim;R3_address_and_name_sim;R4_phone_and_address;R6_reversed
PERSON01323,Manisha Joshi & Sons,6523673543,WPTBJ0778O,"776, Main Road, Mysuru, Karnataka - 619771",3,3,ACC01827;ACC01828;ACC01829,REC002739;REC002740;REC002741,False,False,R1_same_pan;R2_phone_and_name_sim;R3_address_and_name_sim
PERSON01324,Amit Dhillon,8138841062,FUTDG3093X,"773, Extension, Mysuru, Karnataka - 242220",2,1,ACC01830,REC002742;REC002743,False,False,R0_same_account;R1_same_pan;R3_address_and_name_sim
PERSON01325,Reddy Simran,8476909598,TDZOK8485Q,"233, Layout, Coimbatore, Tamil Nadu - 447999",4,2,ACC01831;ACC01832,REC002744;REC002745;REC002746;REC002747,False,False,R0_same_account;R1_same_pan;R2_phone_and_name_sim;R5_initials;R6_reversed
PERSON01326,Harleen Qureshi & Sons,7866523171,BURNR6028S,"143, Colony, Bengaluru, Karnataka - 558653",3,2,ACC01833;ACC01834,REC002748;REC002749;REC002750,False,False,R0_same_account;R1_same_pan;R4_phone_and_address
PERSON01327,Vijay Naidu & Sons,9616295559,LJGKX6365T,"284, Avenue, Pune, Maharashtra - 354186",1,1,ACC01835,REC002751,False,False,
PERSON01328,SHOBHA SANDHU,7943189602,AUDSR4091S,"81, Colony, Lucknow, Uttar Pradesh - 455700",2,1,ACC01836,REC002752;REC002753,False,False,R0_same_account;R1_same_pan;R4_phone_and_address
PERSON01329,Rohit Rao & Sons,7393912748,OIJYH3802W,"1, Nagar, Nagpur, Maharashtra - 330612",3,2,ACC01837;ACC01838,REC002754;REC002755;REC002756,False,False,R0_same_account;R1_same_pan;R4_phone_and_address
PERSON01330,Sunil Tiwari,,PAEQD7781C,"118, Extension, Bhopal, Madhya Pradesh - 300759",2,1,ACC01839,REC002757;REC002758,False,False,R0_same_account;R1_same_pan
PERSON01331,Nisha Saxnea,8051092360,WXCRM6946Q,"171, Avenue, Pune, Maharashtra - 164778",2,1,ACC01840,REC002759;REC002760,False,False,R0_same_account;R4_phone_and_address
PERSON01332,Joshi Manoj,8391262787,TQQUO3245H,"731, Layout, Surat, Gujarat - 164791",2,1,ACC01841,REC002761;REC002762,False,False,R0_same_account;R1_same_pan;R4_phone_and_address
PERSON01333,Rekha Chauhan & Sons,,ZPOIR9050G,"938, Colony, Mumbai, Maharashtra - 549555",2,1,ACC01842,REC002763;REC002764,False,False,R0_same_account;R3_address_and_name_sim
PERSON01334,Fatima Menon & Sons,7389819468,QIQCI2799S,"614, Avenue, Surat, Gujarat - 452784",2,1,ACC01843,REC002765;REC002766,False,False,R0_same_account;R1_same_pan
PERSON01335,Kaur Sneha,9646372072,LRKEK2248M,"81, Avenue, Patna, Bihar - 567168",2,2,ACC01844;ACC01845,REC002767;REC002768,False,False,R1_same_pan;R2_phone_and_name_sim
PERSON01336,Gopal Desai,7360364151,HCKKZ3083P,"245, Nagar, Delhi, Delhi - 622451",2,1,ACC01846,REC002769;REC002770,False,False,R0_same_account;R1_same_pan
PERSON01337,Bhatt Karthik,6335069118,HVZVP3028J,"61, Avenue, Ahmedabad, Gujarat - 464465",2,2,ACC01847;ACC01848,REC002771;REC002772,False,False,R4_phone_and_address
PERSON01338,Harpreet Rao & Sons,7677466339,AEOHV1634T,"994, Extension, Jaipur, Rajasthan - 192802",2,1,ACC01849,REC002773;REC002774,False,False,R0_same_account;R1_same_pan
PERSON01339,Mukherjee Sanjay,6481629169,NFPIV4364U,"936, Nagar, Kolkata, West Bengal - 101512",2,2,ACC01850;ACC01851,REC002775;REC002776,False,False,R1_same_pan
PERSON01340,Bhavana Mukherjee & Sons,8311896041,PPMTM9938C,"589, Avenue, Lucknow, Uttar Pradesh - 616158",5,4,ACC01852;ACC01853;ACC01854;ACC01855,REC002777;REC002778;REC002779;REC002780;REC002781,False,False,R0_same_account;R1_same_pan;R2_phone_and_name_sim;R3_address_and_name_sim;R4_phone_and_address;R5_initials;R8_soundex
PERSON01341,SRINIVAS VERMA,8885487961,YTJQK7023O,"41, Main Road, Kochi, Kerala - 695052",2,1,ACC01856,REC002782;REC002783,False,False,R0_same_account;R1_same_pan;R2_phone_and_name_sim;R3_address_and_name_sim;R4_phone_and_address
PERSON01342,Sabiha Sdihu,8335054914,RTDEV1467Y,"637, Nagar, Mumbai, Maharashtra - 193441",4,2,ACC01857;ACC01858,REC002784;REC002785;REC002786;REC002787,False,False,R0_same_account;R1_same_pan;R2_phone_and_name_sim;R3_address_and_name_sim;R4_phone_and_address;R6_reversed
PERSON01343,Sowmya Chauhan & Sons,7044130192,LJYKM4328F,"334, Colony, Madurai, Tamil Nadu - 555444",2,1,ACC01859,REC002788;REC002789,False,False,R0_same_account
PERSON01344,Rekha Khan,9068551531,,,1,1,ACC01860,REC002790,False,False,
PERSON01345,Rekha Khan,,JNACA2999Z,"809, Extension, Nagpur, Maharashtra - 175273",1,1,ACC01861,REC002791,False,False,
PERSON01346,GOPAL DESAI,8087175774,HIJDQ3522J,"772, Avenue, Surat, Gujarat - 504632",3,2,ACC01862;ACC01863,REC002792;REC002793;REC002794,False,False,R0_same_account;R1_same_pan;R2_phone_and_name_sim;R3_address_and_name_sim;R4_phone_and_address
PERSON01347,Bhavana Gupta & Sons,9487079731,TMDDP0196V,"447, Layout, Kochi, Kerala - 475095",4,2,ACC01864;ACC01865,REC002795;REC002796;REC002797;REC002798,False,False,R0_same_account;R2_phone_and_name_sim;R3_address_and_name_sim;R4_phone_and_address
PERSON01348,VENKATESH SAXENA,8115070521,VHTFN6252V,"632, Main Road, Surat, Gujarat - 334595",2,1,ACC01866,REC002799;REC002800,False,False,R0_same_account;R2_phone_and_name_sim
PERSON01349,Chatterjee Prakash,9802394244,IRIQE8370K,,2,1,ACC01867,REC002801;REC002802,False,False,R0_same_account;R1_same_pan
PERSON01350,Divya Karu,6772785780,,"64, Avenue, Lucknow, Uttar Pradesh - 168079",1,1,ACC01868,REC002803,False,False,
PERSON01351,Anjali Dhillon,7389046843,FBQNO8605Z,"158, Colony, Nagpur, Maharashtra - 553724",5,3,ACC01869;ACC01870;ACC01871,REC002804;REC002805;REC002806;REC002807;REC002808,False,False,R0_same_account;R1_same_pan;R2_phone_and_name_sim;R3_address_and_name_sim;R4_phone_and_address
PERSON01352,PANKAJ YADAV,8063998373,TQKQW6413B,"190, Extension, Coimbatore, Tamil Nadu - 677255",1,1,ACC01872,REC002809,False,False,
PERSON01353,Naidu Deepa,6642401123,IKOKR1401E,"797, Main Road, Thiruvananthapuram, Kerala - 360201",2,1,ACC01873,REC002810;REC002811,False,False,R0_same_account;R1_same_pan
PERSON01354,Meena Paney,6068852154,,"271, Nagar, Surat, Gujarat - 288543",1,1,ACC01874,REC002812,False,False,
PERSON01355,Pandey Jyoti,6889977945,EGGMG4787L,"53, Main Road, Delhi, Delhi - 694524",2,1,ACC01875,REC002813;REC002814,False,False,R0_same_account
PERSON01356,Zeenat Gill,7606164478,QXNQS6982G,"425, Extension, Jaipur, Rajasthan - 406111",2,2,ACC01876;ACC01877,REC002815;REC002816,False,False,R1_same_pan;R2_phone_and_name_sim
PERSON01357,Meena Nadu,9678160771,GJAHH1621J,"871, Main Road, Hyderabad, Telangana - 584728",1,1,ACC01878,REC002817,False,False,
PERSON01358,Imran Kuar,9616456992,BGOTM5251J,"552, Avenue, Nagpur, Maharashtra - 527146",4,2,ACC01879;ACC01880,REC002818;REC002819;REC002820;REC002821,False,False,R0_same_account;R1_same_pan;R2_phone_and_name_sim;R4_phone_and_address
PERSON01359,Sarita Das & Sons,7903275605,XNESH7097D,"235, Extension, Coimbatore, Tamil Nadu - 329982",2,1,ACC01881,REC002822;REC002823,False,False,R0_same_account
PERSON01360,Sengupta Harish,8823597606,AGXEC5962Q,,1,1,ACC01882,REC002824,False,False,
PERSON01361,Balaji Verma,8828035352,,"455, Avenue, Mysuru, Karnataka - 147103",1,1,ACC01883,REC002825,False,False,
PERSON01362,Sanjay Menon & Sons,8827872255,FPCJA9513A,"441, Extension, Bengaluru, Karnataka - 300324",1,1,ACC01884,REC002826,False,False,
PERSON01363,Gurpreet Mukherjee & Sons,7941647838,GTOZM6991B,"788, Extension, Kochi, Kerala - 606886",2,1,ACC01885,REC002827;REC002828,False,False,R0_same_account;R1_same_pan;R2_phone_and_name_sim;R3_address_and_name_sim;R4_phone_and_address
PERSON01364,Qureshi Divya,8291829135,CNEBR9762L,,1,1,ACC01886,REC002829,False,False,
PERSON01365,Manpreet Kuar,8115080980,VSWAL9833Y,"25, Extension, Ahmedabad, Gujarat - 208497",4,2,ACC01887;ACC01888,REC002830;REC002831;REC002832;REC002833,False,False,R0_same_account;R1_same_pan;R2_phone_and_name_sim;R3_address_and_name_sim;R4_phone_and_address;R6_reversed
PERSON01366,Lakshmi Das & Sons,9072404119,LAFIH7733M,"916, Main Road, Surat, Gujarat - 377399",3,2,ACC01889;ACC01890,REC002834;REC002835;REC002836,False,False,R0_same_account;R1_same_pan;R2_phone_and_name_sim;R3_address_and_name_sim;R4_phone_and_address
PERSON01367,Pooja Ahmed & Sons,8087656357,JXUJC0527T,"251, Layout, Thiruvananthapuram, Kerala - 210813",2,2,ACC01891;ACC01892,REC002837;REC002838,False,False,R1_same_pan
PERSON01368,Mahesh Nair & Sons,6321374028,THIIN6161X,"972, Cross Street, Pune, Maharashtra - 533533",2,1,ACC01893,REC002839;REC002840,False,False,R0_same_account;R1_same_pan;R2_phone_and_name_sim;R3_address_and_name_sim;R4_phone_and_address
PERSON01369,Rahul Metha,8427244587,,"202, Cross Street, Lucknow, Uttar Pradesh - 439253",1,1,ACC01894,REC002841,False,False,
PERSON01370,JASPREET CHATTERJEE,8925507702,YZDKU7645P,"674, Layout, Bhopal, Madhya Pradesh - 220943",2,1,ACC01895,REC002842;REC002843,False,False,R0_same_account;R1_same_pan
PERSON01371,Vijay Sharma & Sons,6580519751,EUFWL5476K,"385, Avenue, Pune, Maharashtra - 517929",5,3,ACC01896;ACC01897;ACC01898,REC002844;REC002845;REC002846;REC002847;REC002848,False,False,R0_same_account;R1_same_pan;R2_phone_and_name_sim;R3_address_and_name_sim;R4_phone_and_address;R5_initials;R8_soundex
PERSON01372,Mishra Rahul,7906389613,YODSM8235Z,,1,1,ACC01899,REC002849,False,False,
PERSON01373,Gaurav Sengupta & Sons,9633352387,ACEJC3243O,"712, Avenue, Thiruvananthapuram, Kerala - 592954",2,1,ACC01900,REC002850;REC002851,False,False,R0_same_account;R3_address_and_name_sim
PERSON01374,Trivedi Karthik,9416611649,ITRTW5730D,"683, Main Road, Hyderabad, Telangana - 691551",2,2,ACC01901;ACC01902,REC002852;REC002853,False,False,R1_same_pan;R4_phone_and_address
PERSON01375,Susan Bhatt & Sons,7127229221,WEWQK5693S,"698, Extension, Bhopal, Madhya Pradesh - 655126",2,1,ACC01903,REC002854;REC002855,False,False,R0_same_account;R2_phone_and_name_sim;R3_address_and_name_sim;R4_phone_and_address
PERSON01376,Jaspreet Sihu,7993647826,XSXYC3740D,"389, Avenue, Madurai, Tamil Nadu - 163834",1,1,ACC01904,REC002856,False,False,
PERSON01377,Padma Qrueshi,,WFZTW0666E,"168, Avenue, Pune, Maharashtra - 110613",1,1,ACC01905,REC002857,False,False,
PERSON01378,Agarwal Deepak,8915067382,DQUYH3989J,"310, Avenue, Nagpur, Maharashtra - 490734",2,1,ACC01906,REC002858;REC002859,False,False,R0_same_account
PERSON01379,A. Thomas,6586854870,,"386, Layout, Coimbatore, Tamil Nadu - 237567",1,1,ACC01907,REC002860,False,False,
PERSON01380,S. Bansal,7241560156,,"536, Nagar, Lucknow, Uttar Pradesh - 564051",1,1,ACC01908,REC002861,False,False,
PERSON01381,Gurpreet Sengupta,9113244057,IPOMP8799B,"618, Nagar, Pune, Maharashtra - 355188",2,1,ACC01909,REC002862;REC002863,False,False,R0_same_account;R4_phone_and_address
PERSON01382,Karthik Sandhu,8619225347,EPDNP9111H,"950, Layout, Lucknow, Uttar Pradesh - 480947",2,1,ACC01910,REC002864;REC002865,False,False,R0_same_account;R1_same_pan;R2_phone_and_name_sim
PERSON01383,Sarita Jain & Sons,8343770056,IPICE6706T,"661, Layout, Ahmedabad, Gujarat - 334288",3,2,ACC01911;ACC01912,REC002866;REC002867;REC002868,False,False,R0_same_account;R1_same_pan;R4_phone_and_address
PERSON01384,Bose Usha,7516862230,QUHKJ6544D,"708, Main Road, Coimbatore, Tamil Nadu - 683946",2,1,ACC01913,REC002869;REC002870,False,False,R0_same_account;R4_phone_and_address
PERSON01385,Ghosh Arjun,9103364682,,"654, Colony, Chandigarh, Punjab - 138742",1,1,ACC01914,REC002871,False,False,
PERSON01386,MANPREET MEHTA,,HERZF5197Z,"979, Extension, Kolkata, West Bengal - 380417",1,1,ACC01915,REC002872,False,False,
PERSON01387,Suresh Meonn,7304372122,SGVGU1970E,"197, Layout, Chandigarh, Punjab - 196016",2,1,ACC01916,REC002873;REC002874,False,False,R0_same_account;R1_same_pan
PERSON01388,JOSEPH KAPOOR,6101216428,MTKYA4629B,"339, Avenue, Ahmedabad, Gujarat - 283718",2,1,ACC01917,REC002875;REC002876,False,False,R0_same_account;R1_same_pan
PERSON01389,Rao Vinod,7933892636,CLBVQ9073M,"929, Avenue, Mumbai, Maharashtra - 539468",4,2,ACC01918;ACC01919,REC002877;REC002878;REC002879;REC002880,False,False,R0_same_account;R1_same_pan;R2_phone_and_name_sim;R3_address_and_name_sim;R4_phone_and_address;R6_reversed
PERSON01390,SUNITA MENON,8360541758,KUHVW8694Z,"541, Avenue, Coimbatore, Tamil Nadu - 294450",4,3,ACC01920;ACC01921;ACC01922,REC002881;REC002882;REC002883;REC002884,False,False,R0_same_account;R1_same_pan;R2_phone_and_name_sim;R3_address_and_name_sim;R4_phone_and_address
PERSON01391,Sneha Ghosh & Sons,6140329178,TAOQY3659H,"358, Nagar, Madurai, Tamil Nadu - 184286",1,1,ACC01923,REC002885,False,False,
PERSON01392,Joseph Ansari & Sons,,PLNIJ1935Z,"875, Extension, Lucknow, Uttar Pradesh - 150755",1,1,ACC01924,REC002886,False,False,
PERSON01393,A. Das,9717074603,PBPYV7256P,"325, Colony, Bhopal, Madhya Pradesh - 596022",4,2,ACC01925;ACC01926,REC002887;REC002888;REC002889;REC002890,False,False,R0_same_account;R1_same_pan;R2_phone_and_name_sim;R3_address_and_name_sim;R4_phone_and_address
PERSON01394,Sneha Trivedi & Sons,8102184250,JRUGH2248J,"240, Main Road, Chennai, Tamil Nadu - 159664",1,1,ACC01927,REC002891,False,False,
PERSON01395,Agarwal Bhavana,6574985235,,"591, Main Road, Madurai, Tamil Nadu - 649686",1,1,ACC01928,REC002892,False,False,
PERSON01396,Pooja Pilli,7749181404,DHJEZ8233N,"246, Colony, Mysuru, Karnataka - 545611",1,1,ACC01929,REC002893,False,False,
PERSON01397,GEETA MUKHERJEE,9317294037,UZXEQ5915G,"127, Extension, Kolkata, West Bengal - 191843",1,1,ACC01930,REC002894,False,False,
PERSON01398,Vasantha Chatterjee & Sons,8591323966,VZEBK5648A,"436, Layout, Bengaluru, Karnataka - 387401",2,1,ACC01931,REC002895;REC002896,False,False,R0_same_account;R2_phone_and_name_sim
PERSON01399,Dhillon Arun,8217545679,IRGBY6383L,"59, Extension, Kochi, Kerala - 371708",2,1,ACC01932,REC002897;REC002898,False,False,R0_same_account;R1_same_pan
PERSON01400,RAJWINDER DUBEY,8545526420,SDFXN0387N,"593, Extension, Delhi, Delhi - 355538",2,1,ACC01933,REC002899;REC002900,False,False,R0_same_account;R2_phone_and_name_sim;R3_address_and_name_sim;R4_phone_and_address
PERSON01401,A. Khan,8057681942,MHTFX5191W,,1,1,ACC01934,REC002901,False,False,
PERSON01402,Iyengar Faisal,7320520430,PRMCH2755Z,"950, Layout, Lucknow, Uttar Pradesh - 358047",1,1,ACC01935,REC002902,False,False,
PERSON01403,Prakash Agarwal,9335362883,DUSWO3197H,"91, Nagar, Chennai, Tamil Nadu - 311892",2,1,ACC01936,REC002903;REC002904,False,False,R0_same_account;R1_same_pan;R2_phone_and_name_sim
PERSON01404,Faisal Reddy & Sons,8503649238,YCAPO5519I,"102, Avenue, Thiruvananthapuram, Kerala - 230710",2,1,ACC01937,REC002905;REC002906,False,False,R0_same_account;R1_same_pan
PERSON01405,Aarti Kapoor & Sons,6862686370,PPMKF4505A,"79, Main Road, Coimbatore, Tamil Nadu - 690537",1,1,ACC01938,REC002907,False,False,
PERSON01406,Swati Pandey & Sons,6835703549,,,2,2,ACC01939;ACC01940,REC002908;REC002909,True,False,R5_initials;R8_soundex
PERSON01407,Swati Pndey,,KKSSE2083P,"762, Nagar, Kochi, Kerala - 214316",1,1,ACC01941,REC002910,False,False,
PERSON01408,Sunil Barr,9451756548,PYMTV5807L,"323, Cross Street, Chennai, Tamil Nadu - 387227",1,1,ACC01942,REC002911,False,False,
PERSON01409,Sandeep Das & Sons,8146235741,,"185, Nagar, Chandigarh, Punjab - 623403",2,1,ACC01943,REC002912;REC002913,False,False,R0_same_account;R4_phone_and_address
PERSON01410,Dubey Venkatesh,8983995727,CTJVF9354N,"862, Colony, Thiruvananthapuram, Kerala - 187162",3,2,ACC01944;ACC01945,REC002914;REC002915;REC002916,False,False,R0_same_account;R1_same_pan;R3_address_and_name_sim
PERSON01411,Mary Joshi,8169930035,JZEHR2242A,"578, Layout, Jaipur, Rajasthan - 318105",2,1,ACC01946,REC002917;REC002918,False,False,R0_same_account;R1_same_pan;R4_phone_and_address
PERSON01412,MANPREET GHOSH,6773988375,GDVIV6179P,"184, Layout, Mysuru, Karnataka - 677648",1,1,ACC01947,REC002919,False,False,
PERSON01413,Bose Sarita,9922189514,ESYUA3125D,"361, Layout, Coimbatore, Tamil Nadu - 629106",1,1,ACC01948,REC002920,False,False,
PERSON01414,Aarti Vraghese,8824826843,XICEO0523Q,"278, Main Road, Thiruvananthapuram, Kerala - 693185",2,1,ACC01949,REC002921;REC002922,False,False,R0_same_account;R1_same_pan
PERSON01415,Patel Harpreet,7604837030,OXAFQ1221A,"42, Main Road, Nagpur, Maharashtra - 541419",2,1,ACC01950,REC002923;REC002924,False,False,R0_same_account;R1_same_pan;R4_phone_and_address
PERSON01416,S. Qureshi,9038701573,NXIIE8030J,"120, Main Road, Jaipur, Rajasthan - 229011",1,1,ACC01951,REC002925,False,False,
PERSON01417,Agarwal Kritika,,TWYRV1786U,"825, Avenue, Hyderabad, Telangana - 499453",1,1,ACC01952,REC002926,False,False,
PERSON01418,Sheikh Sneha,6912584497,DYUIF1004B,,2,1,ACC01953,REC002927;REC002928,False,False,R0_same_account;R1_same_pan
PERSON01419,N. Varghese,9517505129,,"570, Colony, Hyderabad, Telangana - 217020",1,1,ACC01954,REC002929,False,False,
PERSON01420,Geeta Jian,,OGWZT2950I,,1,1,ACC01955,REC002930,False,False,
PERSON01421,Zeenat Chatterjee & Sons,7943340473,EMSBP3388G,"449, Extension, Jaipur, Rajasthan - 148633",2,1,ACC01956,REC002931;REC002932,False,False,R0_same_account;R4_phone_and_address
PERSON01422,Nithya Sheikh & Sons,9210033288,,"492, Main Road, Kolkata, West Bengal - 441134",3,2,ACC01957;ACC01958,REC002933;REC002934;REC002935,False,False,R0_same_account;R2_phone_and_name_sim;R3_address_and_name_sim;R4_phone_and_address
PERSON01423,Simran Iyengar,9718108438,EQBWN2102E,"664, Cross Street, Hyderabad, Telangana - 395779",1,1,ACC01959,REC002936,False,False,
PERSON01424,ZUBAIR DHILLON,6238641493,ZHPXU1472D,,1,1,ACC01960,REC002937,False,False,
PERSON01425,KAVITA NAIR,,EPRRN7660H,"797, Nagar, Thiruvananthapuram, Kerala - 317417",2,1,ACC01961,REC002938;REC002939,False,False,R0_same_account;R1_same_pan;R3_address_and_name_sim
PERSON01426,Pooja Vagrhese,7042581493,GADHK8366J,"451, Layout, Kolkata, West Bengal - 217732",2,1,ACC01962,REC002940;REC002941,False,False,R0_same_account;R1_same_pan
PERSON01427,Simran Mehta & Sons,,SGSYD9556A,,1,1,ACC01963,REC002942,False,False,
PERSON01428,Shah Fatima,,OIMOB5345Y,,1,1,ACC01964,REC002943,False,False,
PERSON01429,Bhavana Pandey & Sons,8874767109,CSYIU5047D,"397, Layout, Kolkata, West Bengal - 413608",4,2,ACC01965;ACC01966,REC002944;REC002945;REC002946;REC002947,False,False,R0_same_account;R1_same_pan;R2_phone_and_name_sim;R3_address_and_name_sim;R4_phone_and_address
PERSON01430,Dinesh Khan,9806339607,IRCZQ1616J,"2, Extension, Surat, Gujarat - 484083",2,1,ACC01967,REC002948;REC002949,False,False,R0_same_account;R1_same_pan
PERSON01431,Dubey Shreya,7693960107,QUPWA2486U,"545, Cross Street, Mumbai, Maharashtra - 198185",3,2,ACC01968;ACC01969,REC002950;REC002951;REC002952,False,False,R0_same_account;R1_same_pan;R2_phone_and_name_sim
PERSON01432,Padma Iyer & Sons,9129391590,FSZDJ0410N,"524, Layout, Bhopal, Madhya Pradesh - 541402",3,2,ACC01970;ACC01971,REC002953;REC002954;REC002955,False,False,R0_same_account;R1_same_pan;R2_phone_and_name_sim;R3_address_and_name_sim;R4_phone_and_address
PERSON01433,GEORGE BHATT,8759631446,RBZRR3019Q,"765, Main Road, Coimbatore, Tamil Nadu - 334203",4,2,ACC01972;ACC01973,REC002956;REC002957;REC002958;REC002959,False,False,R0_same_account;R1_same_pan;R2_phone_and_name_sim;R3_address_and_name_sim
PERSON01434,Nisha Patel,6221470168,KHHWS9737B,"323, Nagar, Lucknow, Uttar Pradesh - 559754",2,1,ACC01974,REC002960;REC002961,False,False,R0_same_account;R1_same_pan;R2_phone_and_name_sim
PERSON01435,Jyoti Sanhdu,6222624257,FTXNU6735J,"805, Main Road, Coimbatore, Tamil Nadu - 323567",2,1,ACC01975,REC002962;REC002963,False,False,R0_same_account;R2_phone_and_name_sim
PERSON01436,Geeta Tiwari,8505292011,AEAPU5898H,,2,1,ACC01976,REC002964;REC002965,False,False,R0_same_account;R1_same_pan
PERSON01437,Deepa Chatterjee,9584582304,KPZQT3470B,"676, Extension, Bhopal, Madhya Pradesh - 330633",2,1,ACC01977,REC002966;REC002967,False,False,R0_same_account;R2_phone_and_name_sim;R3_address_and_name_sim;R4_phone_and_address
PERSON01438,BHAVANA QURESHI,,TYFCW3766J,"572, Cross Street, Hyderabad, Telangana - 352754",1,1,ACC01978,REC002968,False,False,
PERSON01439,Manisha Varghese,8696012272,GCIJH4519H,"173, Main Road, Kochi, Kerala - 503585",3,2,ACC01979;ACC01980,REC002969;REC002970;REC002971,False,False,R0_same_account;R1_same_pan;R2_phone_and_name_sim;R3_address_and_name_sim
PERSON01440,Sheikh Usha,8145862046,TBXZG8337N,"272, Colony, Bengaluru, Karnataka - 640665",3,2,ACC01981;ACC01982,REC002972;REC002973;REC002974,False,False,R0_same_account;R1_same_pan;R2_phone_and_name_sim;R4_phone_and_address;R6_reversed
PERSON01441,Karthik Mehta,9782061742,BQDVT7432J,"208, Nagar, Coimbatore, Tamil Nadu - 357643",1,1,ACC01983,REC002975,False,False,
PERSON01442,MANOJ KHAN,9391356259,JXTKT6911N,"486, Extension, Hyderabad, Telangana - 664125",2,1,ACC01984,REC002976;REC002977,False,False,R0_same_account;R2_phone_and_name_sim
PERSON01443,Malik Srinivas,7665812374,UYVVU7358F,"971, Extension, Bengaluru, Karnataka - 570506",2,1,ACC01985,REC002978;REC002979,False,False,R0_same_account;R4_phone_and_address
PERSON01444,K. Trivedi,9407590824,,,1,1,ACC01986,REC002980,False,False,
PERSON01445,Singh Susan,7291842561,WVDND4022K,"183, Layout, Chennai, Tamil Nadu - 323452",2,1,ACC01987,REC002981;REC002982,False,False,R0_same_account
PERSON01446,Kritika Bhatt & Sons,9524890055,EJNRV6215F,"897, Avenue, Pune, Maharashtra - 515531",2,2,ACC01988;ACC01989,REC002983;REC002984,False,False,R1_same_pan
PERSON01447,Kavita Mishra & Sons,6145825243,KNIHR4087O,"582, Cross Street, Patna, Bihar - 504832",1,1,ACC01990,REC002985,False,False,
PERSON01448,Neha Brra,,EOQTT6098D,"442, Colony, Lucknow, Uttar Pradesh - 390410",1,1,ACC01991,REC002986,False,False,
PERSON01449,SUSAN IYENGAR,,YMGIR6098H,"928, Layout, Mumbai, Maharashtra - 474827",1,1,ACC01992,REC002987,False,False,
PERSON01450,Joseph Agarwal,7463674467,HXOMG2943D,"576, Main Road, Bengaluru, Karnataka - 636524",1,1,ACC01993,REC002988,False,False,
PERSON01451,Dhillon Ravi,,JRLBR9310E,"392, Main Road, Madurai, Tamil Nadu - 113749",3,2,ACC01994;ACC01995,REC002989;REC002990;REC002991,False,False,R0_same_account;R1_same_pan
PERSON01452,Mary Yadv,9033301178,OPKDS5222V,"488, Layout, Mysuru, Karnataka - 310916",2,1,ACC01996,REC002992;REC002993,False,False,R0_same_account;R1_same_pan;R4_phone_and_address
PERSON01453,MAHESH REDDY,8255967922,SJUSH4297P,"930, Colony, Thiruvananthapuram, Kerala - 693120",2,1,ACC01997,REC002994;REC002995,False,False,R0_same_account;R1_same_pan;R4_phone_and_address
PERSON01454,Pooja Malhotra,8269632469,ULNTO9722O,"56, Colony, Delhi, Delhi - 670808",3,2,ACC01998;ACC01999,REC002996;REC002997;REC002998,False,False,R0_same_account;R1_same_pan;R2_phone_and_name_sim
PERSON01455,S. Sengupta,9106782160,HQJZX0766W,"88, Colony, Pune, Maharashtra - 357599",3,2,ACC02000;ACC02001,REC002999;REC003000;REC003001,False,False,R0_same_account;R1_same_pan
PERSON01456,Patel Shreya,8189140037,NURLC8576O,"502, Extension, Delhi, Delhi - 148216",1,1,ACC02002,REC003002,False,False,
PERSON01457,Rohit Dubey,9838948476,RMHVL9943G,"98, Main Road, Bhopal, Madhya Pradesh - 465525",1,1,ACC02003,REC003003,False,False,
PERSON01458,Kiran Sengupta & Sons,6875742672,BRYNZ4375C,"881, Extension, Bengaluru, Karnataka - 235744",2,1,ACC02004,REC003004;REC003005,False,False,R0_same_account;R1_same_pan;R2_phone_and_name_sim;R3_address_and_name_sim;R4_phone_and_address
PERSON01459,Thomas Chauhan,8288183829,,"663, Avenue, Patna, Bihar - 640251",2,1,ACC02005,REC003006;REC003007,False,False,R0_same_account;R4_phone_and_address
PERSON01460,Gupta Anna,6966545616,RIYQH4167H,"281, Nagar, Delhi, Delhi - 519404",3,2,ACC02006;ACC02007,REC003008;REC003009;REC003010,False,False,R0_same_account;R1_same_pan;R2_phone_and_name_sim;R3_address_and_name_sim;R4_phone_and_address
PERSON01461,Naveen Thmoas,6008247866,ZAZGI6118C,"95, Nagar, Ahmedabad, Gujarat - 160080",2,1,ACC02008,REC003011;REC003012,False,False,R0_same_account;R4_phone_and_address
PERSON01462,Anna Dhillon,6566028399,YYITO1949K,"468, Layout, Kolkata, West Bengal - 142862",2,1,ACC02009,REC003013;REC003014,False,False,R0_same_account;R1_same_pan
PERSON01463,ZEENAT SIDHU,7706035223,OCNGF3142C,"607, Nagar, Kolkata, West Bengal - 226786",2,1,ACC02010,REC003015;REC003016,False,False,R0_same_account;R1_same_pan;R2_phone_and_name_sim;R3_address_and_name_sim;R4_phone_and_address
PERSON01464,Neha Pillai,8640049215,GXZWB2203M,"630, Main Road, Chennai, Tamil Nadu - 500323",2,1,ACC02011,REC003017;REC003018,False,False,R0_same_account
PERSON01465,HARISH QURESHI,9095453989,WBOKT9247D,"746, Colony, Mysuru, Karnataka - 476833",1,1,ACC02012,REC003019,False,False,
PERSON01466,Bose Deepa,9275294166,GXRYY0535L,"875, Colony, Chandigarh, Punjab - 291933",1,1,ACC02013,REC003020,False,False,
PERSON01467,Nitin Mhta,7240496653,WBECX4866J,"249, Cross Street, Mysuru, Karnataka - 285803",2,2,ACC02014;ACC02015,REC003021;REC003022,False,False,R1_same_pan;R2_phone_and_name_sim
PERSON01468,Patel Meena,7975705389,MDNOV6469P,"955, Extension, Thiruvananthapuram, Kerala - 292535",3,2,ACC02016;ACC02017,REC003023;REC003024;REC003025,False,False,R0_same_account;R1_same_pan;R4_phone_and_address
PERSON01469,Ansari Gurpreet,7444710763,GZUIY8704Y,"337, Main Road, Jaipur, Rajasthan - 689288",2,1,ACC02018,REC003026;REC003027,False,False,R0_same_account
PERSON01470,Kavita Malk,6454846965,,,1,1,ACC02019,REC003028,False,False,
PERSON01471,Kaur Shobha,9741640048,,"943, Cross Street, Nagpur, Maharashtra - 109640",1,1,ACC02020,REC003029,False,False,
PERSON01472,Usha Saxena & Sons,8649695209,ZWGCJ9809L,"498, Nagar, Chennai, Tamil Nadu - 323695",4,2,ACC02021;ACC02022,REC003030;REC003031;REC003032;REC003033,False,False,R0_same_account;R1_same_pan;R3_address_and_name_sim
PERSON01473,Shobha Dubye,9412980143,GZORU7336D,"873, Extension, Jaipur, Rajasthan - 591828",2,1,ACC02023,REC003034;REC003035,False,False,R0_same_account;R1_same_pan
PERSON01474,Menon Sunita,7956855363,VPOTY4548D,"450, Avenue, Lucknow, Uttar Pradesh - 471354",4,2,ACC02024;ACC02025,REC003036;REC003037;REC003038;REC003039,False,False,R0_same_account;R1_same_pan;R3_address_and_name_sim;R4_phone_and_address
PERSON01475,Preethi Kapoor & Sons,7087936218,CHCXR9511U,"673, Layout, Mumbai, Maharashtra - 565877",2,1,ACC02026,REC003040;REC003041,False,False,R0_same_account;R1_same_pan;R2_phone_and_name_sim
PERSON01476,FAISAL MISHRA,8042204827,XEIZX0414H,"457, Cross Street, Thiruvananthapuram, Kerala - 151030",2,1,ACC02027,REC003042;REC003043,False,False,R0_same_account;R1_same_pan
PERSON01477,Jaspreet Patel,6161481662,LQIGA0550F,"175, Avenue, Madurai, Tamil Nadu - 482121",2,1,ACC02028,REC003044;REC003045,False,False,R0_same_account;R1_same_pan;R3_address_and_name_sim
PERSON01478,Rekha Chattejee,8622862512,,"966, Extension, Bhopal, Madhya Pradesh - 685630",2,2,ACC02029;ACC02030,REC003046;REC003047,False,False,R2_phone_and_name_sim;R3_address_and_name_sim;R4_phone_and_address
PERSON01479,NITIN NAIR,7946681632,,"495, Colony, Lucknow, Uttar Pradesh - 531567",2,2,ACC02031;ACC02032,REC003048;REC003049,True,False,R6_reversed
PERSON01480,Pankaj Reddy & Sons,7310374701,EIPGL0577S,"686, Extension, Kolkata, West Bengal - 443170",4,2,ACC02033;ACC02034,REC003050;REC003051;REC003052;REC003053,False,False,R0_same_account;R1_same_pan;R2_phone_and_name_sim;R3_address_and_name_sim;R4_phone_and_address
PERSON01481,Zeenat Gohsh,7584784937,,"797, Extension, Delhi, Delhi - 374623",1,1,ACC02035,REC003054,False,False,
PERSON01482,Ghosh Zeenat,,LUYHI0131N,"797, Extension, Delhi, Delhi - 374623",1,1,ACC02036,REC003055,False,False,
PERSON01483,ASHOK PATEL,8385290756,WPNMY5064K,"435, Colony, Jaipur, Rajasthan - 504645",2,1,ACC02037,REC003056;REC003057,False,False,R0_same_account;R1_same_pan;R2_phone_and_name_sim;R3_address_and_name_sim;R4_phone_and_address
PERSON01484,Ayesha Mehta,7262327052,NARPF7790I,"562, Cross Street, Delhi, Delhi - 407588",2,1,ACC02038,REC003058;REC003059,False,False,R0_same_account;R2_phone_and_name_sim;R3_address_and_name_sim;R4_phone_and_address
PERSON01485,Geeta Ahmed,,CTREC3406D,"897, Nagar, Surat, Gujarat - 621663",1,1,ACC02039,REC003060,False,False,
PERSON01486,Verma Ritu,6657343927,,"257, Nagar, Thiruvananthapuram, Kerala - 418676",1,1,ACC02040,REC003061,False,False,
PERSON01487,ANIL THOMAS,6017918339,TWUWV0847Z,"337, Avenue, Madurai, Tamil Nadu - 569766",2,2,ACC02041;ACC02042,REC003062;REC003063,False,False,R2_phone_and_name_sim;R3_address_and_name_sim;R4_phone_and_address
PERSON01488,Kalpana Ahmd,8634917772,,"664, Cross Street, Mumbai, Maharashtra - 219248",1,1,ACC02043,REC003064,False,False,
PERSON01489,Anjali Gupta & Sons,8809483434,OSEWT3490Y,"162, Main Road, Kochi, Kerala - 169647",3,2,ACC02044;ACC02045,REC003065;REC003066;REC003067,False,False,R0_same_account;R1_same_pan;R2_phone_and_name_sim
PERSON01490,VIJAY KUMAR,6660867856,STBHB3647B,"761, Main Road, Ahmedabad, Gujarat - 585385",2,1,ACC02046,REC003068;REC003069,False,False,R0_same_account;R1_same_pan;R2_phone_and_name_sim;R3_address_and_name_sim;R4_phone_and_address
PERSON01491,Swati Sidhu & Sons,8676482376,CUOSP9797N,"952, Main Road, Thiruvananthapuram, Kerala - 429938",2,1,ACC02047,REC003070;REC003071,False,False,R0_same_account;R1_same_pan;R4_phone_and_address
PERSON01492,D. Thomas,,AHCLN0181G,"358, Extension, Bhopal, Madhya Pradesh - 167489",1,1,ACC02048,REC003072,False,False,
PERSON01493,FAISAL MUKHERJEE,9673785574,ROJLV3958C,"363, Cross Street, Thiruvananthapuram, Kerala - 193593",1,1,ACC02049,REC003073,False,False,
PERSON01494,Sarita Kaur & Sons,6188261349,FMFPY7469Q,"239, Avenue, Thiruvananthapuram, Kerala - 578065",2,1,ACC02050,REC003074;REC003075,False,False,R0_same_account;R2_phone_and_name_sim;R3_address_and_name_sim;R4_phone_and_address
PERSON01495,Das Vijay,9161903342,FYSUZ7698E,,1,1,ACC02051,REC003076,False,False,
PERSON01496,RADHA SIDHU,6542433358,FBZHZ2250N,"53, Avenue, Chennai, Tamil Nadu - 142590",3,2,ACC02052;ACC02053,REC003077;REC003078;REC003079,False,False,R0_same_account;R1_same_pan;R3_address_and_name_sim;R4_phone_and_address
PERSON01497,Priya Thoams,8576393522,TWYVC1550K,"224, Main Road, Delhi, Delhi - 150857",2,1,ACC02054,REC003080;REC003081,False,False,R0_same_account;R1_same_pan
PERSON01498,Sabiha Sheikh & Sons,6686888587,EMTQC1415Q,"662, Colony, Surat, Gujarat - 367614",4,2,ACC02055;ACC02056,REC003082;REC003083;REC003084;REC003085,False,False,R0_same_account;R1_same_pan;R2_phone_and_name_sim;R3_address_and_name_sim
PERSON01499,Sangeeta Reddy & Sons,8352579551,DOKZB8861Q,"629, Colony, Ahmedabad, Gujarat - 139192",4,3,ACC02057;ACC02058;ACC02059,REC003086;REC003087;REC003088;REC003089,False,False,R0_same_account;R1_same_pan;R2_phone_and_name_sim;R3_address_and_name_sim;R4_phone_and_address;R6_reversed
PERSON01500,Pooja Dubey & Sons,8635948343,AHRYW3324I,,1,1,ACC02060,REC003090,False,False,
PERSON01501,Jyoti Khan & Sons,6453775059,TGWOZ6784T,"212, Cross Street, Bhopal, Madhya Pradesh - 156915",2,1,ACC02061,REC003091;REC003092,False,False,R0_same_account
PERSON01502,Gopal Jain & Sons,8702388486,ESGYW2388G,"902, Main Road, Pune, Maharashtra - 494118",2,2,ACC02062;ACC02063,REC003093;REC003094,False,False,R2_phone_and_name_sim;R3_address_and_name_sim;R4_phone_and_address
PERSON01503,Ahmed Ashok,6670429388,,"136, Extension, Coimbatore, Tamil Nadu - 226810",1,1,ACC02064,REC003095,False,False,
PERSON01504,B. Joshi,8530239424,SCZVB2308E,"301, Cross Street, Mumbai, Maharashtra - 316931",1,1,ACC02065,REC003096,False,False,
PERSON01505,Dubey Pooja,8108444994,HXPQX5258P,"346, Avenue, Thiruvananthapuram, Kerala - 669449",3,2,ACC02066;ACC02067,REC003097;REC003098;REC003099,False,False,R0_same_account;R1_same_pan;R4_phone_and_address
PERSON01506,S. Mukherjee,9788148461,,"420, Avenue, Patna, Bihar - 662351",1,1,ACC02068,REC003100,False,False,
PERSON01507,AYESHA BANSAL,9022204628,UQXUJ9804O,"879, Cross Street, Madurai, Tamil Nadu - 584459",2,1,ACC02069,REC003101;REC003102,False,False,R0_same_account;R1_same_pan;R3_address_and_name_sim
PERSON01508,Shobha Dbey,9715620091,DMDXB1689G,"832, Main Road, Jaipur, Rajasthan - 493572",2,1,ACC02070,REC003103;REC003104,False,False,R0_same_account;R4_phone_and_address
PERSON01509,JYOTI REDDY,6524775837,IBHNP5143H,"852, Main Road, Madurai, Tamil Nadu - 283491",2,1,ACC02071,REC003105;REC003106,False,False,R0_same_account;R1_same_pan;R2_phone_and_name_sim;R3_address_and_name_sim;R4_phone_and_address
PERSON01510,Aarti Mehta & Sons,9055435482,TXFFU7266B,"236, Main Road, Lucknow, Uttar Pradesh - 306951",3,2,ACC02072;ACC02073,REC003107;REC003108;REC003109,False,False,R0_same_account;R2_phone_and_name_sim;R3_address_and_name_sim
PERSON01511,Harleen Jain,6813517755,IXZEI6385I,"932, Extension, Kolkata, West Bengal - 634533",3,2,ACC02074;ACC02075,REC003110;REC003111;REC003112,False,False,R0_same_account;R1_same_pan;R4_phone_and_address
PERSON01512,Z. Pillai,,QVNTB2683C,"107, Cross Street, Chandigarh, Punjab - 379076",1,1,ACC02076,REC003113,False,False,
PERSON01513,Iyengar Kiran,6134731932,DFUCK8626P,"391, Main Road, Mysuru, Karnataka - 455846",3,2,ACC02077;ACC02078,REC003114;REC003115;REC003116,False,False,R0_same_account;R1_same_pan;R4_phone_and_address
PERSON01514,ARJUN BOSE,6403960347,JDLZI3965Q,"506, Cross Street, Chennai, Tamil Nadu - 156109",2,1,ACC02079,REC003117;REC003118,False,False,R0_same_account;R1_same_pan;R2_phone_and_name_sim;R3_address_and_name_sim;R4_phone_and_address
PERSON01515,Dinesh Pillai,7210555598,MLOGS9804O,"704, Extension, Ahmedabad, Gujarat - 508565",2,1,ACC02080,REC003119;REC003120,False,False,R0_same_account;R1_same_pan
PERSON01516,Pooja Rao & Sons,8028316499,JLLYL6921X,"741, Extension, Chandigarh, Punjab - 228973",4,2,ACC02081;ACC02082,REC003121;REC003122;REC003123;REC003124,False,False,R0_same_account;R1_same_pan;R2_phone_and_name_sim;R3_address_and_name_sim;R4_phone_and_address
PERSON01517,Meena Rao & Sons,6447875827,JFOYF4482J,"610, Main Road, Coimbatore, Tamil Nadu - 170842",4,2,ACC02083;ACC02084,REC003125;REC003126;REC003127;REC003128,False,False,R0_same_account;R1_same_pan;R2_phone_and_name_sim;R3_address_and_name_sim;R4_phone_and_address;R6_reversed
PERSON01518,Karthik Sdihu,8798556607,QQIZA4362D,"444, Cross Street, Lucknow, Uttar Pradesh - 435575",2,1,ACC02085,REC003129;REC003130,False,False,R0_same_account;R1_same_pan;R3_address_and_name_sim
PERSON01519,Geeta Tiari,6563643181,,,1,1,ACC02086,REC003131,False,False,
PERSON01520,G. Iyengar,,QLSVW8053L,,1,1,ACC02087,REC003132,False,False,
PERSON01521,Jain Simran,9284479605,CTDIY3296N,"337, Nagar, Patna, Bihar - 375446",4,2,ACC02088;ACC02089,REC003133;REC003134;REC003135;REC003136,False,False,R0_same_account;R1_same_pan;R2_phone_and_name_sim;R6_reversed
PERSON01522,Das Vasantha,9089905412,KMJQT2060R,"352, Main Road, Chandigarh, Punjab - 155136",3,2,ACC02090;ACC02091,REC003137;REC003138;REC003139,False,False,R0_same_account;R1_same_pan;R4_phone_and_address
PERSON01523,Naveen Sanduh,8159490429,BCCFT0887A,"949, Extension, Bengaluru, Karnataka - 211951",2,1,ACC02092,REC003140;REC003141,False,False,R0_same_account
PERSON01524,Ansari Sowmya,8269755981,XXGTE8046K,"345, Nagar, Bengaluru, Karnataka - 162997",1,1,ACC02093,REC003142,False,False,
PERSON01525,A. Naidu,9603877599,KTLER8217E,"786, Colony, Delhi, Delhi - 212656",4,2,ACC02094;ACC02095,REC003143;REC003144;REC003145;REC003146,False,False,R0_same_account;R1_same_pan;R2_phone_and_name_sim;R4_phone_and_address
PERSON01526,A. Malhotra,8027207498,YPCZM1971T,"484, Extension, Bhopal, Madhya Pradesh - 535155",4,2,ACC02096;ACC02097,REC003147;REC003148;REC003149;REC003150,False,False,R0_same_account;R1_same_pan;R2_phone_and_name_sim;R3_address_and_name_sim;R4_phone_and_address
PERSON01527,Ravi Jain & Sons,7485869920,IXXSO6413V,,1,1,ACC02098,REC003151,False,False,
PERSON01528,Fatima Qureshi,9109765963,ZBUNR6664K,"507, Layout, Nagpur, Maharashtra - 124282",2,1,ACC02099,REC003152;REC003153,False,False,R0_same_account;R1_same_pan;R4_phone_and_address
PERSON01529,PREETHI QURESHI,6549626014,ZZUMX2431P,"279, Colony, Mumbai, Maharashtra - 357839",2,1,ACC02100,REC003154;REC003155,False,False,R0_same_account;R1_same_pan
PERSON01530,Gopal Cauhan,9463833319,YBSOR4018H,"842, Cross Street, Ahmedabad, Gujarat - 634875",1,1,ACC02101,REC003156,False,False,
PERSON01531,Zubair Kaur & Sons,7617901759,,"558, Avenue, Jaipur, Rajasthan - 515701",2,1,ACC02102,REC003157;REC003158,False,False,R0_same_account;R2_phone_and_name_sim
PERSON01532,Gupta Mary,6154772466,LNGKA2615M,"274, Colony, Hyderabad, Telangana - 559337",3,2,ACC02103;ACC02104,REC003159;REC003160;REC003161,False,False,R0_same_account;R1_same_pan;R4_phone_and_address
PERSON01533,ANIL IYER,6661091082,PBFPC4642D,"189, Layout, Kochi, Kerala - 696214",5,3,ACC02105;ACC02106;ACC02107,REC003162;REC003163;REC003164;REC003165;REC003166,False,False,R0_same_account;R1_same_pan;R2_phone_and_name_sim;R3_address_and_name_sim;R4_phone_and_address;R6_reversed
PERSON01534,NEHA JAIN,8103122206,HOJLP6383J,"1, Cross Street, Lucknow, Uttar Pradesh - 480210",4,2,ACC02108;ACC02109,REC003167;REC003168;REC003169;REC003170,False,False,R0_same_account;R1_same_pan;R2_phone_and_name_sim;R3_address_and_name_sim;R4_phone_and_address
PERSON01535,USHA MUKHERJEE,9925728557,UOLHX3148M,"372, Colony, Surat, Gujarat - 345254",2,1,ACC02110,REC003171;REC003172,False,False,R0_same_account;R1_same_pan;R3_address_and_name_sim
PERSON01536,Jaspreet Desai & Sons,8545041922,UAHPJ7580L,"141, Avenue, Madurai, Tamil Nadu - 576197",2,1,ACC02111,REC003173;REC003174,False,False,R0_same_account;R1_same_pan;R2_phone_and_name_sim;R3_address_and_name_sim;R4_phone_and_address
PERSON01537,REKHA SHARMA,8871477296,BHPGR4582S,"941, Layout, Nagpur, Maharashtra - 303778",2,1,ACC02112,REC003175;REC003176,False,False,R0_same_account;R1_same_pan
PERSON01538,Venkatesh Rddy,,DKPLQ6130V,"998, Main Road, Kolkata, West Bengal - 487338",1,1,ACC02113,REC003177,False,False,
PERSON01539,VINOD GUPTA,6705222484,NBNQX9470C,"923, Cross Street, Ahmedabad, Gujarat - 142883",2,2,ACC02114;ACC02115,REC003178;REC003179,False,False,R1_same_pan;R3_address_and_name_sim
PERSON01540,Gaurav Singh & Sons,7402775022,TBFEO1892P,"703, Extension, Ahmedabad, Gujarat - 484250",1,1,ACC02116,REC003180,False,False,
PERSON01541,GAURAV SENGUPTA,7487963969,VJBSQ3436Y,,1,1,ACC02117,REC003181,False,False,
PERSON01542,R. Khan,9496736480,,"770, Nagar, Bengaluru, Karnataka - 606372",1,1,ACC02118,REC003182,False,False,
PERSON01543,Rajesh Kahn,9496736480,YENTV3207V,,1,1,ACC02119,REC003183,False,False,
PERSON01544,Sowmya Bansal,,GWCTT7141G,,1,1,ACC02120,REC003184,False,False,
PERSON01545,Pooja Snegupta,8116242127,QDDXC1799K,"166, Main Road, Mysuru, Karnataka - 560709",2,1,ACC02121,REC003185;REC003186,False,False,R0_same_account;R1_same_pan;R4_phone_and_address
PERSON01546,Neha Verma,7760699402,TONBG1013O,"57, Main Road, Nagpur, Maharashtra - 291921",2,1,ACC02122,REC003187;REC003188,False,False,R0_same_account;R1_same_pan
PERSON01547,P. Gupta,6218651883,UEOBS8550Q,"752, Cross Street, Coimbatore, Tamil Nadu - 279100",3,2,ACC02123;ACC02124,REC003189;REC003190;REC003191,False,False,R0_same_account;R1_same_pan;R5_initials;R8_soundex
PERSON01548,ANJALI PILLAI,7926990026,GIXHU5594V,"460, Colony, Jaipur, Rajasthan - 381210",2,1,ACC02125,REC003192;REC003193,False,False,R0_same_account
PERSON01549,Sowmya Pilai,8618985890,TYENP2951X,"219, Main Road, Delhi, Delhi - 698424",1,1,ACC02126,REC003194,False,False,
PERSON01550,Sunita Brar,7527249413,PEUSD1919T,"767, Layout, Bengaluru, Karnataka - 247469",1,1,ACC02127,REC003195,False,False,
PERSON01551,Sangeeta Bansal & Sons,6821484240,XBRAL0093Z,"953, Main Road, Nagpur, Maharashtra - 493989",2,1,ACC02128,REC003196;REC003197,False,False,R0_same_account;R3_address_and_name_sim
PERSON01552,SUNITA BANERJEE,9781621233,IVZWR9002G,"502, Avenue, Thiruvananthapuram, Kerala - 222208",2,1,ACC02129,REC003198;REC003199,False,False,R0_same_account;R1_same_pan;R4_phone_and_address
PERSON01553,NISHA TIWARI,6022904593,QNTPJ8573K,"109, Colony, Kolkata, West Bengal - 122425",2,1,ACC02130,REC003200;REC003201,False,False,R0_same_account;R1_same_pan;R2_phone_and_name_sim;R3_address_and_name_sim;R4_phone_and_address
PERSON01554,Gopal Shah,8315904134,NRLIW7386F,"600, Extension, Kochi, Kerala - 263790",3,2,ACC02131;ACC02132,REC003202;REC003203;REC003204,False,False,R0_same_account;R1_same_pan;R4_phone_and_address
PERSON01555,Pankaj Metha,6267928459,MVFLE6451J,"10, Avenue, Mumbai, Maharashtra - 408641",2,1,ACC02133,REC003205;REC003206,False,False,R0_same_account;R1_same_pan;R2_phone_and_name_sim;R3_address_and_name_sim;R4_phone_and_address
PERSON01556,Geeta Banerjee & Sons,6756977109,KBKLA2372U,"234, Extension, Chandigarh, Punjab - 539863",4,2,ACC02134;ACC02135,REC003207;REC003208;REC003209;REC003210,False,False,R0_same_account;R3_address_and_name_sim;R4_phone_and_address;R5_initials;R8_soundex
PERSON01557,Kaur Harpreet,7881813567,,"352, Extension, Kochi, Kerala - 653121",1,1,ACC02136,REC003211,False,False,
PERSON01558,Karthik Iyegnar,8476716503,KTTLS9198C,"421, Cross Street, Coimbatore, Tamil Nadu - 454442",2,1,ACC02137,REC003212;REC003213,False,False,R0_same_account;R1_same_pan
PERSON01559,Arun Iyer & Sons,7817171851,ZJOIV8887P,"475, Layout, Coimbatore, Tamil Nadu - 171402",2,1,ACC02138,REC003214;REC003215,False,False,R0_same_account;R1_same_pan
PERSON01560,Geeta Rao,7738205935,MEFFU4415T,"1, Cross Street, Chandigarh, Punjab - 211129",1,1,ACC02139,REC003216,False,False,
PERSON01561,Saxena Mahesh,7034733247,BNETB6434E,"670, Main Road, Mysuru, Karnataka - 301646",2,1,ACC02140,REC003217;REC003218,False,False,R0_same_account;R1_same_pan;R4_phone_and_address
PERSON01562,DIVYA GHOSH,9244048011,FBGXN4640M,"297, Layout, Thiruvananthapuram, Kerala - 387795",2,1,ACC02141,REC003219;REC003220,False,False,R0_same_account;R4_phone_and_address
PERSON01563,AJAY SANDHU,,TPSFU6075G,"793, Cross Street, Delhi, Delhi - 394181",1,1,ACC02142,REC003221,False,False,
PERSON01564,Arun Varghese & Sons,6396540169,OHEKA8983V,"247, Extension, Nagpur, Maharashtra - 321406",2,1,ACC02143,REC003222;REC003223,False,False,R0_same_account;R1_same_pan;R3_address_and_name_sim
PERSON01565,RAJWINDER PANDEY,6859760450,NAJOF0152D,,2,1,ACC02144,REC003224;REC003225,False,False,R0_same_account;R1_same_pan
PERSON01566,Mehta Ravi,8194584656,CMVOR2068G,,1,1,ACC02145,REC003226,False,False,
PERSON01567,Susan Yaadv,6092658764,KHGML9821X,"80, Avenue, Mumbai, Maharashtra - 579211",3,2,ACC02146;ACC02147,REC003227;REC003228;REC003229,False,False,R0_same_account;R1_same_pan;R2_phone_and_name_sim
PERSON01568,Anjali Boes,7810213611,IDONZ8474U,"90, Main Road, Ahmedabad, Gujarat - 609511",2,1,ACC02148,REC003230;REC003231,False,False,R0_same_account;R2_phone_and_name_sim;R3_address_and_name_sim;R4_phone_and_address
PERSON01569,Aarti Ahmed & Sons,8453996861,XLPIK6066M,"283, Extension, Pune, Maharashtra - 342286",1,1,ACC02149,REC003232,False,False,
PERSON01570,Rajwinder Rddy,7983371559,EIYVK5644W,"733, Cross Street, Kochi, Kerala - 177388",2,1,ACC02150,REC003233;REC003234,False,False,R0_same_account;R4_phone_and_address
PERSON01571,Sunil Sandhu & Sons,8881543374,HGRKM5889S,"646, Colony, Chennai, Tamil Nadu - 485577",3,2,ACC02151;ACC02152,REC003235;REC003236;REC003237,False,False,R0_same_account;R1_same_pan;R2_phone_and_name_sim;R3_address_and_name_sim;R4_phone_and_address
PERSON01572,Nithya Bansal & Sons,7645019185,LVMCD4745N,"349, Main Road, Madurai, Tamil Nadu - 538765",6,3,ACC02153;ACC02154;ACC02155,REC003238;REC003239;REC003240;REC003241;REC003242;REC003243,False,False,R0_same_account;R1_same_pan;R2_phone_and_name_sim;R3_address_and_name_sim;R4_phone_and_address
PERSON01573,Qureshi Anjali,8894223412,XYEXE0517M,,1,1,ACC02156,REC003244,False,False,
PERSON01574,Sneha Misha,9025722358,,"181, Extension, Thiruvananthapuram, Kerala - 394565",1,1,ACC02157,REC003245,False,False,
PERSON01575,Verma Gopal,7479041879,MJGKV2918S,"216, Extension, Pune, Maharashtra - 307705",4,2,ACC02158;ACC02159,REC003246;REC003247;REC003248;REC003249,False,False,R0_same_account;R1_same_pan
PERSON01576,Harish Ghosh,8854927599,TUWWZ8132K,"342, Layout, Patna, Bihar - 222440",2,2,ACC02160;ACC02161,REC003250;REC003251,False,False,R1_same_pan;R2_phone_and_name_sim;R3_address_and_name_sim;R4_phone_and_address
PERSON01577,Ayesha Shekih,,EFEKP9974R,"915, Cross Street, Bengaluru, Karnataka - 441785",1,1,ACC02162,REC003252,False,False,
PERSON01578,Harpreet Kaur & Sons,9725652529,XTYBG8728B,"505, Layout, Thiruvananthapuram, Kerala - 504865",6,3,ACC02163;ACC02164;ACC02165,REC003253;REC003254;REC003255;REC003256;REC003257;REC003258,False,False,R0_same_account;R1_same_pan;R2_phone_and_name_sim;R3_address_and_name_sim;R4_phone_and_address;R5_initials;R6_reversed
PERSON01579,Nitin Bansal & Sons,7274269186,YPUVK1834W,"20, Main Road, Thiruvananthapuram, Kerala - 521813",2,1,ACC02166,REC003259;REC003260,False,False,R0_same_account;R1_same_pan
PERSON01580,IRFAN MUKHERJEE,7202116129,QKFWB3325M,"892, Extension, Madurai, Tamil Nadu - 535176",2,2,ACC02167;ACC02168,REC003261;REC003262,False,False,R1_same_pan;R2_phone_and_name_sim
PERSON01581,Bhatt Pankaj,9623262952,,"475, Colony, Mysuru, Karnataka - 356259",1,1,ACC02169,REC003263,False,False,
PERSON01582,Sunil Kumar & Sons,6720217075,JXILO4840U,"480, Cross Street, Pune, Maharashtra - 359175",3,2,ACC02170;ACC02171,REC003264;REC003265;REC003266,False,False,R0_same_account;R1_same_pan;R2_phone_and_name_sim;R3_address_and_name_sim;R4_phone_and_address
PERSON01583,ARUN CHAUHAN,6060660262,TJJCT0483X,,2,1,ACC02172,REC003267;REC003268,False,False,R0_same_account
PERSON01584,Tiwari Vinod,7221599501,NFPCR3558G,"448, Extension, Chandigarh, Punjab - 601560",2,1,ACC02173,REC003269;REC003270,False,False,R0_same_account;R1_same_pan
PERSON01585,Gurpreet Sinhg,,SVPAA1341X,"954, Main Road, Coimbatore, Tamil Nadu - 211336",1,1,ACC02174,REC003271,False,False,
PERSON01586,Meena Mishra,9685152466,VGRQJ6491V,"792, Avenue, Thiruvananthapuram, Kerala - 124702",2,1,ACC02175,REC003272;REC003273,False,False,R0_same_account;R4_phone_and_address
PERSON01587,Bose Balaji,8048221237,,"921, Main Road, Kochi, Kerala - 627770",1,1,ACC02176,REC003274,False,False,
PERSON01588,SWATI IYER,8180673483,DQQVP5859A,"895, Extension, Thiruvananthapuram, Kerala - 309650",2,1,ACC02177,REC003275;REC003276,False,False,R0_same_account;R1_same_pan
PERSON01589,Lakshmi Varghese & Sons,,DMCDD0718F,"45, Extension, Delhi, Delhi - 503084",2,1,ACC02178,REC003277;REC003278,False,False,R0_same_account;R1_same_pan
PERSON01590,Manoj Mukherjee & Sons,6447611783,GWGOQ6238D,"138, Extension, Coimbatore, Tamil Nadu - 405911",4,2,ACC02179;ACC02180,REC003279;REC003280;REC003281;REC003282,False,False,R0_same_account;R1_same_pan;R3_address_and_name_sim;R4_phone_and_address;R5_initials;R8_soundex
PERSON01591,Sheikh Amit,,AAQWO8503T,,1,1,ACC02181,REC003283,False,False,
PERSON01592,Ghosh Neha,6808586779,WFQRX7603V,"256, Colony, Patna, Bihar - 343519",5,3,ACC02182;ACC02183;ACC02184,REC003284;REC003285;REC003286;REC003287;REC003288,False,False,R0_same_account;R1_same_pan;R2_phone_and_name_sim;R3_address_and_name_sim;R4_phone_and_address
PERSON01593,Nisha Tiwari & Sons,8045531773,ITWQB1494K,"830, Cross Street, Coimbatore, Tamil Nadu - 243544",1,1,ACC02185,REC003289,False,False,
PERSON01594,Nair Ritu,7094825890,RLMGM9889D,"418, Layout, Coimbatore, Tamil Nadu - 542325",2,1,ACC02186,REC003290;REC003291,False,False,R0_same_account;R1_same_pan;R4_phone_and_address
PERSON01595,Iyer Rekha,8427814061,JLWHB7806M,"725, Avenue, Surat, Gujarat - 279108",1,1,ACC02187,REC003292,False,False,
PERSON01596,Manpreet Yadav & Sons,7750305339,,"924, Cross Street, Chennai, Tamil Nadu - 512711",1,1,ACC02188,REC003293,False,False,
PERSON01597,Jaspreet Jain & Sons,9063176786,INFSS8428M,"457, Main Road, Patna, Bihar - 301038",3,2,ACC02189;ACC02190,REC003294;REC003295;REC003296,False,False,R0_same_account;R1_same_pan;R3_address_and_name_sim
PERSON01598,Saxena Harish,,VMWAZ3348C,"372, Avenue, Kolkata, West Bengal - 307097",1,1,ACC02191,REC003297,False,False,
PERSON01599,Naveen Mukherjee & Sons,8981405549,WDUGT3424E,"657, Avenue, Mumbai, Maharashtra - 556836",2,1,ACC02192,REC003298;REC003299,False,False,R0_same_account;R2_phone_and_name_sim;R3_address_and_name_sim;R4_phone_and_address
PERSON01600,A. Malhotra,7917462252,JPDXT2303U,"148, Extension, Ahmedabad, Gujarat - 415128",2,2,ACC02193;ACC02194,REC003300;REC003301,False,False,R2_phone_and_name_sim;R3_address_and_name_sim;R4_phone_and_address
PERSON01601,Pooja Shha,8327337921,,"487, Cross Street, Mumbai, Maharashtra - 680238",1,1,ACC02195,REC003302,False,False,
PERSON01602,Harleen Niadu,6562135776,YAHCA9917T,"832, Nagar, Patna, Bihar - 301736",2,2,ACC02196;ACC02197,REC003303;REC003304,False,False,R2_phone_and_name_sim;R3_address_and_name_sim;R4_phone_and_address
PERSON01603,Naveen Chatterjee & Sons,9523631347,GQGAP5996R,,2,1,ACC02198,REC003305;REC003306,False,False,R0_same_account;R1_same_pan;R2_phone_and_name_sim
PERSON01604,Sneha Shrma,6193047931,TMWWY2512L,,1,1,ACC02199,REC003307,False,False,
PERSON01605,Sowmya Gupta & Sons,7376441707,XFFYS9144Y,"380, Colony, Bhopal, Madhya Pradesh - 329148",2,2,ACC02200;ACC02201,REC003308;REC003309,False,False,R1_same_pan
PERSON01606,PRIYA TRIVEDI,7028621787,OTFJN1690M,"873, Extension, Bengaluru, Karnataka - 478174",2,1,ACC02202,REC003310;REC003311,False,False,R0_same_account;R1_same_pan
PERSON01607,Ravi Kumar & Sons,8339868513,OCYCD0029K,"55, Main Road, Pune, Maharashtra - 486918",2,1,ACC02203,REC003312;REC003313,False,False,R0_same_account;R1_same_pan
PERSON01608,Harpreet Yadav & Sons,8146830705,DMXBO2665D,"124, Colony, Nagpur, Maharashtra - 690201",2,1,ACC02204,REC003314;REC003315,False,False,R0_same_account;R1_same_pan;R2_phone_and_name_sim;R3_address_and_name_sim;R4_phone_and_address
PERSON01609,Reddy Gopal,7419695924,RJYMJ0657O,"418, Extension, Coimbatore, Tamil Nadu - 118124",2,1,ACC02205,REC003316;REC003317,False,False,R0_same_account;R1_same_pan
PERSON01610,Sunita Sharma & Sons,9084065647,SYFDD1399D,"189, Avenue, Patna, Bihar - 375578",4,2,ACC02206;ACC02207,REC003318;REC003319;REC003320;REC003321,False,False,R0_same_account;R1_same_pan;R2_phone_and_name_sim;R3_address_and_name_sim;R4_phone_and_address
PERSON01611,Vandana Jshi,,IIZCP3986Y,"421, Cross Street, Bhopal, Madhya Pradesh - 438788",1,1,ACC02208,REC003322,False,False,
PERSON01612,A. Sidhu,,SLSBR7778S,"629, Colony, Madurai, Tamil Nadu - 255207",1,1,ACC02209,REC003323,False,False,
PERSON01613,Rahul Kumar,8170407278,CCKNZ8012Z,"369, Cross Street, Thiruvananthapuram, Kerala - 693573",3,2,ACC02210;ACC02211,REC003324;REC003325;REC003326,False,False,R0_same_account;R1_same_pan;R2_phone_and_name_sim;R4_phone_and_address
PERSON01614,RITU THOMAS,9045572908,OOVQE8466H,"782, Nagar, Bhopal, Madhya Pradesh - 529517",5,3,ACC02212;ACC02213;ACC02214,REC003327;REC003328;REC003329;REC003330;REC003331,False,False,R0_same_account;R1_same_pan;R2_phone_and_name_sim;R3_address_and_name_sim;R4_phone_and_address;R5_initials;R6_reversed;R8_soundex
PERSON01615,Harish Pandey,8673783477,WHJCH7514G,,1,1,ACC02215,REC003332,False,False,
PERSON01616,Kalpana Shrma,8999225669,,"671, Layout, Madurai, Tamil Nadu - 167647",1,1,ACC02216,REC003333,False,False,
PERSON01617,Dinesh Shah,7711715639,MHRSG9478A,"512, Colony, Mumbai, Maharashtra - 311405",2,1,ACC02217,REC003334;REC003335,False,False,R0_same_account;R1_same_pan
PERSON01618,K. Ahmed,9624881614,OTIHV1753V,"182, Layout, Kolkata, West Bengal - 599760",1,1,ACC02218,REC003336,False,False,
PERSON01619,U. Sandhu,7608919093,,"10, Nagar, Bhopal, Madhya Pradesh - 602498",1,1,ACC02219,REC003337,False,False,
PERSON01620,JYOTI SANDHU,,LXDYM9775Z,"890, Cross Street, Mumbai, Maharashtra - 321084",2,1,ACC02220,REC003338;REC003339,False,False,R0_same_account;R3_address_and_name_sim
PERSON01621,Gurpreet Saxena & Sons,,ZFOVH6097P,,1,1,ACC02221,REC003340,False,False,
PERSON01622,Rohit Karu,8483908239,,"187, Extension, Madurai, Tamil Nadu - 175996",1,1,ACC02222,REC003341,False,False,
PERSON01623,S. Kumar,9647992203,LURYC0822X,"456, Cross Street, Nagpur, Maharashtra - 635745",5,4,ACC02223;ACC02224;ACC02225;ACC02226,REC003342;REC003343;REC003344;REC003345;REC003346,False,False,R0_same_account;R1_same_pan;R2_phone_and_name_sim;R3_address_and_name_sim;R4_phone_and_address
PERSON01624,Dinesh Kumra,9971441150,AYCYR9589P,"685, Main Road, Ahmedabad, Gujarat - 439424",3,2,ACC02227;ACC02228,REC003347;REC003348;REC003349,False,False,R0_same_account;R2_phone_and_name_sim;R3_address_and_name_sim;R4_phone_and_address
PERSON01625,Manoj Jain & Sons,6127652828,IGORG7402I,"758, Cross Street, Mumbai, Maharashtra - 584491",3,2,ACC02229;ACC02230,REC003350;REC003351;REC003352,False,False,R0_same_account;R1_same_pan;R2_phone_and_name_sim;R3_address_and_name_sim;R4_phone_and_address
PERSON01626,Gurpreet Mehta,6006790673,VIUOM4812B,"605, Extension, Madurai, Tamil Nadu - 237352",2,1,ACC02231,REC003353;REC003354,False,False,R0_same_account;R1_same_pan
PERSON01627,IMRAN REDDY,9495365417,FONEU6081H,"410, Extension, Madurai, Tamil Nadu - 649434",2,1,ACC02232,REC003355;REC003356,False,False,R0_same_account;R1_same_pan;R3_address_and_name_sim
PERSON01628,Harleen Mukherjee & Sons,6124548817,SHMJP8974A,"28, Cross Street, Kochi, Kerala - 579776",2,1,ACC02233,REC003357;REC003358,False,False,R0_same_account;R1_same_pan;R2_phone_and_name_sim;R3_address_and_name_sim;R4_phone_and_address
PERSON01629,Kalpana Kapoor & Sons,,RNGTA2236Q,"763, Avenue, Bengaluru, Karnataka - 672986",1,1,ACC02234,REC003359,False,False,
PERSON01630,RAVI GILL,9051164261,GROAQ4137R,"773, Nagar, Mumbai, Maharashtra - 124673",3,2,ACC02235;ACC02236,REC003360;REC003361;REC003362,False,False,R0_same_account;R1_same_pan;R2_phone_and_name_sim;R4_phone_and_address;R5_initials;R8_soundex
PERSON01631,Malik Sabiha,6954230908,HCVYW4931D,"473, Cross Street, Mysuru, Karnataka - 513946",3,2,ACC02237;ACC02238,REC003363;REC003364;REC003365,False,False,R0_same_account;R1_same_pan;R2_phone_and_name_sim;R3_address_and_name_sim;R4_phone_and_address
PERSON01632,ANNA PILLAI & SONS,9916290588,JKRKK8667Z,"699, Main Road, Thiruvananthapuram, Kerala - 462504",3,2,ACC02239;ACC02240,REC003366;REC003367;REC003368,False,False,R0_same_account;R1_same_pan;R4_phone_and_address
PERSON01633,NEHA CHAUHAN,,FMBFR9831S,"374, Extension, Chennai, Tamil Nadu - 459676",1,1,ACC02241,REC003369,False,False,
PERSON01634,Gill Anna,7959634561,GDAVZ4423G,"489, Colony, Mumbai, Maharashtra - 527434",1,1,ACC02242,REC003370,False,False,
PERSON01635,M. Chatterjee,8908680396,JBLZH2051H,"184, Layout, Madurai, Tamil Nadu - 209704",1,1,ACC02243,REC003371,False,False,
PERSON01636,Muthu Misrha,8087212255,QOWND4677L,,1,1,ACC02244,REC003372,False,False,
PERSON01637,Zubair Kapoor & Sons,9597543291,OKMJV2848T,"533, Cross Street, Patna, Bihar - 220928",2,1,ACC02245,REC003373;REC003374,False,False,R0_same_account;R1_same_pan
PERSON01638,Manoj Sheikh,7505049757,,"833, Layout, Kolkata, West Bengal - 676529",1,1,ACC02246,REC003375,False,False,
PERSON01639,MARY BOSE,7173417238,QFFWW3233B,"659, Cross Street, Jaipur, Rajasthan - 203980",3,2,ACC02247;ACC02248,REC003376;REC003377;REC003378,False,False,R0_same_account;R1_same_pan;R2_phone_and_name_sim;R3_address_and_name_sim;R4_phone_and_address
PERSON01640,Susan Varghese & Sons,9340557560,EFPAR0130C,"608, Cross Street, Chandigarh, Punjab - 694983",4,2,ACC02249;ACC02250,REC003379;REC003380;REC003381;REC003382,False,False,R0_same_account;R1_same_pan;R3_address_and_name_sim;R4_phone_and_address
PERSON01641,Anil Qureshi & Sons,9042981951,CNASE2926L,"164, Avenue, Mumbai, Maharashtra - 442632",1,1,ACC02251,REC003383,False,False,
PERSON01642,KRITIKA CHAUHAN,6501907993,LSNCO1146B,"444, Layout, Jaipur, Rajasthan - 302316",2,1,ACC02252,REC003384;REC003385,False,False,R0_same_account;R1_same_pan
PERSON01643,Patel Balaji,6495031029,KQYOL5840Q,"68, Extension, Kolkata, West Bengal - 259858",5,3,ACC02253;ACC02254;ACC02255,REC003386;REC003387;REC003388;REC003389;REC003390,False,False,R0_same_account;R1_same_pan;R2_phone_and_name_sim;R3_address_and_name_sim;R4_phone_and_address;R6_reversed
PERSON01644,Malhotra Vinod,9313885809,JWANE3610U,"163, Layout, Pune, Maharashtra - 649388",2,1,ACC02256,REC003391;REC003392,False,False,R0_same_account;R1_same_pan;R4_phone_and_address
PERSON01645,Saxena Vinod,8334025705,FNWQX9433R,"984, Nagar, Chennai, Tamil Nadu - 253435",4,2,ACC02257;ACC02258,REC003393;REC003394;REC003395;REC003396,False,False,R0_same_account;R2_phone_and_name_sim;R3_address_and_name_sim;R4_phone_and_address;R6_reversed
PERSON01646,Irfan Bansal & Sons,6614231129,UZENA2631A,"363, Nagar, Kochi, Kerala - 499196",2,1,ACC02259,REC003397;REC003398,False,False,R0_same_account;R3_address_and_name_sim
PERSON01647,Sidhu Rekha,6520262171,SCVPZ0313P,"629, Nagar, Lucknow, Uttar Pradesh - 255719",1,1,ACC02260,REC003399,False,False,
PERSON01648,Manisha Amhed,,ZCVKG6714P,"106, Main Road, Ahmedabad, Gujarat - 687707",2,1,ACC02261,REC003400;REC003401,False,False,R0_same_account;R1_same_pan
PERSON01649,Usha Banerjee & Sons,6011996215,TKKUQ3056G,"677, Colony, Delhi, Delhi - 665816",5,3,ACC02262;ACC02263;ACC02264,REC003402;REC003403;REC003404;REC003405;REC003406,False,False,R0_same_account;R1_same_pan;R2_phone_and_name_sim;R3_address_and_name_sim;R4_phone_and_address
PERSON01650,Yadav Shreya,8742558445,DAWHU4756O,"597, Layout, Nagpur, Maharashtra - 571308",2,1,ACC02265,REC003407;REC003408,False,False,R0_same_account;R1_same_pan;R4_phone_and_address
PERSON01651,GOPAL KUMAR,8764844983,PGQNC0172G,,1,1,ACC02266,REC003409,False,False,
PERSON01652,Bose Kavita,7355725278,RPOXK9514B,"108, Extension, Kolkata, West Bengal - 550594",2,1,ACC02267,REC003410;REC003411,False,False,R0_same_account;R4_phone_and_address
PERSON01653,Naveen Glil,8214015737,SAHXF0574V,"771, Nagar, Kochi, Kerala - 661413",5,3,ACC02268;ACC02269;ACC02270,REC003412;REC003413;REC003414;REC003415;REC003416,False,False,R0_same_account;R1_same_pan;R2_phone_and_name_sim;R3_address_and_name_sim;R4_phone_and_address
PERSON01654,Sabiha Tiwari & Sons,7536822810,VPQKY0319T,"901, Extension, Chandigarh, Punjab - 560372",4,2,ACC02271;ACC02272,REC003417;REC003418;REC003419;REC003420,False,False,R0_same_account;R1_same_pan;R2_phone_and_name_sim;R3_address_and_name_sim;R4_phone_and_address
PERSON01655,GAURAV KAUR,7735584334,WRBIY2502L,"880, Nagar, Thiruvananthapuram, Kerala - 387594",4,3,ACC02273;ACC02274;ACC02275,REC003421;REC003422;REC003423;REC003424,False,False,R0_same_account;R1_same_pan;R2_phone_and_name_sim;R3_address_and_name_sim;R4_phone_and_address
PERSON01656,Harish Dhillon,8835306666,HLQJB1847F,"636, Colony, Pune, Maharashtra - 263320",1,1,ACC02276,REC003425,False,False,
PERSON01657,Shreya Kapoor & Sons,6603552345,ENKYL0804C,"284, Main Road, Jaipur, Rajasthan - 169834",3,2,ACC02277;ACC02278,REC003426;REC003427;REC003428,False,False,R0_same_account;R1_same_pan;R4_phone_and_address
PERSON01658,K. Verma,8498625163,JMGIN2936Q,"998, Layout, Mysuru, Karnataka - 205378",4,2,ACC02279;ACC02280,REC003429;REC003430;REC003431;REC003432,False,False,R0_same_account;R1_same_pan;R2_phone_and_name_sim;R3_address_and_name_sim;R4_phone_and_address
PERSON01659,Pankaj Khna,,PKBVK3123G,"722, Colony, Jaipur, Rajasthan - 368759",1,1,ACC02281,REC003433,False,False,
PERSON01660,Ramesh Qureshi,9097573080,GBDXI3328N,,1,1,ACC02282,REC003434,False,False,
PERSON01661,Fatima Singh & Sons,9210010893,,"690, Colony, Bengaluru, Karnataka - 418291",2,1,ACC02283,REC003435;REC003436,False,False,R0_same_account;R2_phone_and_name_sim;R3_address_and_name_sim;R4_phone_and_address
PERSON01662,Sandeep Khan & Sons,7736151731,SQBEH2485X,"263, Main Road, Bhopal, Madhya Pradesh - 319224",2,2,ACC02284;ACC02285,REC003437;REC003438,False,False,R1_same_pan;R2_phone_and_name_sim;R3_address_and_name_sim;R4_phone_and_address
PERSON01663,Anjali Pillai,7876750061,VHNQE4755M,"316, Colony, Patna, Bihar - 449832",2,1,ACC02286,REC003439;REC003440,False,False,R0_same_account;R1_same_pan
PERSON01664,Sengupta Amandeep,6886440276,YNHAT5887L,"941, Cross Street, Mumbai, Maharashtra - 198948",3,2,ACC02287;ACC02288,REC003441;REC003442;REC003443,False,False,R0_same_account;R1_same_pan;R2_phone_and_name_sim
PERSON01665,Varghese Vasantha,6957594675,AVOUB0925E,"280, Extension, Surat, Gujarat - 272492",2,1,ACC02289,REC003444;REC003445,False,False,R0_same_account;R1_same_pan;R4_phone_and_address
PERSON01666,Vinod Gill & Sons,6950508782,GYRID5181Q,"369, Avenue, Coimbatore, Tamil Nadu - 252445",4,2,ACC02290;ACC02291,REC003446;REC003447;REC003448;REC003449,False,False,R0_same_account;R1_same_pan;R2_phone_and_name_sim;R3_address_and_name_sim;R4_phone_and_address
PERSON01667,VINOD MALHOTRA,9702608194,IMKNJ4798Y,"558, Main Road, Madurai, Tamil Nadu - 491170",2,1,ACC02292,REC003450;REC003451,False,False,R0_same_account;R1_same_pan;R3_address_and_name_sim
PERSON01668,NITHYA PANDEY,6177831587,HSAJB4286T,"2, Layout, Bengaluru, Karnataka - 609017",3,2,ACC02293;ACC02294,REC003452;REC003453;REC003454,False,False,R0_same_account;R2_phone_and_name_sim
PERSON01669,Aarti Dhillon & Sons,6182007763,IQYRV7343D,"456, Main Road, Ahmedabad, Gujarat - 347761",5,3,ACC02295;ACC02296;ACC02297,REC003455;REC003456;REC003457;REC003458;REC003459,False,False,R0_same_account;R1_same_pan;R2_phone_and_name_sim;R3_address_and_name_sim;R4_phone_and_address
PERSON01670,Gupta Thomas,8171499424,FCDGN0182Z,"100, Extension, Kochi, Kerala - 298305",1,1,ACC02298,REC003460,False,False,
PERSON01671,Fatima Dhillon & Sons,,TIWNC3361X,"174, Nagar, Jaipur, Rajasthan - 541546",1,1,ACC02299,REC003461,False,False,
PERSON01672,Priya Yadav,7825658230,,"686, Nagar, Hyderabad, Telangana - 175408",1,1,ACC02300,REC003462,False,False,
PERSON01673,Neha Glil,9633450832,GRZAX6220U,"411, Layout, Mysuru, Karnataka - 105258",2,1,ACC02301,REC003463;REC003464,False,False,R0_same_account;R4_phone_and_address
PERSON01674,Manoj Mehta & Sons,7701884684,GCTLB6772P,"281, Layout, Madurai, Tamil Nadu - 547775",2,1,ACC02302,REC003465;REC003466,False,False,R0_same_account;R1_same_pan;R2_phone_and_name_sim
PERSON01675,T. Pillai,7939055428,PASJV5211P,"941, Extension, Chennai, Tamil Nadu - 683374",3,2,ACC02303;ACC02304,REC003467;REC003468;REC003469,False,False,R0_same_account;R1_same_pan;R2_phone_and_name_sim
PERSON01676,V. Bansal,7754700881,SRRXN6680T,"402, Colony, Chennai, Tamil Nadu - 446302",4,2,ACC02305;ACC02306,REC003470;REC003471;REC003472;REC003473,False,False,R0_same_account;R1_same_pan;R3_address_and_name_sim
PERSON01677,Lakshmi Pllai,8607671941,HBCLP7362I,"914, Cross Street, Patna, Bihar - 459735",1,1,ACC02307,REC003474,False,False,
PERSON01678,IMRAN VARGHESE,7061078081,CSKRL9638B,"315, Nagar, Kochi, Kerala - 296557",2,2,ACC02308;ACC02309,REC003475;REC003476,False,False,R2_phone_and_name_sim
PERSON01679,Nisha Saxean,6902367733,CCEVM8757H,"774, Colony, Mumbai, Maharashtra - 433150",2,1,ACC02310,REC003477;REC003478,False,False,R0_same_account;R1_same_pan;R2_phone_and_name_sim;R3_address_and_name_sim;R4_phone_and_address
PERSON01680,Neha Sheikh,6478024975,BDEXB9799K,"572, Layout, Thiruvananthapuram, Kerala - 154878",3,2,ACC02311;ACC02312,REC003479;REC003480;REC003481,False,False,R0_same_account;R1_same_pan;R2_phone_and_name_sim;R3_address_and_name_sim;R4_phone_and_address
PERSON01681,Rajwinder Gupat,6128397554,BPTPS1409X,"796, Nagar, Mumbai, Maharashtra - 523833",1,1,ACC02313,REC003482,False,False,
PERSON01682,Vinod Joshi & Sons,6751157378,FZFCP1479A,"983, Cross Street, Chennai, Tamil Nadu - 690481",3,2,ACC02314;ACC02315,REC003483;REC003484;REC003485,False,False,R0_same_account;R1_same_pan;R2_phone_and_name_sim;R4_phone_and_address
PERSON01683,Meena Rao & Sons,6293363072,,"130, Cross Street, Bengaluru, Karnataka - 518094",1,1,ACC02316,REC003486,False,False,
PERSON01684,Manpreet Iyer & Sons,8303714695,ZRNCI7958O,"532, Extension, Kolkata, West Bengal - 288201",2,1,ACC02317,REC003487;REC003488,False,False,R0_same_account;R3_address_and_name_sim
PERSON01685,Joseph Varghese & Sons,6010008566,UNOFZ6721U,"262, Nagar, Chennai, Tamil Nadu - 494510",2,1,ACC02318,REC003489;REC003490,False,False,R0_same_account;R1_same_pan
PERSON01686,Zubair Ptael,,EMTWJ5706X,"268, Nagar, Delhi, Delhi - 352438",1,1,ACC02319,REC003491,False,False,
PERSON01687,REKHA PILLAI & SONS,,NULWP3320M,"777, Layout, Delhi, Delhi - 271446",2,2,ACC02320;ACC02321,REC003492;REC003493,False,False,R1_same_pan
PERSON01688,L. Mehta,8262836811,KSKJK7508Z,"360, Layout, Madurai, Tamil Nadu - 140915",1,1,ACC02322,REC003494,False,False,
PERSON01689,Naidu Imran,8153941667,KOAFV2256F,"350, Main Road, Madurai, Tamil Nadu - 548272",3,2,ACC02323;ACC02324,REC003495;REC003496;REC003497,False,False,R0_same_account;R1_same_pan;R4_phone_and_address
PERSON01690,Usha Agarwl,8005176275,BASRF6452I,"133, Colony, Bhopal, Madhya Pradesh - 274883",2,1,ACC02325,REC003498;REC003499,False,False,R0_same_account
PERSON01691,Pandey Sanjay,9359216661,JBABD1772H,"417, Layout, Bhopal, Madhya Pradesh - 216525",2,1,ACC02326,REC003500;REC003501,False,False,R0_same_account;R1_same_pan;R4_phone_and_address
PERSON01692,Kiran Saxena,6211681849,CFDGV0737B,"369, Layout, Thiruvananthapuram, Kerala - 126546",2,1,ACC02327,REC003502;REC003503,False,False,R0_same_account;R2_phone_and_name_sim
PERSON01693,Ritu Desai & Sons,6946442569,EHYBW0175G,"50, Avenue, Jaipur, Rajasthan - 467160",2,1,ACC02328,REC003504;REC003505,False,False,R0_same_account;R1_same_pan;R2_phone_and_name_sim;R3_address_and_name_sim;R4_phone_and_address
PERSON01694,Saxena Sunil,7554876911,VDDWR9514F,"898, Cross Street, Jaipur, Rajasthan - 111775",3,3,ACC02329;ACC02330;ACC02331,REC003506;REC003507;REC003508,False,False,R1_same_pan;R3_address_and_name_sim
PERSON01695,Malhotra Meena,,LDPUJ4129L,,1,1,ACC02332,REC003509,False,False,
PERSON01696,Gaurav Gill & Sons,,ODKUX5924W,"928, Cross Street, Lucknow, Uttar Pradesh - 618944",1,1,ACC02333,REC003510,False,False,
PERSON01697,MAHESH GUPTA,7503324778,KJBHJ1984U,"956, Extension, Chennai, Tamil Nadu - 181874",2,1,ACC02334,REC003511;REC003512,False,False,R0_same_account;R2_phone_and_name_sim
PERSON01698,N. Desai,8591261590,YNQNK5004J,"484, Avenue, Bengaluru, Karnataka - 415385",1,1,ACC02335,REC003513,False,False,
PERSON01699,Vikram Thomas,9954077841,EVJDF0939R,,1,1,ACC02336,REC003514,False,False,
PERSON01700,Karthik Jain & Sons,9987937172,HRUZU9602P,"202, Layout, Bhopal, Madhya Pradesh - 563681",2,1,ACC02337,REC003515;REC003516,False,False,R0_same_account;R2_phone_and_name_sim
PERSON01701,Vinod Pillai & Sons & Sons,9423270961,DLTBI4504H,"889, Colony, Ahmedabad, Gujarat - 596146",4,2,ACC02338;ACC02339,REC003517;REC003518;REC003519;REC003520,False,False,R0_same_account;R2_phone_and_name_sim;R3_address_and_name_sim;R4_phone_and_address
PERSON01702,Priya Sheikh,,PNQTC6818P,"34, Nagar, Chennai, Tamil Nadu - 617300",2,1,ACC02340,REC003521;REC003522,False,False,R0_same_account;R1_same_pan
PERSON01703,M. Shah,9540362955,BOCQD5281E,,1,1,ACC02341,REC003523,False,False,
PERSON01704,Dinesh Ahmed,9640485715,NKTHG6941Q,"251, Extension, Patna, Bihar - 617902",3,2,ACC02342;ACC02343,REC003524;REC003525;REC003526,False,False,R0_same_account;R1_same_pan;R3_address_and_name_sim;R4_phone_and_address
PERSON01705,SIMRAN SHEIKH,8365095312,PVGOI8699T,"178, Colony, Coimbatore, Tamil Nadu - 512010",2,1,ACC02344,REC003527;REC003528,False,False,R0_same_account;R1_same_pan
PERSON01706,Trivedi Amit,8056250757,SYYUE1578M,"792, Main Road, Chandigarh, Punjab - 156102",2,1,ACC02345,REC003529;REC003530,False,False,R0_same_account;R1_same_pan
PERSON01707,KRITIKA THOMAS,7102366249,HTNOW9667R,"938, Main Road, Delhi, Delhi - 575568",1,1,ACC02346,REC003531,False,False,
PERSON01708,Nisha Ghohs,9882819474,EJBGL6551T,"231, Avenue, Jaipur, Rajasthan - 451841",2,1,ACC02347,REC003532;REC003533,False,False,R0_same_account;R2_phone_and_name_sim
PERSON01709,Arjun Gosh,8503846020,TIMGO4196E,"628, Main Road, Coimbatore, Tamil Nadu - 654630",1,1,ACC02348,REC003534,False,False,
PERSON01710,Harleen Glil,,FWRSR7735B,,1,1,ACC02349,REC003535,False,False,
PERSON01711,Nair Nitin,6335220897,GLPOV4108K,,1,1,ACC02350,REC003536,False,False,
PERSON01712,Kumar Deepa,,XZINA2978D,"401, Main Road, Chandigarh, Punjab - 139571",1,1,ACC02351,REC003537,False,False,
PERSON01713,Dinesh Sidhu & Sons,7485257356,WWMXT3451G,"674, Nagar, Mumbai, Maharashtra - 546846",4,2,ACC02352;ACC02353,REC003538;REC003539;REC003540;REC003541,False,False,R0_same_account;R1_same_pan;R2_phone_and_name_sim;R6_reversed
PERSON01714,Sharma Swati,8095542304,YUGGA0446O,,1,1,ACC02354,REC003542,False,False,
PERSON01715,Sneha Twiari,6054280103,PSGKP6572D,,1,1,ACC02355,REC003543,False,False,
PERSON01716,Kalpana Vemra,6059477106,MYFQI1626D,"85, Nagar, Lucknow, Uttar Pradesh - 307921",2,1,ACC02356,REC003544;REC003545,False,False,R0_same_account;R4_phone_and_address
PERSON01717,Ramesh Sehikh,7335368383,KAQRA7468Q,"608, Nagar, Pune, Maharashtra - 141752",3,2,ACC02357;ACC02358,REC003546;REC003547;REC003548,False,False,R0_same_account;R1_same_pan;R4_phone_and_address
PERSON01718,Menon Manisha,9002887225,,,1,1,ACC02359,REC003549,False,False,
PERSON01719,Sarita Bansal & Sons,6339810107,LQIZP7457X,"601, Nagar, Kochi, Kerala - 513869",1,1,ACC02360,REC003550,False,False,
PERSON01720,Deepa Chatterjee & Sons,8273130801,TOHJG7463Z,"610, Extension, Coimbatore, Tamil Nadu - 263140",2,1,ACC02361,REC003551;REC003552,False,False,R0_same_account;R3_address_and_name_sim
PERSON01721,KIRAN PANDEY,8148645077,CYFPI9266G,"729, Layout, Ahmedabad, Gujarat - 250409",2,1,ACC02362,REC003553;REC003554,False,False,R0_same_account;R4_phone_and_address
PERSON01722,Swati Malhotra & Sons,7173122473,MUQZV7571W,"656, Layout, Thiruvananthapuram, Kerala - 528694",2,1,ACC02363,REC003555;REC003556,False,False,R0_same_account;R1_same_pan;R4_phone_and_address
PERSON01723,Shreya Duby,6607396842,CKLMB4702M,"459, Avenue, Bhopal, Madhya Pradesh - 154303",1,1,ACC02364,REC003557,False,False,
PERSON01724,VENKATESH SHAH,7470902699,VRZBL5279R,"533, Colony, Delhi, Delhi - 469185",2,1,ACC02365,REC003558;REC003559,False,False,R0_same_account;R1_same_pan;R2_phone_and_name_sim
PERSON01725,Sangeeta Gill & Sons,7000602559,YPNRI7377S,"674, Colony, Jaipur, Rajasthan - 518176",2,1,ACC02366,REC003560;REC003561,False,False,R0_same_account;R2_phone_and_name_sim;R3_address_and_name_sim;R4_phone_and_address
PERSON01726,Anita Chattejree,9385732767,,,1,1,ACC02367,REC003562,False,False,
PERSON01727,Dhillon Zubair,8612500081,HPMWY9837Y,,2,1,ACC02368,REC003563;REC003564,False,False,R0_same_account
PERSON01728,Simran Singh,7202629721,KZIDH7388X,"237, Cross Street, Pune, Maharashtra - 344419",2,1,ACC02369,REC003565;REC003566,False,False,R0_same_account;R1_same_pan;R3_address_and_name_sim
PERSON01729,Vijay Verma & Sons,8461880670,DZYTO9944E,"496, Colony, Pune, Maharashtra - 145433",2,1,ACC02370,REC003567;REC003568,False,False,R0_same_account
PERSON01730,V. Desai,8287317810,LIIPN9268H,"289, Colony, Delhi, Delhi - 229830",4,2,ACC02371;ACC02372,REC003569;REC003570;REC003571;REC003572,False,False,R0_same_account;R1_same_pan;R2_phone_and_name_sim;R3_address_and_name_sim;R4_phone_and_address
PERSON01731,Bansal Lakshmi,6654996320,BQSFC9587Y,"75, Extension, Ahmedabad, Gujarat - 693717",3,2,ACC02373;ACC02374,REC003573;REC003574;REC003575,False,False,R0_same_account;R1_same_pan;R2_phone_and_name_sim;R3_address_and_name_sim;R4_phone_and_address
PERSON01732,RAMESH MEHTA,7369720969,WTUNZ4195H,"878, Layout, Pune, Maharashtra - 652531",3,2,ACC02375;ACC02376,REC003576;REC003577;REC003578,False,False,R0_same_account;R1_same_pan;R2_phone_and_name_sim;R3_address_and_name_sim;R4_phone_and_address
PERSON01733,Padma Nadiu,9300585094,NBWBM8082C,"260, Main Road, Bengaluru, Karnataka - 415524",2,1,ACC02377,REC003579;REC003580,False,False,R0_same_account;R1_same_pan
PERSON01734,Sneha Mehta & Sons,6617570934,AJJMT2874Z,"809, Extension, Lucknow, Uttar Pradesh - 456254",2,1,ACC02378,REC003581;REC003582,False,False,R0_same_account;R1_same_pan
PERSON01735,Sangeeta Nair,6030942721,SWHMZ5816Y,"777, Main Road, Patna, Bihar - 298383",1,1,ACC02379,REC003583,False,False,
PERSON01736,Deepak Chatterjee & Sons,7902686237,CYCEN7935W,"744, Nagar, Surat, Gujarat - 622068",2,1,ACC02380,REC003584;REC003585,False,False,R0_same_account;R1_same_pan;R2_phone_and_name_sim
PERSON01737,LAKSHMI VERMA,8385743806,FYTAF9518L,"143, Main Road, Nagpur, Maharashtra - 297187",2,1,ACC02381,REC003586;REC003587,False,False,R0_same_account;R1_same_pan
PERSON01738,Sunil Johsi,9335415713,FMWAE7921T,"107, Colony, Chennai, Tamil Nadu - 247779",2,1,ACC02382,REC003588;REC003589,False,False,R0_same_account
PERSON01739,Balaji Nair & Sons,9029877808,KERDQ5963U,"502, Avenue, Mumbai, Maharashtra - 534176",2,1,ACC02383,REC003590;REC003591,False,False,R0_same_account;R2_phone_and_name_sim;R3_address_and_name_sim;R4_phone_and_address
PERSON01740,Sowmya Bose,7949247286,GIRRY2440L,"970, Avenue, Kochi, Kerala - 308868",1,1,ACC02384,REC003592,False,False,
PERSON01741,A. Ansari,6969038665,HTHNV5033I,"412, Main Road, Coimbatore, Tamil Nadu - 175016",5,3,ACC02385;ACC02386;ACC02387,REC003593;REC003594;REC003595;REC003596;REC003597,False,False,R0_same_account;R1_same_pan;R2_phone_and_name_sim;R4_phone_and_address
PERSON01742,Susan Shah & Sons,,UJOMJ4458O,"85, Avenue, Coimbatore, Tamil Nadu - 470711",1,1,ACC02388,REC003598,False,False,
PERSON01743,Trivedi Vinod,6090924245,RIVMM5177B,"668, Cross Street, Surat, Gujarat - 166576",2,1,ACC02389,REC003599;REC003600,False,False,R0_same_account;R1_same_pan
PERSON01744,Manisha Pillia,9848098539,SSHTO6844J,"938, Extension, Thiruvananthapuram, Kerala - 694859",3,2,ACC02390;ACC02391,REC003601;REC003602;REC003603,False,False,R0_same_account;R2_phone_and_name_sim;R3_address_and_name_sim;R4_phone_and_address
PERSON01745,ZEENAT SIDHU,9501426487,SLPAA9645G,,1,1,ACC02392,REC003604,False,False,
PERSON01746,R. Naidu,,EFNUB9906P,"405, Cross Street, Pune, Maharashtra - 569704",1,1,ACC02393,REC003605,False,False,
PERSON01747,Anil Dhillon,7940821916,XKGLO7468B,"281, Avenue, Coimbatore, Tamil Nadu - 128955",4,2,ACC02394;ACC02395,REC003606;REC003607;REC003608;REC003609,False,False,R0_same_account;R1_same_pan;R2_phone_and_name_sim;R3_address_and_name_sim;R4_phone_and_address
PERSON01748,Jyoti Chauan,7467940995,JLPGC1513Y,"124, Extension, Kolkata, West Bengal - 124599",1,1,ACC02396,REC003610,False,False,
PERSON01749,Neha Bhatt & Sons,6297273911,NXHWK8040K,"532, Main Road, Coimbatore, Tamil Nadu - 276738",3,3,ACC02397;ACC02398;ACC02399,REC003611;REC003612;REC003613,False,False,R1_same_pan;R2_phone_and_name_sim;R3_address_and_name_sim
PERSON01750,Sangeeta Thmoas,,ZKPDJ2637F,"442, Layout, Delhi, Delhi - 415084",2,2,ACC02400;ACC02401,REC003614;REC003615,False,False,R1_same_pan
PERSON01751,Ahmed Muthu,6498790144,XTWLE4436B,"495, Extension, Lucknow, Uttar Pradesh - 423169",1,1,ACC02402,REC003616,False,False,
PERSON01752,Pooja Bansl,9148243501,TGSMK4192K,"560, Cross Street, Coimbatore, Tamil Nadu - 370334",1,1,ACC02403,REC003617,False,False,
PERSON01753,Jain Rekha,7059463424,OMULZ7722R,"275, Extension, Thiruvananthapuram, Kerala - 162836",4,2,ACC02404;ACC02405,REC003618;REC003619;REC003620;REC003621,False,False,R0_same_account;R1_same_pan;R2_phone_and_name_sim;R3_address_and_name_sim;R4_phone_and_address;R6_reversed
PERSON01754,Vandana Sengupa,9408144646,CYKGJ1907T,"199, Avenue, Kolkata, West Bengal - 123495",2,1,ACC02406,REC003622;REC003623,False,False,R0_same_account;R1_same_pan
PERSON01755,Anita Pillai & Sons,9733579161,WGOUP9820L,"161, Avenue, Kolkata, West Bengal - 392774",2,1,ACC02407,REC003624;REC003625,False,False,R0_same_account
PERSON01756,PREETHI PATEL,7804209455,NSNBC3050J,"36, Layout, Chennai, Tamil Nadu - 193165",2,1,ACC02408,REC003626;REC003627,False,False,R0_same_account;R2_phone_and_name_sim;R3_address_and_name_sim;R4_phone_and_address
PERSON01757,Anita Joshi & Sons,7644436887,GNBEG6796G,"410, Main Road, Ahmedabad, Gujarat - 323483",2,1,ACC02409,REC003628;REC003629,False,False,R0_same_account;R1_same_pan
PERSON01758,Venkatesh Pillai & Sons & Sons,9549270973,,"384, Layout, Thiruvananthapuram, Kerala - 425670",1,1,ACC02410,REC003630,False,False,
PERSON01759,SWATI PILLAI,8632296610,NSOEB4586T,"122, Colony, Coimbatore, Tamil Nadu - 427044",3,2,ACC02411;ACC02412,REC003631;REC003632;REC003633,False,False,R0_same_account;R1_same_pan;R3_address_and_name_sim
PERSON01760,Khan Sandeep,8450272562,KCPFJ4331V,"633, Cross Street, Lucknow, Uttar Pradesh - 357074",3,2,ACC02413;ACC02414,REC003634;REC003635;REC003636,False,False,R0_same_account;R1_same_pan;R2_phone_and_name_sim;R4_phone_and_address
PERSON01761,Thomas Gill & Sons,,SRICH5068R,"222, Nagar, Bengaluru, Karnataka - 552825",2,1,ACC02415,REC003637;REC003638,False,False,R0_same_account;R1_same_pan
PERSON01762,Vasantha Ghosh & Sons,8325414674,BLVTW6649W,,1,1,ACC02416,REC003639,False,False,
PERSON01763,BALAJI CHAUHAN,7305924026,UDMGL6196J,"949, Main Road, Kolkata, West Bengal - 593647",1,1,ACC02417,REC003640,False,False,
PERSON01764,Mishra Shreya,7807373407,RREYT1674O,"711, Cross Street, Bengaluru, Karnataka - 460106",2,1,ACC02418,REC003641;REC003642,False,False,R0_same_account
PERSON01765,Dinesh Ghosh & Sons,8630012778,,"137, Nagar, Mysuru, Karnataka - 224656",1,1,ACC02419,REC003643,False,False,
PERSON01766,Anita Naiu,8823888356,MXJPK7992K,,1,1,ACC02420,REC003644,False,False,
PERSON01767,Bose Jaspreet,,MGGVM9401X,,1,1,ACC02421,REC003645,False,False,
PERSON01768,GEORGE SHAH,7325324517,LNCQS3180W,"983, Layout, Pune, Maharashtra - 235282",3,2,ACC02422;ACC02423,REC003646;REC003647;REC003648,False,False,R0_same_account;R1_same_pan;R2_phone_and_name_sim;R3_address_and_name_sim;R4_phone_and_address;R6_reversed
PERSON01769,Patel Dinesh,7520959588,,"398, Cross Street, Delhi, Delhi - 359051",1,1,ACC02424,REC003649,False,False,
PERSON01770,Harleen Ieyr,9781318126,VIHJV3332G,"848, Colony, Nagpur, Maharashtra - 474885",1,1,ACC02425,REC003650,False,False,
PERSON01771,Ritu Gputa,7849437748,,"72, Main Road, Hyderabad, Telangana - 592639",1,1,ACC02426,REC003651,False,False,
PERSON01772,PREETHI BOSE,7646126821,UOKST8153M,"258, Layout, Bengaluru, Karnataka - 662784",2,1,ACC02427,REC003652;REC003653,False,False,R0_same_account;R1_same_pan;R2_phone_and_name_sim;R3_address_and_name_sim;R4_phone_and_address
PERSON01773,Zubair Ansri,7026559733,WVHQE2297M,"79, Layout, Coimbatore, Tamil Nadu - 567212",1,1,ACC02428,REC003654,False,False,
PERSON01774,GAURAV QURESHI,,QQXTF3078R,"926, Colony, Coimbatore, Tamil Nadu - 388464",1,1,ACC02429,REC003655,False,False,
PERSON01775,Naveen Patel & Sons,6558196357,QRFHB8342O,"720, Layout, Mumbai, Maharashtra - 236397",1,1,ACC02430,REC003656,False,False,
PERSON01776,Naidu Rekha,6013698962,,"137, Colony, Chandigarh, Punjab - 220842",2,1,ACC02431,REC003657;REC003658,False,False,R0_same_account
PERSON01777,Manoj Kaur & Sons,6938302995,AMHXI0720B,"226, Colony, Delhi, Delhi - 193816",2,1,ACC02432,REC003659;REC003660,False,False,R0_same_account;R1_same_pan;R3_address_and_name_sim
PERSON01778,Ritu Kaur & Sons,8944570185,YSUZK9465S,"441, Colony, Coimbatore, Tamil Nadu - 560335",2,1,ACC02433,REC003661;REC003662,False,False,R0_same_account;R4_phone_and_address
PERSON01779,Zeenat Twari,6111005126,BWKAR8643N,"229, Main Road, Thiruvananthapuram, Kerala - 338203",2,2,ACC02434;ACC02435,REC003663;REC003664,False,False,R1_same_pan
PERSON01780,K. Naidu,,XLZNJ2517Y,"770, Layout, Lucknow, Uttar Pradesh - 586480",1,1,ACC02436,REC003665,False,False,
PERSON01781,Radha Ahmed & Sons,7136554027,HHVQI5178K,"805, Main Road, Ahmedabad, Gujarat - 546027",1,1,ACC02437,REC003666,False,False,
PERSON01782,Gupta Vinod,8075257958,BNLPS2028M,"111, Nagar, Pune, Maharashtra - 136445",2,1,ACC02438,REC003667;REC003668,False,False,R0_same_account
PERSON01783,THOMAS DAS,6863270577,FCDNK0858Z,"983, Extension, Delhi, Delhi - 450395",2,1,ACC02439,REC003669;REC003670,False,False,R0_same_account
PERSON01784,Iyer Neha,8074245574,WIIUT4139G,"853, Main Road, Madurai, Tamil Nadu - 376925",2,1,ACC02440,REC003671;REC003672,False,False,R0_same_account;R1_same_pan
PERSON01785,Sangeeta Ansair,8029677057,PALGT5502P,"382, Main Road, Mumbai, Maharashtra - 133273",2,1,ACC02441,REC003673;REC003674,False,False,R0_same_account;R1_same_pan;R2_phone_and_name_sim;R3_address_and_name_sim;R4_phone_and_address
PERSON01786,Pooja Gpta,7244302967,ZXXGW3855P,"57, Nagar, Coimbatore, Tamil Nadu - 550388",1,1,ACC02442,REC003675,False,False,
PERSON01787,Sneha Das,7345469795,LGQOB0690Q,"653, Avenue, Kochi, Kerala - 493022",2,1,ACC02443,REC003676;REC003677,False,False,R0_same_account;R1_same_pan;R4_phone_and_address
PERSON01788,Mahesh Naiud,,TOCJV8737L,"429, Extension, Bengaluru, Karnataka - 463539",2,1,ACC02444,REC003678;REC003679,False,False,R0_same_account;R1_same_pan
PERSON01789,Rajwinder Iyre,,BWUHC6793A,,1,1,ACC02445,REC003680,False,False,
PERSON01790,Manpreet Jain & Sons,7855300607,,"253, Extension, Bengaluru, Karnataka - 113816",2,1,ACC02446,REC003681;REC003682,False,False,R0_same_account
PERSON01791,HARLEEN MISHRA,6600266546,EAULF5969A,"162, Avenue, Kochi, Kerala - 235261",2,1,ACC02447,REC003683;REC003684,False,False,R0_same_account;R1_same_pan;R2_phone_and_name_sim;R3_address_and_name_sim;R4_phone_and_address
PERSON01792,Kavita Bose & Sons,7309352841,BVBJD8092K,"466, Extension, Patna, Bihar - 397469",2,1,ACC02448,REC003685;REC003686,False,False,R0_same_account;R1_same_pan
PERSON01793,Chauhan Shreya,7373884362,EYMJK0575I,"415, Extension, Mysuru, Karnataka - 389711",3,2,ACC02449;ACC02450,REC003687;REC003688;REC003689,False,False,R0_same_account;R1_same_pan;R2_phone_and_name_sim
PERSON01794,KAVITA RAO,6348697352,YPSUP8295S,"312, Cross Street, Bengaluru, Karnataka - 620391",2,1,ACC02451,REC003690;REC003691,False,False,R0_same_account;R4_phone_and_address
PERSON01795,FATIMA THOMAS,9116808338,OAWIK5912D,"813, Main Road, Delhi, Delhi - 557852",3,2,ACC02452;ACC02453,REC003692;REC003693;REC003694,False,False,R0_same_account;R2_phone_and_name_sim;R5_initials;R8_soundex
PERSON01796,Pandey Manisha,8997488344,XNSGV1501I,"48, Nagar, Jaipur, Rajasthan - 600133",1,1,ACC02454,REC003695,False,False,
PERSON01797,Iyer Sowmya,9201389923,MVRZC1872L,"390, Extension, Bhopal, Madhya Pradesh - 417207",3,2,ACC02455;ACC02456,REC003696;REC003697;REC003698,False,False,R0_same_account;R1_same_pan;R3_address_and_name_sim;R6_reversed
PERSON01798,Rekha Jani,6196089033,RLZIX8908C,"529, Cross Street, Mumbai, Maharashtra - 579740",1,1,ACC02457,REC003699,False,False,
PERSON01799,Balaji Saxena & Sons,6764615677,PWJUH6883V,"234, Extension, Kochi, Kerala - 515648",3,2,ACC02458;ACC02459,REC003700;REC003701;REC003702,False,False,R0_same_account;R1_same_pan;R2_phone_and_name_sim;R3_address_and_name_sim;R4_phone_and_address
PERSON01800,Rohit Ansrai,7847715742,XJCUH3868V,"41, Nagar, Coimbatore, Tamil Nadu - 304124",2,1,ACC02460,REC003703;REC003704,False,False,R0_same_account;R1_same_pan;R2_phone_and_name_sim
PERSON01801,Divya Gupta & Sons,9856866621,ELFMU7349C,"132, Avenue, Ahmedabad, Gujarat - 367418",2,1,ACC02461,REC003705;REC003706,False,False,R0_same_account;R2_phone_and_name_sim
PERSON01802,Geeta Joshi & Sons,8571992236,UGJZF5568E,"484, Nagar, Chennai, Tamil Nadu - 267888",2,1,ACC02462,REC003707;REC003708,False,False,R0_same_account;R1_same_pan;R3_address_and_name_sim
PERSON01803,Manisha Mukherjee & Sons,9742789013,QJSYM6133V,"850, Layout, Chennai, Tamil Nadu - 127546",3,2,ACC02463;ACC02464,REC003709;REC003710;REC003711,False,False,R0_same_account;R1_same_pan;R2_phone_and_name_sim;R3_address_and_name_sim;R4_phone_and_address
PERSON01804,Anil Reddy,,ZCQBB6211P,"760, Main Road, Bengaluru, Karnataka - 487745",2,1,ACC02465,REC003712;REC003713,False,False,R0_same_account
PERSON01805,V. Rao,6910139581,BAMUQ6487L,"613, Nagar, Kochi, Kerala - 408435",4,2,ACC02466;ACC02467,REC003714;REC003715;REC003716;REC003717,False,False,R0_same_account;R1_same_pan;R3_address_and_name_sim;R5_initials
PERSON01806,Anna Sandhu & Sons,8893364012,GRQKQ1480B,"597, Cross Street, Nagpur, Maharashtra - 489316",4,2,ACC02468;ACC02469,REC003718;REC003719;REC003720;REC003721,False,False,R0_same_account;R1_same_pan;R2_phone_and_name_sim;R6_reversed
PERSON01807,Nitin Sidhu & Sons,7551958868,ANNKM4193B,"912, Nagar, Bengaluru, Karnataka - 559385",2,1,ACC02470,REC003722;REC003723,False,False,R0_same_account;R1_same_pan;R2_phone_and_name_sim;R3_address_and_name_sim;R4_phone_and_address
PERSON01808,Divya Banerjee & Sons,8057653247,TAUGP0475D,"198, Avenue, Pune, Maharashtra - 488382",4,2,ACC02471;ACC02472,REC003724;REC003725;REC003726;REC003727,False,False,R0_same_account;R1_same_pan;R3_address_and_name_sim;R5_initials;R8_soundex
PERSON01809,VIKRAM PATEL,9937148899,LFMBU7434O,"53, Nagar, Chandigarh, Punjab - 136159",1,1,ACC02473,REC003728,False,False,
PERSON01810,RADHA MISHRA,8274797039,FEWQW6084M,,2,1,ACC02474,REC003729;REC003730,False,False,R0_same_account;R1_same_pan
PERSON01811,Gurpreet Thomas,8292681141,UGGDK9661U,"477, Cross Street, Bengaluru, Karnataka - 207425",3,2,ACC02475;ACC02476,REC003731;REC003732;REC003733,False,False,R0_same_account;R1_same_pan;R4_phone_and_address
PERSON01812,Ghosh Susan,7930532616,,"412, Colony, Thiruvananthapuram, Kerala - 320227",1,1,ACC02477,REC003734,False,False,
PERSON01813,Neha Pillai & Sons & Sons,8829369821,PNWOM7902V,"848, Layout, Ahmedabad, Gujarat - 424469",2,1,ACC02478,REC003735;REC003736,False,False,R0_same_account
PERSON01814,Anil Das,7002886063,HVARD6658H,"173, Cross Street, Surat, Gujarat - 552414",1,1,ACC02479,REC003737,False,False,
PERSON01815,Sunita Johi,8296843830,HEPRF5703W,"384, Extension, Pune, Maharashtra - 401582",1,1,ACC02480,REC003738,False,False,
PERSON01816,Ashok Gill,7194692440,JKXXO3031J,"267, Cross Street, Madurai, Tamil Nadu - 239002",5,3,ACC02481;ACC02482;ACC02483,REC003739;REC003740;REC003741;REC003742;REC003743,False,False,R0_same_account;R1_same_pan;R2_phone_and_name_sim;R3_address_and_name_sim;R4_phone_and_address
PERSON01817,Rohit Signh,6185474860,AOVKS1981C,"614, Cross Street, Mysuru, Karnataka - 226495",1,1,ACC02484,REC003744,False,False,
PERSON01818,Yadav Balaji,8134350242,GIOWJ6275D,"923, Extension, Patna, Bihar - 120622",1,1,ACC02485,REC003745,False,False,
PERSON01819,Anjali Gohsh,9420371085,NKBJX8751E,"325, Cross Street, Mysuru, Karnataka - 162945",2,1,ACC02486,REC003746;REC003747,False,False,R0_same_account;R1_same_pan;R2_phone_and_name_sim;R3_address_and_name_sim;R4_phone_and_address
PERSON01820,Harleen Bhatt & Sons,9482417742,KIMEL8655E,"684, Layout, Bengaluru, Karnataka - 108582",4,2,ACC02487;ACC02488,REC003748;REC003749;REC003750;REC003751,False,False,R0_same_account;R1_same_pan;R2_phone_and_name_sim;R4_phone_and_address
PERSON01821,Ghosh Neha,7522320522,AINOQ3601Y,"143, Nagar, Madurai, Tamil Nadu - 492672",3,2,ACC02489;ACC02490,REC003752;REC003753;REC003754,False,False,R0_same_account;R1_same_pan;R4_phone_and_address
PERSON01822,Deepa Sahrma,9240669588,ONOQS4143X,"590, Layout, Kolkata, West Bengal - 344295",1,1,ACC02491,REC003755,False,False,
PERSON01823,Kumar Deepa,6903038092,,"242, Avenue, Ahmedabad, Gujarat - 221457",1,1,ACC02492,REC003756,False,False,
PERSON01824,Sowmya Desai,7497283664,ZAKSR8558R,"58, Avenue, Thiruvananthapuram, Kerala - 121413",2,1,ACC02493,REC003757;REC003758,False,False,R0_same_account;R2_phone_and_name_sim;R3_address_and_name_sim;R4_phone_and_address
PERSON01825,Ghosh Anita,6648517048,DSHNC3298E,"617, Avenue, Delhi, Delhi - 667475",1,1,ACC02494,REC003759,False,False,
PERSON01826,Shreya Mehta & Sons,8605519216,QNSRL2860U,"632, Avenue, Madurai, Tamil Nadu - 174761",3,2,ACC02495;ACC02496,REC003760;REC003761;REC003762,False,False,R0_same_account;R1_same_pan;R2_phone_and_name_sim;R3_address_and_name_sim;R4_phone_and_address
PERSON01827,NISHA TRIVEDI,8242033324,TTJZG5881I,"557, Main Road, Ahmedabad, Gujarat - 323961",3,2,ACC02497;ACC02498,REC003763;REC003764;REC003765,False,False,R0_same_account;R1_same_pan;R2_phone_and_name_sim;R4_phone_and_address
PERSON01828,Sharma Zubair,8622758222,CJRYQ6370H,"393, Avenue, Bhopal, Madhya Pradesh - 155032",3,2,ACC02499;ACC02500,REC003766;REC003767;REC003768,False,False,R0_same_account;R1_same_pan;R4_phone_and_address
